rem,seccion,seccion_nombre,codigo_prestacion,detalle_prestacion,codigo_columna,columna_excel,columna_indice_excel,columna_detalle,columna_categoria,columna_subcategoria,columna_sub_subcategoria,columna_nivel_4,columna_nivel_5,columna_niveles,fila_excel
P4,A,PROGRAMA SALUD CARDIOVASCULAR (PSCV),P4150100,NUMERO DE PERSONAS EN PSCV,COL01,D,4,TOTAL - Ambos sexos,TOTAL,Ambos sexos,,,,"['TOTAL', 'Ambos sexos']",12
P4,A,PROGRAMA SALUD CARDIOVASCULAR (PSCV),P4150100,NUMERO DE PERSONAS EN PSCV,COL02,E,5,TOTAL - Hombres,TOTAL,Hombres,,,,"['TOTAL', 'Hombres']",12
P4,A,PROGRAMA SALUD CARDIOVASCULAR (PSCV),P4150100,NUMERO DE PERSONAS EN PSCV,COL03,F,6,TOTAL - Mujeres,TOTAL,Mujeres,,,,"['TOTAL', 'Mujeres']",12
P4,A,PROGRAMA SALUD CARDIOVASCULAR (PSCV),P4150100,NUMERO DE PERSONAS EN PSCV,COL04,G,7,RANGO ETARIO Y SEXO - 15 a 19 años - Hombres,RANGO ETARIO Y SEXO,15 a 19 años,Hombres,,,"['RANGO ETARIO Y SEXO', '15 a 19 años', 'Hombres']",12
P4,A,PROGRAMA SALUD CARDIOVASCULAR (PSCV),P4150100,NUMERO DE PERSONAS EN PSCV,COL05,H,8,RANGO ETARIO Y SEXO - 15 a 19 años - Mujeres,RANGO ETARIO Y SEXO,15 a 19 años,Mujeres,,,"['RANGO ETARIO Y SEXO', '15 a 19 años', 'Mujeres']",12
P4,A,PROGRAMA SALUD CARDIOVASCULAR (PSCV),P4150100,NUMERO DE PERSONAS EN PSCV,COL06,I,9,RANGO ETARIO Y SEXO - 20 a 24 años - Hombres,RANGO ETARIO Y SEXO,20 a 24 años,Hombres,,,"['RANGO ETARIO Y SEXO', '20 a 24 años', 'Hombres']",12
P4,A,PROGRAMA SALUD CARDIOVASCULAR (PSCV),P4150100,NUMERO DE PERSONAS EN PSCV,COL07,J,10,RANGO ETARIO Y SEXO - 20 a 24 años - Mujeres,RANGO ETARIO Y SEXO,20 a 24 años,Mujeres,,,"['RANGO ETARIO Y SEXO', '20 a 24 años', 'Mujeres']",12
P4,A,PROGRAMA SALUD CARDIOVASCULAR (PSCV),P4150100,NUMERO DE PERSONAS EN PSCV,COL08,K,11,RANGO ETARIO Y SEXO - 25 a 29 años - Hombres,RANGO ETARIO Y SEXO,25 a 29 años,Hombres,,,"['RANGO ETARIO Y SEXO', '25 a 29 años', 'Hombres']",12
P4,A,PROGRAMA SALUD CARDIOVASCULAR (PSCV),P4150100,NUMERO DE PERSONAS EN PSCV,COL09,L,12,RANGO ETARIO Y SEXO - 25 a 29 años - Mujeres,RANGO ETARIO Y SEXO,25 a 29 años,Mujeres,,,"['RANGO ETARIO Y SEXO', '25 a 29 años', 'Mujeres']",12
P4,A,PROGRAMA SALUD CARDIOVASCULAR (PSCV),P4150100,NUMERO DE PERSONAS EN PSCV,COL10,M,13,RANGO ETARIO Y SEXO - 30 a 34 años - Hombres,RANGO ETARIO Y SEXO,30 a 34 años,Hombres,,,"['RANGO ETARIO Y SEXO', '30 a 34 años', 'Hombres']",12
P4,A,PROGRAMA SALUD CARDIOVASCULAR (PSCV),P4150100,NUMERO DE PERSONAS EN PSCV,COL11,N,14,RANGO ETARIO Y SEXO - 30 a 34 años - Mujeres,RANGO ETARIO Y SEXO,30 a 34 años,Mujeres,,,"['RANGO ETARIO Y SEXO', '30 a 34 años', 'Mujeres']",12
P4,A,PROGRAMA SALUD CARDIOVASCULAR (PSCV),P4150100,NUMERO DE PERSONAS EN PSCV,COL12,O,15,RANGO ETARIO Y SEXO - 35 a 39 años - Hombres,RANGO ETARIO Y SEXO,35 a 39 años,Hombres,,,"['RANGO ETARIO Y SEXO', '35 a 39 años', 'Hombres']",12
P4,A,PROGRAMA SALUD CARDIOVASCULAR (PSCV),P4150100,NUMERO DE PERSONAS EN PSCV,COL13,P,16,RANGO ETARIO Y SEXO - 35 a 39 años - Mujeres,RANGO ETARIO Y SEXO,35 a 39 años,Mujeres,,,"['RANGO ETARIO Y SEXO', '35 a 39 años', 'Mujeres']",12
P4,A,PROGRAMA SALUD CARDIOVASCULAR (PSCV),P4150100,NUMERO DE PERSONAS EN PSCV,COL14,Q,17,RANGO ETARIO Y SEXO - 40 a 44 años - Hombres,RANGO ETARIO Y SEXO,40 a 44 años,Hombres,,,"['RANGO ETARIO Y SEXO', '40 a 44 años', 'Hombres']",12
P4,A,PROGRAMA SALUD CARDIOVASCULAR (PSCV),P4150100,NUMERO DE PERSONAS EN PSCV,COL15,R,18,RANGO ETARIO Y SEXO - 40 a 44 años - Mujeres,RANGO ETARIO Y SEXO,40 a 44 años,Mujeres,,,"['RANGO ETARIO Y SEXO', '40 a 44 años', 'Mujeres']",12
P4,A,PROGRAMA SALUD CARDIOVASCULAR (PSCV),P4150100,NUMERO DE PERSONAS EN PSCV,COL16,S,19,RANGO ETARIO Y SEXO - 45 a 49 años - Hombres,RANGO ETARIO Y SEXO,45 a 49 años,Hombres,,,"['RANGO ETARIO Y SEXO', '45 a 49 años', 'Hombres']",12
P4,A,PROGRAMA SALUD CARDIOVASCULAR (PSCV),P4150100,NUMERO DE PERSONAS EN PSCV,COL17,T,20,RANGO ETARIO Y SEXO - 45 a 49 años - Mujeres,RANGO ETARIO Y SEXO,45 a 49 años,Mujeres,,,"['RANGO ETARIO Y SEXO', '45 a 49 años', 'Mujeres']",12
P4,A,PROGRAMA SALUD CARDIOVASCULAR (PSCV),P4150100,NUMERO DE PERSONAS EN PSCV,COL18,U,21,RANGO ETARIO Y SEXO - 50 a 54 años - Hombres,RANGO ETARIO Y SEXO,50 a 54 años,Hombres,,,"['RANGO ETARIO Y SEXO', '50 a 54 años', 'Hombres']",12
P4,A,PROGRAMA SALUD CARDIOVASCULAR (PSCV),P4150100,NUMERO DE PERSONAS EN PSCV,COL19,V,22,RANGO ETARIO Y SEXO - 50 a 54 años - Mujeres,RANGO ETARIO Y SEXO,50 a 54 años,Mujeres,,,"['RANGO ETARIO Y SEXO', '50 a 54 años', 'Mujeres']",12
P4,A,PROGRAMA SALUD CARDIOVASCULAR (PSCV),P4150100,NUMERO DE PERSONAS EN PSCV,COL20,W,23,RANGO ETARIO Y SEXO - 55 a 59 años - Hombres,RANGO ETARIO Y SEXO,55 a 59 años,Hombres,,,"['RANGO ETARIO Y SEXO', '55 a 59 años', 'Hombres']",12
P4,A,PROGRAMA SALUD CARDIOVASCULAR (PSCV),P4150100,NUMERO DE PERSONAS EN PSCV,COL21,X,24,RANGO ETARIO Y SEXO - 55 a 59 años - Mujeres,RANGO ETARIO Y SEXO,55 a 59 años,Mujeres,,,"['RANGO ETARIO Y SEXO', '55 a 59 años', 'Mujeres']",12
P4,A,PROGRAMA SALUD CARDIOVASCULAR (PSCV),P4150100,NUMERO DE PERSONAS EN PSCV,COL22,Y,25,RANGO ETARIO Y SEXO - 60 a 64 años - Hombres,RANGO ETARIO Y SEXO,60 a 64 años,Hombres,,,"['RANGO ETARIO Y SEXO', '60 a 64 años', 'Hombres']",12
P4,A,PROGRAMA SALUD CARDIOVASCULAR (PSCV),P4150100,NUMERO DE PERSONAS EN PSCV,COL23,Z,26,RANGO ETARIO Y SEXO - 60 a 64 años - Mujeres,RANGO ETARIO Y SEXO,60 a 64 años,Mujeres,,,"['RANGO ETARIO Y SEXO', '60 a 64 años', 'Mujeres']",12
P4,A,PROGRAMA SALUD CARDIOVASCULAR (PSCV),P4150100,NUMERO DE PERSONAS EN PSCV,COL24,AA,27,RANGO ETARIO Y SEXO - 65 a 69 años - Hombres,RANGO ETARIO Y SEXO,65 a 69 años,Hombres,,,"['RANGO ETARIO Y SEXO', '65 a 69 años', 'Hombres']",12
P4,A,PROGRAMA SALUD CARDIOVASCULAR (PSCV),P4150100,NUMERO DE PERSONAS EN PSCV,COL25,AB,28,RANGO ETARIO Y SEXO - 65 a 69 años - Mujeres,RANGO ETARIO Y SEXO,65 a 69 años,Mujeres,,,"['RANGO ETARIO Y SEXO', '65 a 69 años', 'Mujeres']",12
P4,A,PROGRAMA SALUD CARDIOVASCULAR (PSCV),P4150100,NUMERO DE PERSONAS EN PSCV,COL26,AC,29,RANGO ETARIO Y SEXO - 70 a 74 años - Hombres,RANGO ETARIO Y SEXO,70 a 74 años,Hombres,,,"['RANGO ETARIO Y SEXO', '70 a 74 años', 'Hombres']",12
P4,A,PROGRAMA SALUD CARDIOVASCULAR (PSCV),P4150100,NUMERO DE PERSONAS EN PSCV,COL27,AD,30,RANGO ETARIO Y SEXO - 70 a 74 años - Mujeres,RANGO ETARIO Y SEXO,70 a 74 años,Mujeres,,,"['RANGO ETARIO Y SEXO', '70 a 74 años', 'Mujeres']",12
P4,A,PROGRAMA SALUD CARDIOVASCULAR (PSCV),P4150100,NUMERO DE PERSONAS EN PSCV,COL28,AE,31,RANGO ETARIO Y SEXO - 75 a 79 años - Hombres,RANGO ETARIO Y SEXO,75 a 79 años,Hombres,,,"['RANGO ETARIO Y SEXO', '75 a 79 años', 'Hombres']",12
P4,A,PROGRAMA SALUD CARDIOVASCULAR (PSCV),P4150100,NUMERO DE PERSONAS EN PSCV,COL29,AF,32,RANGO ETARIO Y SEXO - 75 a 79 años - Mujeres,RANGO ETARIO Y SEXO,75 a 79 años,Mujeres,,,"['RANGO ETARIO Y SEXO', '75 a 79 años', 'Mujeres']",12
P4,A,PROGRAMA SALUD CARDIOVASCULAR (PSCV),P4150100,NUMERO DE PERSONAS EN PSCV,COL30,AG,33,RANGO ETARIO Y SEXO - 80 y más años - Hombres,RANGO ETARIO Y SEXO,80 y más años,Hombres,,,"['RANGO ETARIO Y SEXO', '80 y más años', 'Hombres']",12
P4,A,PROGRAMA SALUD CARDIOVASCULAR (PSCV),P4150100,NUMERO DE PERSONAS EN PSCV,COL31,AH,34,RANGO ETARIO Y SEXO - 80 y más años - Mujeres,RANGO ETARIO Y SEXO,80 y más años,Mujeres,,,"['RANGO ETARIO Y SEXO', '80 y más años', 'Mujeres']",12
P4,A,PROGRAMA SALUD CARDIOVASCULAR (PSCV),P4150100,NUMERO DE PERSONAS EN PSCV,COL32,AI,35,Pueblos Originarios - Hombres,Pueblos Originarios,Hombres,,,,"['Pueblos Originarios', 'Hombres']",12
P4,A,PROGRAMA SALUD CARDIOVASCULAR (PSCV),P4150100,NUMERO DE PERSONAS EN PSCV,COL33,AJ,36,Pueblos Originarios - Mujeres,Pueblos Originarios,Mujeres,,,,"['Pueblos Originarios', 'Mujeres']",12
P4,A,PROGRAMA SALUD CARDIOVASCULAR (PSCV),P4150100,NUMERO DE PERSONAS EN PSCV,COL34,AK,37,Migrantes - Hombres,Migrantes,Hombres,,,,"['Migrantes', 'Hombres']",12
P4,A,PROGRAMA SALUD CARDIOVASCULAR (PSCV),P4150100,NUMERO DE PERSONAS EN PSCV,COL35,AL,38,Migrantes - Mujeres,Migrantes,Mujeres,,,,"['Migrantes', 'Mujeres']",12
P4,A,PROGRAMA SALUD CARDIOVASCULAR (PSCV),P4190100,Clasificación del Riesgo Cardiovascular - Bajo,COL01,D,4,TOTAL - Ambos sexos,TOTAL,Ambos sexos,,,,"['TOTAL', 'Ambos sexos']",13
P4,A,PROGRAMA SALUD CARDIOVASCULAR (PSCV),P4190100,Clasificación del Riesgo Cardiovascular - Bajo,COL02,E,5,TOTAL - Hombres,TOTAL,Hombres,,,,"['TOTAL', 'Hombres']",13
P4,A,PROGRAMA SALUD CARDIOVASCULAR (PSCV),P4190100,Clasificación del Riesgo Cardiovascular - Bajo,COL03,F,6,TOTAL - Mujeres,TOTAL,Mujeres,,,,"['TOTAL', 'Mujeres']",13
P4,A,PROGRAMA SALUD CARDIOVASCULAR (PSCV),P4190100,Clasificación del Riesgo Cardiovascular - Bajo,COL04,G,7,RANGO ETARIO Y SEXO - 15 a 19 años - Hombres,RANGO ETARIO Y SEXO,15 a 19 años,Hombres,,,"['RANGO ETARIO Y SEXO', '15 a 19 años', 'Hombres']",13
P4,A,PROGRAMA SALUD CARDIOVASCULAR (PSCV),P4190100,Clasificación del Riesgo Cardiovascular - Bajo,COL05,H,8,RANGO ETARIO Y SEXO - 15 a 19 años - Mujeres,RANGO ETARIO Y SEXO,15 a 19 años,Mujeres,,,"['RANGO ETARIO Y SEXO', '15 a 19 años', 'Mujeres']",13
P4,A,PROGRAMA SALUD CARDIOVASCULAR (PSCV),P4190100,Clasificación del Riesgo Cardiovascular - Bajo,COL06,I,9,RANGO ETARIO Y SEXO - 20 a 24 años - Hombres,RANGO ETARIO Y SEXO,20 a 24 años,Hombres,,,"['RANGO ETARIO Y SEXO', '20 a 24 años', 'Hombres']",13
P4,A,PROGRAMA SALUD CARDIOVASCULAR (PSCV),P4190100,Clasificación del Riesgo Cardiovascular - Bajo,COL07,J,10,RANGO ETARIO Y SEXO - 20 a 24 años - Mujeres,RANGO ETARIO Y SEXO,20 a 24 años,Mujeres,,,"['RANGO ETARIO Y SEXO', '20 a 24 años', 'Mujeres']",13
P4,A,PROGRAMA SALUD CARDIOVASCULAR (PSCV),P4190100,Clasificación del Riesgo Cardiovascular - Bajo,COL08,K,11,RANGO ETARIO Y SEXO - 25 a 29 años - Hombres,RANGO ETARIO Y SEXO,25 a 29 años,Hombres,,,"['RANGO ETARIO Y SEXO', '25 a 29 años', 'Hombres']",13
P4,A,PROGRAMA SALUD CARDIOVASCULAR (PSCV),P4190100,Clasificación del Riesgo Cardiovascular - Bajo,COL09,L,12,RANGO ETARIO Y SEXO - 25 a 29 años - Mujeres,RANGO ETARIO Y SEXO,25 a 29 años,Mujeres,,,"['RANGO ETARIO Y SEXO', '25 a 29 años', 'Mujeres']",13
P4,A,PROGRAMA SALUD CARDIOVASCULAR (PSCV),P4190100,Clasificación del Riesgo Cardiovascular - Bajo,COL10,M,13,RANGO ETARIO Y SEXO - 30 a 34 años - Hombres,RANGO ETARIO Y SEXO,30 a 34 años,Hombres,,,"['RANGO ETARIO Y SEXO', '30 a 34 años', 'Hombres']",13
P4,A,PROGRAMA SALUD CARDIOVASCULAR (PSCV),P4190100,Clasificación del Riesgo Cardiovascular - Bajo,COL11,N,14,RANGO ETARIO Y SEXO - 30 a 34 años - Mujeres,RANGO ETARIO Y SEXO,30 a 34 años,Mujeres,,,"['RANGO ETARIO Y SEXO', '30 a 34 años', 'Mujeres']",13
P4,A,PROGRAMA SALUD CARDIOVASCULAR (PSCV),P4190100,Clasificación del Riesgo Cardiovascular - Bajo,COL12,O,15,RANGO ETARIO Y SEXO - 35 a 39 años - Hombres,RANGO ETARIO Y SEXO,35 a 39 años,Hombres,,,"['RANGO ETARIO Y SEXO', '35 a 39 años', 'Hombres']",13
P4,A,PROGRAMA SALUD CARDIOVASCULAR (PSCV),P4190100,Clasificación del Riesgo Cardiovascular - Bajo,COL13,P,16,RANGO ETARIO Y SEXO - 35 a 39 años - Mujeres,RANGO ETARIO Y SEXO,35 a 39 años,Mujeres,,,"['RANGO ETARIO Y SEXO', '35 a 39 años', 'Mujeres']",13
P4,A,PROGRAMA SALUD CARDIOVASCULAR (PSCV),P4190100,Clasificación del Riesgo Cardiovascular - Bajo,COL14,Q,17,RANGO ETARIO Y SEXO - 40 a 44 años - Hombres,RANGO ETARIO Y SEXO,40 a 44 años,Hombres,,,"['RANGO ETARIO Y SEXO', '40 a 44 años', 'Hombres']",13
P4,A,PROGRAMA SALUD CARDIOVASCULAR (PSCV),P4190100,Clasificación del Riesgo Cardiovascular - Bajo,COL15,R,18,RANGO ETARIO Y SEXO - 40 a 44 años - Mujeres,RANGO ETARIO Y SEXO,40 a 44 años,Mujeres,,,"['RANGO ETARIO Y SEXO', '40 a 44 años', 'Mujeres']",13
P4,A,PROGRAMA SALUD CARDIOVASCULAR (PSCV),P4190100,Clasificación del Riesgo Cardiovascular - Bajo,COL16,S,19,RANGO ETARIO Y SEXO - 45 a 49 años - Hombres,RANGO ETARIO Y SEXO,45 a 49 años,Hombres,,,"['RANGO ETARIO Y SEXO', '45 a 49 años', 'Hombres']",13
P4,A,PROGRAMA SALUD CARDIOVASCULAR (PSCV),P4190100,Clasificación del Riesgo Cardiovascular - Bajo,COL17,T,20,RANGO ETARIO Y SEXO - 45 a 49 años - Mujeres,RANGO ETARIO Y SEXO,45 a 49 años,Mujeres,,,"['RANGO ETARIO Y SEXO', '45 a 49 años', 'Mujeres']",13
P4,A,PROGRAMA SALUD CARDIOVASCULAR (PSCV),P4190100,Clasificación del Riesgo Cardiovascular - Bajo,COL18,U,21,RANGO ETARIO Y SEXO - 50 a 54 años - Hombres,RANGO ETARIO Y SEXO,50 a 54 años,Hombres,,,"['RANGO ETARIO Y SEXO', '50 a 54 años', 'Hombres']",13
P4,A,PROGRAMA SALUD CARDIOVASCULAR (PSCV),P4190100,Clasificación del Riesgo Cardiovascular - Bajo,COL19,V,22,RANGO ETARIO Y SEXO - 50 a 54 años - Mujeres,RANGO ETARIO Y SEXO,50 a 54 años,Mujeres,,,"['RANGO ETARIO Y SEXO', '50 a 54 años', 'Mujeres']",13
P4,A,PROGRAMA SALUD CARDIOVASCULAR (PSCV),P4190100,Clasificación del Riesgo Cardiovascular - Bajo,COL20,W,23,RANGO ETARIO Y SEXO - 55 a 59 años - Hombres,RANGO ETARIO Y SEXO,55 a 59 años,Hombres,,,"['RANGO ETARIO Y SEXO', '55 a 59 años', 'Hombres']",13
P4,A,PROGRAMA SALUD CARDIOVASCULAR (PSCV),P4190100,Clasificación del Riesgo Cardiovascular - Bajo,COL21,X,24,RANGO ETARIO Y SEXO - 55 a 59 años - Mujeres,RANGO ETARIO Y SEXO,55 a 59 años,Mujeres,,,"['RANGO ETARIO Y SEXO', '55 a 59 años', 'Mujeres']",13
P4,A,PROGRAMA SALUD CARDIOVASCULAR (PSCV),P4190100,Clasificación del Riesgo Cardiovascular - Bajo,COL22,Y,25,RANGO ETARIO Y SEXO - 60 a 64 años - Hombres,RANGO ETARIO Y SEXO,60 a 64 años,Hombres,,,"['RANGO ETARIO Y SEXO', '60 a 64 años', 'Hombres']",13
P4,A,PROGRAMA SALUD CARDIOVASCULAR (PSCV),P4190100,Clasificación del Riesgo Cardiovascular - Bajo,COL23,Z,26,RANGO ETARIO Y SEXO - 60 a 64 años - Mujeres,RANGO ETARIO Y SEXO,60 a 64 años,Mujeres,,,"['RANGO ETARIO Y SEXO', '60 a 64 años', 'Mujeres']",13
P4,A,PROGRAMA SALUD CARDIOVASCULAR (PSCV),P4190100,Clasificación del Riesgo Cardiovascular - Bajo,COL24,AA,27,RANGO ETARIO Y SEXO - 65 a 69 años - Hombres,RANGO ETARIO Y SEXO,65 a 69 años,Hombres,,,"['RANGO ETARIO Y SEXO', '65 a 69 años', 'Hombres']",13
P4,A,PROGRAMA SALUD CARDIOVASCULAR (PSCV),P4190100,Clasificación del Riesgo Cardiovascular - Bajo,COL25,AB,28,RANGO ETARIO Y SEXO - 65 a 69 años - Mujeres,RANGO ETARIO Y SEXO,65 a 69 años,Mujeres,,,"['RANGO ETARIO Y SEXO', '65 a 69 años', 'Mujeres']",13
P4,A,PROGRAMA SALUD CARDIOVASCULAR (PSCV),P4190100,Clasificación del Riesgo Cardiovascular - Bajo,COL26,AC,29,RANGO ETARIO Y SEXO - 70 a 74 años - Hombres,RANGO ETARIO Y SEXO,70 a 74 años,Hombres,,,"['RANGO ETARIO Y SEXO', '70 a 74 años', 'Hombres']",13
P4,A,PROGRAMA SALUD CARDIOVASCULAR (PSCV),P4190100,Clasificación del Riesgo Cardiovascular - Bajo,COL27,AD,30,RANGO ETARIO Y SEXO - 70 a 74 años - Mujeres,RANGO ETARIO Y SEXO,70 a 74 años,Mujeres,,,"['RANGO ETARIO Y SEXO', '70 a 74 años', 'Mujeres']",13
P4,A,PROGRAMA SALUD CARDIOVASCULAR (PSCV),P4190100,Clasificación del Riesgo Cardiovascular - Bajo,COL28,AE,31,RANGO ETARIO Y SEXO - 75 a 79 años - Hombres,RANGO ETARIO Y SEXO,75 a 79 años,Hombres,,,"['RANGO ETARIO Y SEXO', '75 a 79 años', 'Hombres']",13
P4,A,PROGRAMA SALUD CARDIOVASCULAR (PSCV),P4190100,Clasificación del Riesgo Cardiovascular - Bajo,COL29,AF,32,RANGO ETARIO Y SEXO - 75 a 79 años - Mujeres,RANGO ETARIO Y SEXO,75 a 79 años,Mujeres,,,"['RANGO ETARIO Y SEXO', '75 a 79 años', 'Mujeres']",13
P4,A,PROGRAMA SALUD CARDIOVASCULAR (PSCV),P4190100,Clasificación del Riesgo Cardiovascular - Bajo,COL30,AG,33,RANGO ETARIO Y SEXO - 80 y más años - Hombres,RANGO ETARIO Y SEXO,80 y más años,Hombres,,,"['RANGO ETARIO Y SEXO', '80 y más años', 'Hombres']",13
P4,A,PROGRAMA SALUD CARDIOVASCULAR (PSCV),P4190100,Clasificación del Riesgo Cardiovascular - Bajo,COL31,AH,34,RANGO ETARIO Y SEXO - 80 y más años - Mujeres,RANGO ETARIO Y SEXO,80 y más años,Mujeres,,,"['RANGO ETARIO Y SEXO', '80 y más años', 'Mujeres']",13
P4,A,PROGRAMA SALUD CARDIOVASCULAR (PSCV),P4190100,Clasificación del Riesgo Cardiovascular - Bajo,COL32,AI,35,Pueblos Originarios - Hombres,Pueblos Originarios,Hombres,,,,"['Pueblos Originarios', 'Hombres']",13
P4,A,PROGRAMA SALUD CARDIOVASCULAR (PSCV),P4190100,Clasificación del Riesgo Cardiovascular - Bajo,COL33,AJ,36,Pueblos Originarios - Mujeres,Pueblos Originarios,Mujeres,,,,"['Pueblos Originarios', 'Mujeres']",13
P4,A,PROGRAMA SALUD CARDIOVASCULAR (PSCV),P4190100,Clasificación del Riesgo Cardiovascular - Bajo,COL34,AK,37,Migrantes - Hombres,Migrantes,Hombres,,,,"['Migrantes', 'Hombres']",13
P4,A,PROGRAMA SALUD CARDIOVASCULAR (PSCV),P4190100,Clasificación del Riesgo Cardiovascular - Bajo,COL35,AL,38,Migrantes - Mujeres,Migrantes,Mujeres,,,,"['Migrantes', 'Mujeres']",13
P4,A,PROGRAMA SALUD CARDIOVASCULAR (PSCV),P4150703,Clasificación del Riesgo Cardiovascular - Moderado,COL01,D,4,TOTAL - Ambos sexos,TOTAL,Ambos sexos,,,,"['TOTAL', 'Ambos sexos']",14
P4,A,PROGRAMA SALUD CARDIOVASCULAR (PSCV),P4150703,Clasificación del Riesgo Cardiovascular - Moderado,COL02,E,5,TOTAL - Hombres,TOTAL,Hombres,,,,"['TOTAL', 'Hombres']",14
P4,A,PROGRAMA SALUD CARDIOVASCULAR (PSCV),P4150703,Clasificación del Riesgo Cardiovascular - Moderado,COL03,F,6,TOTAL - Mujeres,TOTAL,Mujeres,,,,"['TOTAL', 'Mujeres']",14
P4,A,PROGRAMA SALUD CARDIOVASCULAR (PSCV),P4150703,Clasificación del Riesgo Cardiovascular - Moderado,COL04,G,7,RANGO ETARIO Y SEXO - 15 a 19 años - Hombres,RANGO ETARIO Y SEXO,15 a 19 años,Hombres,,,"['RANGO ETARIO Y SEXO', '15 a 19 años', 'Hombres']",14
P4,A,PROGRAMA SALUD CARDIOVASCULAR (PSCV),P4150703,Clasificación del Riesgo Cardiovascular - Moderado,COL05,H,8,RANGO ETARIO Y SEXO - 15 a 19 años - Mujeres,RANGO ETARIO Y SEXO,15 a 19 años,Mujeres,,,"['RANGO ETARIO Y SEXO', '15 a 19 años', 'Mujeres']",14
P4,A,PROGRAMA SALUD CARDIOVASCULAR (PSCV),P4150703,Clasificación del Riesgo Cardiovascular - Moderado,COL06,I,9,RANGO ETARIO Y SEXO - 20 a 24 años - Hombres,RANGO ETARIO Y SEXO,20 a 24 años,Hombres,,,"['RANGO ETARIO Y SEXO', '20 a 24 años', 'Hombres']",14
P4,A,PROGRAMA SALUD CARDIOVASCULAR (PSCV),P4150703,Clasificación del Riesgo Cardiovascular - Moderado,COL07,J,10,RANGO ETARIO Y SEXO - 20 a 24 años - Mujeres,RANGO ETARIO Y SEXO,20 a 24 años,Mujeres,,,"['RANGO ETARIO Y SEXO', '20 a 24 años', 'Mujeres']",14
P4,A,PROGRAMA SALUD CARDIOVASCULAR (PSCV),P4150703,Clasificación del Riesgo Cardiovascular - Moderado,COL08,K,11,RANGO ETARIO Y SEXO - 25 a 29 años - Hombres,RANGO ETARIO Y SEXO,25 a 29 años,Hombres,,,"['RANGO ETARIO Y SEXO', '25 a 29 años', 'Hombres']",14
P4,A,PROGRAMA SALUD CARDIOVASCULAR (PSCV),P4150703,Clasificación del Riesgo Cardiovascular - Moderado,COL09,L,12,RANGO ETARIO Y SEXO - 25 a 29 años - Mujeres,RANGO ETARIO Y SEXO,25 a 29 años,Mujeres,,,"['RANGO ETARIO Y SEXO', '25 a 29 años', 'Mujeres']",14
P4,A,PROGRAMA SALUD CARDIOVASCULAR (PSCV),P4150703,Clasificación del Riesgo Cardiovascular - Moderado,COL10,M,13,RANGO ETARIO Y SEXO - 30 a 34 años - Hombres,RANGO ETARIO Y SEXO,30 a 34 años,Hombres,,,"['RANGO ETARIO Y SEXO', '30 a 34 años', 'Hombres']",14
P4,A,PROGRAMA SALUD CARDIOVASCULAR (PSCV),P4150703,Clasificación del Riesgo Cardiovascular - Moderado,COL11,N,14,RANGO ETARIO Y SEXO - 30 a 34 años - Mujeres,RANGO ETARIO Y SEXO,30 a 34 años,Mujeres,,,"['RANGO ETARIO Y SEXO', '30 a 34 años', 'Mujeres']",14
P4,A,PROGRAMA SALUD CARDIOVASCULAR (PSCV),P4150703,Clasificación del Riesgo Cardiovascular - Moderado,COL12,O,15,RANGO ETARIO Y SEXO - 35 a 39 años - Hombres,RANGO ETARIO Y SEXO,35 a 39 años,Hombres,,,"['RANGO ETARIO Y SEXO', '35 a 39 años', 'Hombres']",14
P4,A,PROGRAMA SALUD CARDIOVASCULAR (PSCV),P4150703,Clasificación del Riesgo Cardiovascular - Moderado,COL13,P,16,RANGO ETARIO Y SEXO - 35 a 39 años - Mujeres,RANGO ETARIO Y SEXO,35 a 39 años,Mujeres,,,"['RANGO ETARIO Y SEXO', '35 a 39 años', 'Mujeres']",14
P4,A,PROGRAMA SALUD CARDIOVASCULAR (PSCV),P4150703,Clasificación del Riesgo Cardiovascular - Moderado,COL14,Q,17,RANGO ETARIO Y SEXO - 40 a 44 años - Hombres,RANGO ETARIO Y SEXO,40 a 44 años,Hombres,,,"['RANGO ETARIO Y SEXO', '40 a 44 años', 'Hombres']",14
P4,A,PROGRAMA SALUD CARDIOVASCULAR (PSCV),P4150703,Clasificación del Riesgo Cardiovascular - Moderado,COL15,R,18,RANGO ETARIO Y SEXO - 40 a 44 años - Mujeres,RANGO ETARIO Y SEXO,40 a 44 años,Mujeres,,,"['RANGO ETARIO Y SEXO', '40 a 44 años', 'Mujeres']",14
P4,A,PROGRAMA SALUD CARDIOVASCULAR (PSCV),P4150703,Clasificación del Riesgo Cardiovascular - Moderado,COL16,S,19,RANGO ETARIO Y SEXO - 45 a 49 años - Hombres,RANGO ETARIO Y SEXO,45 a 49 años,Hombres,,,"['RANGO ETARIO Y SEXO', '45 a 49 años', 'Hombres']",14
P4,A,PROGRAMA SALUD CARDIOVASCULAR (PSCV),P4150703,Clasificación del Riesgo Cardiovascular - Moderado,COL17,T,20,RANGO ETARIO Y SEXO - 45 a 49 años - Mujeres,RANGO ETARIO Y SEXO,45 a 49 años,Mujeres,,,"['RANGO ETARIO Y SEXO', '45 a 49 años', 'Mujeres']",14
P4,A,PROGRAMA SALUD CARDIOVASCULAR (PSCV),P4150703,Clasificación del Riesgo Cardiovascular - Moderado,COL18,U,21,RANGO ETARIO Y SEXO - 50 a 54 años - Hombres,RANGO ETARIO Y SEXO,50 a 54 años,Hombres,,,"['RANGO ETARIO Y SEXO', '50 a 54 años', 'Hombres']",14
P4,A,PROGRAMA SALUD CARDIOVASCULAR (PSCV),P4150703,Clasificación del Riesgo Cardiovascular - Moderado,COL19,V,22,RANGO ETARIO Y SEXO - 50 a 54 años - Mujeres,RANGO ETARIO Y SEXO,50 a 54 años,Mujeres,,,"['RANGO ETARIO Y SEXO', '50 a 54 años', 'Mujeres']",14
P4,A,PROGRAMA SALUD CARDIOVASCULAR (PSCV),P4150703,Clasificación del Riesgo Cardiovascular - Moderado,COL20,W,23,RANGO ETARIO Y SEXO - 55 a 59 años - Hombres,RANGO ETARIO Y SEXO,55 a 59 años,Hombres,,,"['RANGO ETARIO Y SEXO', '55 a 59 años', 'Hombres']",14
P4,A,PROGRAMA SALUD CARDIOVASCULAR (PSCV),P4150703,Clasificación del Riesgo Cardiovascular - Moderado,COL21,X,24,RANGO ETARIO Y SEXO - 55 a 59 años - Mujeres,RANGO ETARIO Y SEXO,55 a 59 años,Mujeres,,,"['RANGO ETARIO Y SEXO', '55 a 59 años', 'Mujeres']",14
P4,A,PROGRAMA SALUD CARDIOVASCULAR (PSCV),P4150703,Clasificación del Riesgo Cardiovascular - Moderado,COL22,Y,25,RANGO ETARIO Y SEXO - 60 a 64 años - Hombres,RANGO ETARIO Y SEXO,60 a 64 años,Hombres,,,"['RANGO ETARIO Y SEXO', '60 a 64 años', 'Hombres']",14
P4,A,PROGRAMA SALUD CARDIOVASCULAR (PSCV),P4150703,Clasificación del Riesgo Cardiovascular - Moderado,COL23,Z,26,RANGO ETARIO Y SEXO - 60 a 64 años - Mujeres,RANGO ETARIO Y SEXO,60 a 64 años,Mujeres,,,"['RANGO ETARIO Y SEXO', '60 a 64 años', 'Mujeres']",14
P4,A,PROGRAMA SALUD CARDIOVASCULAR (PSCV),P4150703,Clasificación del Riesgo Cardiovascular - Moderado,COL24,AA,27,RANGO ETARIO Y SEXO - 65 a 69 años - Hombres,RANGO ETARIO Y SEXO,65 a 69 años,Hombres,,,"['RANGO ETARIO Y SEXO', '65 a 69 años', 'Hombres']",14
P4,A,PROGRAMA SALUD CARDIOVASCULAR (PSCV),P4150703,Clasificación del Riesgo Cardiovascular - Moderado,COL25,AB,28,RANGO ETARIO Y SEXO - 65 a 69 años - Mujeres,RANGO ETARIO Y SEXO,65 a 69 años,Mujeres,,,"['RANGO ETARIO Y SEXO', '65 a 69 años', 'Mujeres']",14
P4,A,PROGRAMA SALUD CARDIOVASCULAR (PSCV),P4150703,Clasificación del Riesgo Cardiovascular - Moderado,COL26,AC,29,RANGO ETARIO Y SEXO - 70 a 74 años - Hombres,RANGO ETARIO Y SEXO,70 a 74 años,Hombres,,,"['RANGO ETARIO Y SEXO', '70 a 74 años', 'Hombres']",14
P4,A,PROGRAMA SALUD CARDIOVASCULAR (PSCV),P4150703,Clasificación del Riesgo Cardiovascular - Moderado,COL27,AD,30,RANGO ETARIO Y SEXO - 70 a 74 años - Mujeres,RANGO ETARIO Y SEXO,70 a 74 años,Mujeres,,,"['RANGO ETARIO Y SEXO', '70 a 74 años', 'Mujeres']",14
P4,A,PROGRAMA SALUD CARDIOVASCULAR (PSCV),P4150703,Clasificación del Riesgo Cardiovascular - Moderado,COL28,AE,31,RANGO ETARIO Y SEXO - 75 a 79 años - Hombres,RANGO ETARIO Y SEXO,75 a 79 años,Hombres,,,"['RANGO ETARIO Y SEXO', '75 a 79 años', 'Hombres']",14
P4,A,PROGRAMA SALUD CARDIOVASCULAR (PSCV),P4150703,Clasificación del Riesgo Cardiovascular - Moderado,COL29,AF,32,RANGO ETARIO Y SEXO - 75 a 79 años - Mujeres,RANGO ETARIO Y SEXO,75 a 79 años,Mujeres,,,"['RANGO ETARIO Y SEXO', '75 a 79 años', 'Mujeres']",14
P4,A,PROGRAMA SALUD CARDIOVASCULAR (PSCV),P4150703,Clasificación del Riesgo Cardiovascular - Moderado,COL30,AG,33,RANGO ETARIO Y SEXO - 80 y más años - Hombres,RANGO ETARIO Y SEXO,80 y más años,Hombres,,,"['RANGO ETARIO Y SEXO', '80 y más años', 'Hombres']",14
P4,A,PROGRAMA SALUD CARDIOVASCULAR (PSCV),P4150703,Clasificación del Riesgo Cardiovascular - Moderado,COL31,AH,34,RANGO ETARIO Y SEXO - 80 y más años - Mujeres,RANGO ETARIO Y SEXO,80 y más años,Mujeres,,,"['RANGO ETARIO Y SEXO', '80 y más años', 'Mujeres']",14
P4,A,PROGRAMA SALUD CARDIOVASCULAR (PSCV),P4150703,Clasificación del Riesgo Cardiovascular - Moderado,COL32,AI,35,Pueblos Originarios - Hombres,Pueblos Originarios,Hombres,,,,"['Pueblos Originarios', 'Hombres']",14
P4,A,PROGRAMA SALUD CARDIOVASCULAR (PSCV),P4150703,Clasificación del Riesgo Cardiovascular - Moderado,COL33,AJ,36,Pueblos Originarios - Mujeres,Pueblos Originarios,Mujeres,,,,"['Pueblos Originarios', 'Mujeres']",14
P4,A,PROGRAMA SALUD CARDIOVASCULAR (PSCV),P4150703,Clasificación del Riesgo Cardiovascular - Moderado,COL34,AK,37,Migrantes - Hombres,Migrantes,Hombres,,,,"['Migrantes', 'Hombres']",14
P4,A,PROGRAMA SALUD CARDIOVASCULAR (PSCV),P4150703,Clasificación del Riesgo Cardiovascular - Moderado,COL35,AL,38,Migrantes - Mujeres,Migrantes,Mujeres,,,,"['Migrantes', 'Mujeres']",14
P4,A,PROGRAMA SALUD CARDIOVASCULAR (PSCV),P4150801,Clasificación del Riesgo Cardiovascular - Ato,COL01,D,4,TOTAL - Ambos sexos,TOTAL,Ambos sexos,,,,"['TOTAL', 'Ambos sexos']",15
P4,A,PROGRAMA SALUD CARDIOVASCULAR (PSCV),P4150801,Clasificación del Riesgo Cardiovascular - Ato,COL02,E,5,TOTAL - Hombres,TOTAL,Hombres,,,,"['TOTAL', 'Hombres']",15
P4,A,PROGRAMA SALUD CARDIOVASCULAR (PSCV),P4150801,Clasificación del Riesgo Cardiovascular - Ato,COL03,F,6,TOTAL - Mujeres,TOTAL,Mujeres,,,,"['TOTAL', 'Mujeres']",15
P4,A,PROGRAMA SALUD CARDIOVASCULAR (PSCV),P4150801,Clasificación del Riesgo Cardiovascular - Ato,COL04,G,7,RANGO ETARIO Y SEXO - 15 a 19 años - Hombres,RANGO ETARIO Y SEXO,15 a 19 años,Hombres,,,"['RANGO ETARIO Y SEXO', '15 a 19 años', 'Hombres']",15
P4,A,PROGRAMA SALUD CARDIOVASCULAR (PSCV),P4150801,Clasificación del Riesgo Cardiovascular - Ato,COL05,H,8,RANGO ETARIO Y SEXO - 15 a 19 años - Mujeres,RANGO ETARIO Y SEXO,15 a 19 años,Mujeres,,,"['RANGO ETARIO Y SEXO', '15 a 19 años', 'Mujeres']",15
P4,A,PROGRAMA SALUD CARDIOVASCULAR (PSCV),P4150801,Clasificación del Riesgo Cardiovascular - Ato,COL06,I,9,RANGO ETARIO Y SEXO - 20 a 24 años - Hombres,RANGO ETARIO Y SEXO,20 a 24 años,Hombres,,,"['RANGO ETARIO Y SEXO', '20 a 24 años', 'Hombres']",15
P4,A,PROGRAMA SALUD CARDIOVASCULAR (PSCV),P4150801,Clasificación del Riesgo Cardiovascular - Ato,COL07,J,10,RANGO ETARIO Y SEXO - 20 a 24 años - Mujeres,RANGO ETARIO Y SEXO,20 a 24 años,Mujeres,,,"['RANGO ETARIO Y SEXO', '20 a 24 años', 'Mujeres']",15
P4,A,PROGRAMA SALUD CARDIOVASCULAR (PSCV),P4150801,Clasificación del Riesgo Cardiovascular - Ato,COL08,K,11,RANGO ETARIO Y SEXO - 25 a 29 años - Hombres,RANGO ETARIO Y SEXO,25 a 29 años,Hombres,,,"['RANGO ETARIO Y SEXO', '25 a 29 años', 'Hombres']",15
P4,A,PROGRAMA SALUD CARDIOVASCULAR (PSCV),P4150801,Clasificación del Riesgo Cardiovascular - Ato,COL09,L,12,RANGO ETARIO Y SEXO - 25 a 29 años - Mujeres,RANGO ETARIO Y SEXO,25 a 29 años,Mujeres,,,"['RANGO ETARIO Y SEXO', '25 a 29 años', 'Mujeres']",15
P4,A,PROGRAMA SALUD CARDIOVASCULAR (PSCV),P4150801,Clasificación del Riesgo Cardiovascular - Ato,COL10,M,13,RANGO ETARIO Y SEXO - 30 a 34 años - Hombres,RANGO ETARIO Y SEXO,30 a 34 años,Hombres,,,"['RANGO ETARIO Y SEXO', '30 a 34 años', 'Hombres']",15
P4,A,PROGRAMA SALUD CARDIOVASCULAR (PSCV),P4150801,Clasificación del Riesgo Cardiovascular - Ato,COL11,N,14,RANGO ETARIO Y SEXO - 30 a 34 años - Mujeres,RANGO ETARIO Y SEXO,30 a 34 años,Mujeres,,,"['RANGO ETARIO Y SEXO', '30 a 34 años', 'Mujeres']",15
P4,A,PROGRAMA SALUD CARDIOVASCULAR (PSCV),P4150801,Clasificación del Riesgo Cardiovascular - Ato,COL12,O,15,RANGO ETARIO Y SEXO - 35 a 39 años - Hombres,RANGO ETARIO Y SEXO,35 a 39 años,Hombres,,,"['RANGO ETARIO Y SEXO', '35 a 39 años', 'Hombres']",15
P4,A,PROGRAMA SALUD CARDIOVASCULAR (PSCV),P4150801,Clasificación del Riesgo Cardiovascular - Ato,COL13,P,16,RANGO ETARIO Y SEXO - 35 a 39 años - Mujeres,RANGO ETARIO Y SEXO,35 a 39 años,Mujeres,,,"['RANGO ETARIO Y SEXO', '35 a 39 años', 'Mujeres']",15
P4,A,PROGRAMA SALUD CARDIOVASCULAR (PSCV),P4150801,Clasificación del Riesgo Cardiovascular - Ato,COL14,Q,17,RANGO ETARIO Y SEXO - 40 a 44 años - Hombres,RANGO ETARIO Y SEXO,40 a 44 años,Hombres,,,"['RANGO ETARIO Y SEXO', '40 a 44 años', 'Hombres']",15
P4,A,PROGRAMA SALUD CARDIOVASCULAR (PSCV),P4150801,Clasificación del Riesgo Cardiovascular - Ato,COL15,R,18,RANGO ETARIO Y SEXO - 40 a 44 años - Mujeres,RANGO ETARIO Y SEXO,40 a 44 años,Mujeres,,,"['RANGO ETARIO Y SEXO', '40 a 44 años', 'Mujeres']",15
P4,A,PROGRAMA SALUD CARDIOVASCULAR (PSCV),P4150801,Clasificación del Riesgo Cardiovascular - Ato,COL16,S,19,RANGO ETARIO Y SEXO - 45 a 49 años - Hombres,RANGO ETARIO Y SEXO,45 a 49 años,Hombres,,,"['RANGO ETARIO Y SEXO', '45 a 49 años', 'Hombres']",15
P4,A,PROGRAMA SALUD CARDIOVASCULAR (PSCV),P4150801,Clasificación del Riesgo Cardiovascular - Ato,COL17,T,20,RANGO ETARIO Y SEXO - 45 a 49 años - Mujeres,RANGO ETARIO Y SEXO,45 a 49 años,Mujeres,,,"['RANGO ETARIO Y SEXO', '45 a 49 años', 'Mujeres']",15
P4,A,PROGRAMA SALUD CARDIOVASCULAR (PSCV),P4150801,Clasificación del Riesgo Cardiovascular - Ato,COL18,U,21,RANGO ETARIO Y SEXO - 50 a 54 años - Hombres,RANGO ETARIO Y SEXO,50 a 54 años,Hombres,,,"['RANGO ETARIO Y SEXO', '50 a 54 años', 'Hombres']",15
P4,A,PROGRAMA SALUD CARDIOVASCULAR (PSCV),P4150801,Clasificación del Riesgo Cardiovascular - Ato,COL19,V,22,RANGO ETARIO Y SEXO - 50 a 54 años - Mujeres,RANGO ETARIO Y SEXO,50 a 54 años,Mujeres,,,"['RANGO ETARIO Y SEXO', '50 a 54 años', 'Mujeres']",15
P4,A,PROGRAMA SALUD CARDIOVASCULAR (PSCV),P4150801,Clasificación del Riesgo Cardiovascular - Ato,COL20,W,23,RANGO ETARIO Y SEXO - 55 a 59 años - Hombres,RANGO ETARIO Y SEXO,55 a 59 años,Hombres,,,"['RANGO ETARIO Y SEXO', '55 a 59 años', 'Hombres']",15
P4,A,PROGRAMA SALUD CARDIOVASCULAR (PSCV),P4150801,Clasificación del Riesgo Cardiovascular - Ato,COL21,X,24,RANGO ETARIO Y SEXO - 55 a 59 años - Mujeres,RANGO ETARIO Y SEXO,55 a 59 años,Mujeres,,,"['RANGO ETARIO Y SEXO', '55 a 59 años', 'Mujeres']",15
P4,A,PROGRAMA SALUD CARDIOVASCULAR (PSCV),P4150801,Clasificación del Riesgo Cardiovascular - Ato,COL22,Y,25,RANGO ETARIO Y SEXO - 60 a 64 años - Hombres,RANGO ETARIO Y SEXO,60 a 64 años,Hombres,,,"['RANGO ETARIO Y SEXO', '60 a 64 años', 'Hombres']",15
P4,A,PROGRAMA SALUD CARDIOVASCULAR (PSCV),P4150801,Clasificación del Riesgo Cardiovascular - Ato,COL23,Z,26,RANGO ETARIO Y SEXO - 60 a 64 años - Mujeres,RANGO ETARIO Y SEXO,60 a 64 años,Mujeres,,,"['RANGO ETARIO Y SEXO', '60 a 64 años', 'Mujeres']",15
P4,A,PROGRAMA SALUD CARDIOVASCULAR (PSCV),P4150801,Clasificación del Riesgo Cardiovascular - Ato,COL24,AA,27,RANGO ETARIO Y SEXO - 65 a 69 años - Hombres,RANGO ETARIO Y SEXO,65 a 69 años,Hombres,,,"['RANGO ETARIO Y SEXO', '65 a 69 años', 'Hombres']",15
P4,A,PROGRAMA SALUD CARDIOVASCULAR (PSCV),P4150801,Clasificación del Riesgo Cardiovascular - Ato,COL25,AB,28,RANGO ETARIO Y SEXO - 65 a 69 años - Mujeres,RANGO ETARIO Y SEXO,65 a 69 años,Mujeres,,,"['RANGO ETARIO Y SEXO', '65 a 69 años', 'Mujeres']",15
P4,A,PROGRAMA SALUD CARDIOVASCULAR (PSCV),P4150801,Clasificación del Riesgo Cardiovascular - Ato,COL26,AC,29,RANGO ETARIO Y SEXO - 70 a 74 años - Hombres,RANGO ETARIO Y SEXO,70 a 74 años,Hombres,,,"['RANGO ETARIO Y SEXO', '70 a 74 años', 'Hombres']",15
P4,A,PROGRAMA SALUD CARDIOVASCULAR (PSCV),P4150801,Clasificación del Riesgo Cardiovascular - Ato,COL27,AD,30,RANGO ETARIO Y SEXO - 70 a 74 años - Mujeres,RANGO ETARIO Y SEXO,70 a 74 años,Mujeres,,,"['RANGO ETARIO Y SEXO', '70 a 74 años', 'Mujeres']",15
P4,A,PROGRAMA SALUD CARDIOVASCULAR (PSCV),P4150801,Clasificación del Riesgo Cardiovascular - Ato,COL28,AE,31,RANGO ETARIO Y SEXO - 75 a 79 años - Hombres,RANGO ETARIO Y SEXO,75 a 79 años,Hombres,,,"['RANGO ETARIO Y SEXO', '75 a 79 años', 'Hombres']",15
P4,A,PROGRAMA SALUD CARDIOVASCULAR (PSCV),P4150801,Clasificación del Riesgo Cardiovascular - Ato,COL29,AF,32,RANGO ETARIO Y SEXO - 75 a 79 años - Mujeres,RANGO ETARIO Y SEXO,75 a 79 años,Mujeres,,,"['RANGO ETARIO Y SEXO', '75 a 79 años', 'Mujeres']",15
P4,A,PROGRAMA SALUD CARDIOVASCULAR (PSCV),P4150801,Clasificación del Riesgo Cardiovascular - Ato,COL30,AG,33,RANGO ETARIO Y SEXO - 80 y más años - Hombres,RANGO ETARIO Y SEXO,80 y más años,Hombres,,,"['RANGO ETARIO Y SEXO', '80 y más años', 'Hombres']",15
P4,A,PROGRAMA SALUD CARDIOVASCULAR (PSCV),P4150801,Clasificación del Riesgo Cardiovascular - Ato,COL31,AH,34,RANGO ETARIO Y SEXO - 80 y más años - Mujeres,RANGO ETARIO Y SEXO,80 y más años,Mujeres,,,"['RANGO ETARIO Y SEXO', '80 y más años', 'Mujeres']",15
P4,A,PROGRAMA SALUD CARDIOVASCULAR (PSCV),P4150801,Clasificación del Riesgo Cardiovascular - Ato,COL32,AI,35,Pueblos Originarios - Hombres,Pueblos Originarios,Hombres,,,,"['Pueblos Originarios', 'Hombres']",15
P4,A,PROGRAMA SALUD CARDIOVASCULAR (PSCV),P4150801,Clasificación del Riesgo Cardiovascular - Ato,COL33,AJ,36,Pueblos Originarios - Mujeres,Pueblos Originarios,Mujeres,,,,"['Pueblos Originarios', 'Mujeres']",15
P4,A,PROGRAMA SALUD CARDIOVASCULAR (PSCV),P4150801,Clasificación del Riesgo Cardiovascular - Ato,COL34,AK,37,Migrantes - Hombres,Migrantes,Hombres,,,,"['Migrantes', 'Hombres']",15
P4,A,PROGRAMA SALUD CARDIOVASCULAR (PSCV),P4150801,Clasificación del Riesgo Cardiovascular - Ato,COL35,AL,38,Migrantes - Mujeres,Migrantes,Mujeres,,,,"['Migrantes', 'Mujeres']",15
P4,A,PROGRAMA SALUD CARDIOVASCULAR (PSCV),P4150601,Personas bajo control según patología y factores de riesgo (existencia) - Hipertensión Arterial,COL01,D,4,TOTAL - Ambos sexos,TOTAL,Ambos sexos,,,,"['TOTAL', 'Ambos sexos']",16
P4,A,PROGRAMA SALUD CARDIOVASCULAR (PSCV),P4150601,Personas bajo control según patología y factores de riesgo (existencia) - Hipertensión Arterial,COL02,E,5,TOTAL - Hombres,TOTAL,Hombres,,,,"['TOTAL', 'Hombres']",16
P4,A,PROGRAMA SALUD CARDIOVASCULAR (PSCV),P4150601,Personas bajo control según patología y factores de riesgo (existencia) - Hipertensión Arterial,COL03,F,6,TOTAL - Mujeres,TOTAL,Mujeres,,,,"['TOTAL', 'Mujeres']",16
P4,A,PROGRAMA SALUD CARDIOVASCULAR (PSCV),P4150601,Personas bajo control según patología y factores de riesgo (existencia) - Hipertensión Arterial,COL04,G,7,RANGO ETARIO Y SEXO - 15 a 19 años - Hombres,RANGO ETARIO Y SEXO,15 a 19 años,Hombres,,,"['RANGO ETARIO Y SEXO', '15 a 19 años', 'Hombres']",16
P4,A,PROGRAMA SALUD CARDIOVASCULAR (PSCV),P4150601,Personas bajo control según patología y factores de riesgo (existencia) - Hipertensión Arterial,COL05,H,8,RANGO ETARIO Y SEXO - 15 a 19 años - Mujeres,RANGO ETARIO Y SEXO,15 a 19 años,Mujeres,,,"['RANGO ETARIO Y SEXO', '15 a 19 años', 'Mujeres']",16
P4,A,PROGRAMA SALUD CARDIOVASCULAR (PSCV),P4150601,Personas bajo control según patología y factores de riesgo (existencia) - Hipertensión Arterial,COL06,I,9,RANGO ETARIO Y SEXO - 20 a 24 años - Hombres,RANGO ETARIO Y SEXO,20 a 24 años,Hombres,,,"['RANGO ETARIO Y SEXO', '20 a 24 años', 'Hombres']",16
P4,A,PROGRAMA SALUD CARDIOVASCULAR (PSCV),P4150601,Personas bajo control según patología y factores de riesgo (existencia) - Hipertensión Arterial,COL07,J,10,RANGO ETARIO Y SEXO - 20 a 24 años - Mujeres,RANGO ETARIO Y SEXO,20 a 24 años,Mujeres,,,"['RANGO ETARIO Y SEXO', '20 a 24 años', 'Mujeres']",16
P4,A,PROGRAMA SALUD CARDIOVASCULAR (PSCV),P4150601,Personas bajo control según patología y factores de riesgo (existencia) - Hipertensión Arterial,COL08,K,11,RANGO ETARIO Y SEXO - 25 a 29 años - Hombres,RANGO ETARIO Y SEXO,25 a 29 años,Hombres,,,"['RANGO ETARIO Y SEXO', '25 a 29 años', 'Hombres']",16
P4,A,PROGRAMA SALUD CARDIOVASCULAR (PSCV),P4150601,Personas bajo control según patología y factores de riesgo (existencia) - Hipertensión Arterial,COL09,L,12,RANGO ETARIO Y SEXO - 25 a 29 años - Mujeres,RANGO ETARIO Y SEXO,25 a 29 años,Mujeres,,,"['RANGO ETARIO Y SEXO', '25 a 29 años', 'Mujeres']",16
P4,A,PROGRAMA SALUD CARDIOVASCULAR (PSCV),P4150601,Personas bajo control según patología y factores de riesgo (existencia) - Hipertensión Arterial,COL10,M,13,RANGO ETARIO Y SEXO - 30 a 34 años - Hombres,RANGO ETARIO Y SEXO,30 a 34 años,Hombres,,,"['RANGO ETARIO Y SEXO', '30 a 34 años', 'Hombres']",16
P4,A,PROGRAMA SALUD CARDIOVASCULAR (PSCV),P4150601,Personas bajo control según patología y factores de riesgo (existencia) - Hipertensión Arterial,COL11,N,14,RANGO ETARIO Y SEXO - 30 a 34 años - Mujeres,RANGO ETARIO Y SEXO,30 a 34 años,Mujeres,,,"['RANGO ETARIO Y SEXO', '30 a 34 años', 'Mujeres']",16
P4,A,PROGRAMA SALUD CARDIOVASCULAR (PSCV),P4150601,Personas bajo control según patología y factores de riesgo (existencia) - Hipertensión Arterial,COL12,O,15,RANGO ETARIO Y SEXO - 35 a 39 años - Hombres,RANGO ETARIO Y SEXO,35 a 39 años,Hombres,,,"['RANGO ETARIO Y SEXO', '35 a 39 años', 'Hombres']",16
P4,A,PROGRAMA SALUD CARDIOVASCULAR (PSCV),P4150601,Personas bajo control según patología y factores de riesgo (existencia) - Hipertensión Arterial,COL13,P,16,RANGO ETARIO Y SEXO - 35 a 39 años - Mujeres,RANGO ETARIO Y SEXO,35 a 39 años,Mujeres,,,"['RANGO ETARIO Y SEXO', '35 a 39 años', 'Mujeres']",16
P4,A,PROGRAMA SALUD CARDIOVASCULAR (PSCV),P4150601,Personas bajo control según patología y factores de riesgo (existencia) - Hipertensión Arterial,COL14,Q,17,RANGO ETARIO Y SEXO - 40 a 44 años - Hombres,RANGO ETARIO Y SEXO,40 a 44 años,Hombres,,,"['RANGO ETARIO Y SEXO', '40 a 44 años', 'Hombres']",16
P4,A,PROGRAMA SALUD CARDIOVASCULAR (PSCV),P4150601,Personas bajo control según patología y factores de riesgo (existencia) - Hipertensión Arterial,COL15,R,18,RANGO ETARIO Y SEXO - 40 a 44 años - Mujeres,RANGO ETARIO Y SEXO,40 a 44 años,Mujeres,,,"['RANGO ETARIO Y SEXO', '40 a 44 años', 'Mujeres']",16
P4,A,PROGRAMA SALUD CARDIOVASCULAR (PSCV),P4150601,Personas bajo control según patología y factores de riesgo (existencia) - Hipertensión Arterial,COL16,S,19,RANGO ETARIO Y SEXO - 45 a 49 años - Hombres,RANGO ETARIO Y SEXO,45 a 49 años,Hombres,,,"['RANGO ETARIO Y SEXO', '45 a 49 años', 'Hombres']",16
P4,A,PROGRAMA SALUD CARDIOVASCULAR (PSCV),P4150601,Personas bajo control según patología y factores de riesgo (existencia) - Hipertensión Arterial,COL17,T,20,RANGO ETARIO Y SEXO - 45 a 49 años - Mujeres,RANGO ETARIO Y SEXO,45 a 49 años,Mujeres,,,"['RANGO ETARIO Y SEXO', '45 a 49 años', 'Mujeres']",16
P4,A,PROGRAMA SALUD CARDIOVASCULAR (PSCV),P4150601,Personas bajo control según patología y factores de riesgo (existencia) - Hipertensión Arterial,COL18,U,21,RANGO ETARIO Y SEXO - 50 a 54 años - Hombres,RANGO ETARIO Y SEXO,50 a 54 años,Hombres,,,"['RANGO ETARIO Y SEXO', '50 a 54 años', 'Hombres']",16
P4,A,PROGRAMA SALUD CARDIOVASCULAR (PSCV),P4150601,Personas bajo control según patología y factores de riesgo (existencia) - Hipertensión Arterial,COL19,V,22,RANGO ETARIO Y SEXO - 50 a 54 años - Mujeres,RANGO ETARIO Y SEXO,50 a 54 años,Mujeres,,,"['RANGO ETARIO Y SEXO', '50 a 54 años', 'Mujeres']",16
P4,A,PROGRAMA SALUD CARDIOVASCULAR (PSCV),P4150601,Personas bajo control según patología y factores de riesgo (existencia) - Hipertensión Arterial,COL20,W,23,RANGO ETARIO Y SEXO - 55 a 59 años - Hombres,RANGO ETARIO Y SEXO,55 a 59 años,Hombres,,,"['RANGO ETARIO Y SEXO', '55 a 59 años', 'Hombres']",16
P4,A,PROGRAMA SALUD CARDIOVASCULAR (PSCV),P4150601,Personas bajo control según patología y factores de riesgo (existencia) - Hipertensión Arterial,COL21,X,24,RANGO ETARIO Y SEXO - 55 a 59 años - Mujeres,RANGO ETARIO Y SEXO,55 a 59 años,Mujeres,,,"['RANGO ETARIO Y SEXO', '55 a 59 años', 'Mujeres']",16
P4,A,PROGRAMA SALUD CARDIOVASCULAR (PSCV),P4150601,Personas bajo control según patología y factores de riesgo (existencia) - Hipertensión Arterial,COL22,Y,25,RANGO ETARIO Y SEXO - 60 a 64 años - Hombres,RANGO ETARIO Y SEXO,60 a 64 años,Hombres,,,"['RANGO ETARIO Y SEXO', '60 a 64 años', 'Hombres']",16
P4,A,PROGRAMA SALUD CARDIOVASCULAR (PSCV),P4150601,Personas bajo control según patología y factores de riesgo (existencia) - Hipertensión Arterial,COL23,Z,26,RANGO ETARIO Y SEXO - 60 a 64 años - Mujeres,RANGO ETARIO Y SEXO,60 a 64 años,Mujeres,,,"['RANGO ETARIO Y SEXO', '60 a 64 años', 'Mujeres']",16
P4,A,PROGRAMA SALUD CARDIOVASCULAR (PSCV),P4150601,Personas bajo control según patología y factores de riesgo (existencia) - Hipertensión Arterial,COL24,AA,27,RANGO ETARIO Y SEXO - 65 a 69 años - Hombres,RANGO ETARIO Y SEXO,65 a 69 años,Hombres,,,"['RANGO ETARIO Y SEXO', '65 a 69 años', 'Hombres']",16
P4,A,PROGRAMA SALUD CARDIOVASCULAR (PSCV),P4150601,Personas bajo control según patología y factores de riesgo (existencia) - Hipertensión Arterial,COL25,AB,28,RANGO ETARIO Y SEXO - 65 a 69 años - Mujeres,RANGO ETARIO Y SEXO,65 a 69 años,Mujeres,,,"['RANGO ETARIO Y SEXO', '65 a 69 años', 'Mujeres']",16
P4,A,PROGRAMA SALUD CARDIOVASCULAR (PSCV),P4150601,Personas bajo control según patología y factores de riesgo (existencia) - Hipertensión Arterial,COL26,AC,29,RANGO ETARIO Y SEXO - 70 a 74 años - Hombres,RANGO ETARIO Y SEXO,70 a 74 años,Hombres,,,"['RANGO ETARIO Y SEXO', '70 a 74 años', 'Hombres']",16
P4,A,PROGRAMA SALUD CARDIOVASCULAR (PSCV),P4150601,Personas bajo control según patología y factores de riesgo (existencia) - Hipertensión Arterial,COL27,AD,30,RANGO ETARIO Y SEXO - 70 a 74 años - Mujeres,RANGO ETARIO Y SEXO,70 a 74 años,Mujeres,,,"['RANGO ETARIO Y SEXO', '70 a 74 años', 'Mujeres']",16
P4,A,PROGRAMA SALUD CARDIOVASCULAR (PSCV),P4150601,Personas bajo control según patología y factores de riesgo (existencia) - Hipertensión Arterial,COL28,AE,31,RANGO ETARIO Y SEXO - 75 a 79 años - Hombres,RANGO ETARIO Y SEXO,75 a 79 años,Hombres,,,"['RANGO ETARIO Y SEXO', '75 a 79 años', 'Hombres']",16
P4,A,PROGRAMA SALUD CARDIOVASCULAR (PSCV),P4150601,Personas bajo control según patología y factores de riesgo (existencia) - Hipertensión Arterial,COL29,AF,32,RANGO ETARIO Y SEXO - 75 a 79 años - Mujeres,RANGO ETARIO Y SEXO,75 a 79 años,Mujeres,,,"['RANGO ETARIO Y SEXO', '75 a 79 años', 'Mujeres']",16
P4,A,PROGRAMA SALUD CARDIOVASCULAR (PSCV),P4150601,Personas bajo control según patología y factores de riesgo (existencia) - Hipertensión Arterial,COL30,AG,33,RANGO ETARIO Y SEXO - 80 y más años - Hombres,RANGO ETARIO Y SEXO,80 y más años,Hombres,,,"['RANGO ETARIO Y SEXO', '80 y más años', 'Hombres']",16
P4,A,PROGRAMA SALUD CARDIOVASCULAR (PSCV),P4150601,Personas bajo control según patología y factores de riesgo (existencia) - Hipertensión Arterial,COL31,AH,34,RANGO ETARIO Y SEXO - 80 y más años - Mujeres,RANGO ETARIO Y SEXO,80 y más años,Mujeres,,,"['RANGO ETARIO Y SEXO', '80 y más años', 'Mujeres']",16
P4,A,PROGRAMA SALUD CARDIOVASCULAR (PSCV),P4150601,Personas bajo control según patología y factores de riesgo (existencia) - Hipertensión Arterial,COL32,AI,35,Pueblos Originarios - Hombres,Pueblos Originarios,Hombres,,,,"['Pueblos Originarios', 'Hombres']",16
P4,A,PROGRAMA SALUD CARDIOVASCULAR (PSCV),P4150601,Personas bajo control según patología y factores de riesgo (existencia) - Hipertensión Arterial,COL33,AJ,36,Pueblos Originarios - Mujeres,Pueblos Originarios,Mujeres,,,,"['Pueblos Originarios', 'Mujeres']",16
P4,A,PROGRAMA SALUD CARDIOVASCULAR (PSCV),P4150601,Personas bajo control según patología y factores de riesgo (existencia) - Hipertensión Arterial,COL34,AK,37,Migrantes - Hombres,Migrantes,Hombres,,,,"['Migrantes', 'Hombres']",16
P4,A,PROGRAMA SALUD CARDIOVASCULAR (PSCV),P4150601,Personas bajo control según patología y factores de riesgo (existencia) - Hipertensión Arterial,COL35,AL,38,Migrantes - Mujeres,Migrantes,Mujeres,,,,"['Migrantes', 'Mujeres']",16
P4,A,PROGRAMA SALUD CARDIOVASCULAR (PSCV),P4150602,Personas bajo control según patología y factores de riesgo (existencia) - Diabetes Mellitus tipo 2,COL01,D,4,TOTAL - Ambos sexos,TOTAL,Ambos sexos,,,,"['TOTAL', 'Ambos sexos']",17
P4,A,PROGRAMA SALUD CARDIOVASCULAR (PSCV),P4150602,Personas bajo control según patología y factores de riesgo (existencia) - Diabetes Mellitus tipo 2,COL02,E,5,TOTAL - Hombres,TOTAL,Hombres,,,,"['TOTAL', 'Hombres']",17
P4,A,PROGRAMA SALUD CARDIOVASCULAR (PSCV),P4150602,Personas bajo control según patología y factores de riesgo (existencia) - Diabetes Mellitus tipo 2,COL03,F,6,TOTAL - Mujeres,TOTAL,Mujeres,,,,"['TOTAL', 'Mujeres']",17
P4,A,PROGRAMA SALUD CARDIOVASCULAR (PSCV),P4150602,Personas bajo control según patología y factores de riesgo (existencia) - Diabetes Mellitus tipo 2,COL04,G,7,RANGO ETARIO Y SEXO - 15 a 19 años - Hombres,RANGO ETARIO Y SEXO,15 a 19 años,Hombres,,,"['RANGO ETARIO Y SEXO', '15 a 19 años', 'Hombres']",17
P4,A,PROGRAMA SALUD CARDIOVASCULAR (PSCV),P4150602,Personas bajo control según patología y factores de riesgo (existencia) - Diabetes Mellitus tipo 2,COL05,H,8,RANGO ETARIO Y SEXO - 15 a 19 años - Mujeres,RANGO ETARIO Y SEXO,15 a 19 años,Mujeres,,,"['RANGO ETARIO Y SEXO', '15 a 19 años', 'Mujeres']",17
P4,A,PROGRAMA SALUD CARDIOVASCULAR (PSCV),P4150602,Personas bajo control según patología y factores de riesgo (existencia) - Diabetes Mellitus tipo 2,COL06,I,9,RANGO ETARIO Y SEXO - 20 a 24 años - Hombres,RANGO ETARIO Y SEXO,20 a 24 años,Hombres,,,"['RANGO ETARIO Y SEXO', '20 a 24 años', 'Hombres']",17
P4,A,PROGRAMA SALUD CARDIOVASCULAR (PSCV),P4150602,Personas bajo control según patología y factores de riesgo (existencia) - Diabetes Mellitus tipo 2,COL07,J,10,RANGO ETARIO Y SEXO - 20 a 24 años - Mujeres,RANGO ETARIO Y SEXO,20 a 24 años,Mujeres,,,"['RANGO ETARIO Y SEXO', '20 a 24 años', 'Mujeres']",17
P4,A,PROGRAMA SALUD CARDIOVASCULAR (PSCV),P4150602,Personas bajo control según patología y factores de riesgo (existencia) - Diabetes Mellitus tipo 2,COL08,K,11,RANGO ETARIO Y SEXO - 25 a 29 años - Hombres,RANGO ETARIO Y SEXO,25 a 29 años,Hombres,,,"['RANGO ETARIO Y SEXO', '25 a 29 años', 'Hombres']",17
P4,A,PROGRAMA SALUD CARDIOVASCULAR (PSCV),P4150602,Personas bajo control según patología y factores de riesgo (existencia) - Diabetes Mellitus tipo 2,COL09,L,12,RANGO ETARIO Y SEXO - 25 a 29 años - Mujeres,RANGO ETARIO Y SEXO,25 a 29 años,Mujeres,,,"['RANGO ETARIO Y SEXO', '25 a 29 años', 'Mujeres']",17
P4,A,PROGRAMA SALUD CARDIOVASCULAR (PSCV),P4150602,Personas bajo control según patología y factores de riesgo (existencia) - Diabetes Mellitus tipo 2,COL10,M,13,RANGO ETARIO Y SEXO - 30 a 34 años - Hombres,RANGO ETARIO Y SEXO,30 a 34 años,Hombres,,,"['RANGO ETARIO Y SEXO', '30 a 34 años', 'Hombres']",17
P4,A,PROGRAMA SALUD CARDIOVASCULAR (PSCV),P4150602,Personas bajo control según patología y factores de riesgo (existencia) - Diabetes Mellitus tipo 2,COL11,N,14,RANGO ETARIO Y SEXO - 30 a 34 años - Mujeres,RANGO ETARIO Y SEXO,30 a 34 años,Mujeres,,,"['RANGO ETARIO Y SEXO', '30 a 34 años', 'Mujeres']",17
P4,A,PROGRAMA SALUD CARDIOVASCULAR (PSCV),P4150602,Personas bajo control según patología y factores de riesgo (existencia) - Diabetes Mellitus tipo 2,COL12,O,15,RANGO ETARIO Y SEXO - 35 a 39 años - Hombres,RANGO ETARIO Y SEXO,35 a 39 años,Hombres,,,"['RANGO ETARIO Y SEXO', '35 a 39 años', 'Hombres']",17
P4,A,PROGRAMA SALUD CARDIOVASCULAR (PSCV),P4150602,Personas bajo control según patología y factores de riesgo (existencia) - Diabetes Mellitus tipo 2,COL13,P,16,RANGO ETARIO Y SEXO - 35 a 39 años - Mujeres,RANGO ETARIO Y SEXO,35 a 39 años,Mujeres,,,"['RANGO ETARIO Y SEXO', '35 a 39 años', 'Mujeres']",17
P4,A,PROGRAMA SALUD CARDIOVASCULAR (PSCV),P4150602,Personas bajo control según patología y factores de riesgo (existencia) - Diabetes Mellitus tipo 2,COL14,Q,17,RANGO ETARIO Y SEXO - 40 a 44 años - Hombres,RANGO ETARIO Y SEXO,40 a 44 años,Hombres,,,"['RANGO ETARIO Y SEXO', '40 a 44 años', 'Hombres']",17
P4,A,PROGRAMA SALUD CARDIOVASCULAR (PSCV),P4150602,Personas bajo control según patología y factores de riesgo (existencia) - Diabetes Mellitus tipo 2,COL15,R,18,RANGO ETARIO Y SEXO - 40 a 44 años - Mujeres,RANGO ETARIO Y SEXO,40 a 44 años,Mujeres,,,"['RANGO ETARIO Y SEXO', '40 a 44 años', 'Mujeres']",17
P4,A,PROGRAMA SALUD CARDIOVASCULAR (PSCV),P4150602,Personas bajo control según patología y factores de riesgo (existencia) - Diabetes Mellitus tipo 2,COL16,S,19,RANGO ETARIO Y SEXO - 45 a 49 años - Hombres,RANGO ETARIO Y SEXO,45 a 49 años,Hombres,,,"['RANGO ETARIO Y SEXO', '45 a 49 años', 'Hombres']",17
P4,A,PROGRAMA SALUD CARDIOVASCULAR (PSCV),P4150602,Personas bajo control según patología y factores de riesgo (existencia) - Diabetes Mellitus tipo 2,COL17,T,20,RANGO ETARIO Y SEXO - 45 a 49 años - Mujeres,RANGO ETARIO Y SEXO,45 a 49 años,Mujeres,,,"['RANGO ETARIO Y SEXO', '45 a 49 años', 'Mujeres']",17
P4,A,PROGRAMA SALUD CARDIOVASCULAR (PSCV),P4150602,Personas bajo control según patología y factores de riesgo (existencia) - Diabetes Mellitus tipo 2,COL18,U,21,RANGO ETARIO Y SEXO - 50 a 54 años - Hombres,RANGO ETARIO Y SEXO,50 a 54 años,Hombres,,,"['RANGO ETARIO Y SEXO', '50 a 54 años', 'Hombres']",17
P4,A,PROGRAMA SALUD CARDIOVASCULAR (PSCV),P4150602,Personas bajo control según patología y factores de riesgo (existencia) - Diabetes Mellitus tipo 2,COL19,V,22,RANGO ETARIO Y SEXO - 50 a 54 años - Mujeres,RANGO ETARIO Y SEXO,50 a 54 años,Mujeres,,,"['RANGO ETARIO Y SEXO', '50 a 54 años', 'Mujeres']",17
P4,A,PROGRAMA SALUD CARDIOVASCULAR (PSCV),P4150602,Personas bajo control según patología y factores de riesgo (existencia) - Diabetes Mellitus tipo 2,COL20,W,23,RANGO ETARIO Y SEXO - 55 a 59 años - Hombres,RANGO ETARIO Y SEXO,55 a 59 años,Hombres,,,"['RANGO ETARIO Y SEXO', '55 a 59 años', 'Hombres']",17
P4,A,PROGRAMA SALUD CARDIOVASCULAR (PSCV),P4150602,Personas bajo control según patología y factores de riesgo (existencia) - Diabetes Mellitus tipo 2,COL21,X,24,RANGO ETARIO Y SEXO - 55 a 59 años - Mujeres,RANGO ETARIO Y SEXO,55 a 59 años,Mujeres,,,"['RANGO ETARIO Y SEXO', '55 a 59 años', 'Mujeres']",17
P4,A,PROGRAMA SALUD CARDIOVASCULAR (PSCV),P4150602,Personas bajo control según patología y factores de riesgo (existencia) - Diabetes Mellitus tipo 2,COL22,Y,25,RANGO ETARIO Y SEXO - 60 a 64 años - Hombres,RANGO ETARIO Y SEXO,60 a 64 años,Hombres,,,"['RANGO ETARIO Y SEXO', '60 a 64 años', 'Hombres']",17
P4,A,PROGRAMA SALUD CARDIOVASCULAR (PSCV),P4150602,Personas bajo control según patología y factores de riesgo (existencia) - Diabetes Mellitus tipo 2,COL23,Z,26,RANGO ETARIO Y SEXO - 60 a 64 años - Mujeres,RANGO ETARIO Y SEXO,60 a 64 años,Mujeres,,,"['RANGO ETARIO Y SEXO', '60 a 64 años', 'Mujeres']",17
P4,A,PROGRAMA SALUD CARDIOVASCULAR (PSCV),P4150602,Personas bajo control según patología y factores de riesgo (existencia) - Diabetes Mellitus tipo 2,COL24,AA,27,RANGO ETARIO Y SEXO - 65 a 69 años - Hombres,RANGO ETARIO Y SEXO,65 a 69 años,Hombres,,,"['RANGO ETARIO Y SEXO', '65 a 69 años', 'Hombres']",17
P4,A,PROGRAMA SALUD CARDIOVASCULAR (PSCV),P4150602,Personas bajo control según patología y factores de riesgo (existencia) - Diabetes Mellitus tipo 2,COL25,AB,28,RANGO ETARIO Y SEXO - 65 a 69 años - Mujeres,RANGO ETARIO Y SEXO,65 a 69 años,Mujeres,,,"['RANGO ETARIO Y SEXO', '65 a 69 años', 'Mujeres']",17
P4,A,PROGRAMA SALUD CARDIOVASCULAR (PSCV),P4150602,Personas bajo control según patología y factores de riesgo (existencia) - Diabetes Mellitus tipo 2,COL26,AC,29,RANGO ETARIO Y SEXO - 70 a 74 años - Hombres,RANGO ETARIO Y SEXO,70 a 74 años,Hombres,,,"['RANGO ETARIO Y SEXO', '70 a 74 años', 'Hombres']",17
P4,A,PROGRAMA SALUD CARDIOVASCULAR (PSCV),P4150602,Personas bajo control según patología y factores de riesgo (existencia) - Diabetes Mellitus tipo 2,COL27,AD,30,RANGO ETARIO Y SEXO - 70 a 74 años - Mujeres,RANGO ETARIO Y SEXO,70 a 74 años,Mujeres,,,"['RANGO ETARIO Y SEXO', '70 a 74 años', 'Mujeres']",17
P4,A,PROGRAMA SALUD CARDIOVASCULAR (PSCV),P4150602,Personas bajo control según patología y factores de riesgo (existencia) - Diabetes Mellitus tipo 2,COL28,AE,31,RANGO ETARIO Y SEXO - 75 a 79 años - Hombres,RANGO ETARIO Y SEXO,75 a 79 años,Hombres,,,"['RANGO ETARIO Y SEXO', '75 a 79 años', 'Hombres']",17
P4,A,PROGRAMA SALUD CARDIOVASCULAR (PSCV),P4150602,Personas bajo control según patología y factores de riesgo (existencia) - Diabetes Mellitus tipo 2,COL29,AF,32,RANGO ETARIO Y SEXO - 75 a 79 años - Mujeres,RANGO ETARIO Y SEXO,75 a 79 años,Mujeres,,,"['RANGO ETARIO Y SEXO', '75 a 79 años', 'Mujeres']",17
P4,A,PROGRAMA SALUD CARDIOVASCULAR (PSCV),P4150602,Personas bajo control según patología y factores de riesgo (existencia) - Diabetes Mellitus tipo 2,COL30,AG,33,RANGO ETARIO Y SEXO - 80 y más años - Hombres,RANGO ETARIO Y SEXO,80 y más años,Hombres,,,"['RANGO ETARIO Y SEXO', '80 y más años', 'Hombres']",17
P4,A,PROGRAMA SALUD CARDIOVASCULAR (PSCV),P4150602,Personas bajo control según patología y factores de riesgo (existencia) - Diabetes Mellitus tipo 2,COL31,AH,34,RANGO ETARIO Y SEXO - 80 y más años - Mujeres,RANGO ETARIO Y SEXO,80 y más años,Mujeres,,,"['RANGO ETARIO Y SEXO', '80 y más años', 'Mujeres']",17
P4,A,PROGRAMA SALUD CARDIOVASCULAR (PSCV),P4150602,Personas bajo control según patología y factores de riesgo (existencia) - Diabetes Mellitus tipo 2,COL32,AI,35,Pueblos Originarios - Hombres,Pueblos Originarios,Hombres,,,,"['Pueblos Originarios', 'Hombres']",17
P4,A,PROGRAMA SALUD CARDIOVASCULAR (PSCV),P4150602,Personas bajo control según patología y factores de riesgo (existencia) - Diabetes Mellitus tipo 2,COL33,AJ,36,Pueblos Originarios - Mujeres,Pueblos Originarios,Mujeres,,,,"['Pueblos Originarios', 'Mujeres']",17
P4,A,PROGRAMA SALUD CARDIOVASCULAR (PSCV),P4150602,Personas bajo control según patología y factores de riesgo (existencia) - Diabetes Mellitus tipo 2,COL34,AK,37,Migrantes - Hombres,Migrantes,Hombres,,,,"['Migrantes', 'Hombres']",17
P4,A,PROGRAMA SALUD CARDIOVASCULAR (PSCV),P4150602,Personas bajo control según patología y factores de riesgo (existencia) - Diabetes Mellitus tipo 2,COL35,AL,38,Migrantes - Mujeres,Migrantes,Mujeres,,,,"['Migrantes', 'Mujeres']",17
P4,A,PROGRAMA SALUD CARDIOVASCULAR (PSCV),P4150603,Personas bajo control según patología y factores de riesgo (existencia) - Dislipidemia,COL01,D,4,TOTAL - Ambos sexos,TOTAL,Ambos sexos,,,,"['TOTAL', 'Ambos sexos']",18
P4,A,PROGRAMA SALUD CARDIOVASCULAR (PSCV),P4150603,Personas bajo control según patología y factores de riesgo (existencia) - Dislipidemia,COL02,E,5,TOTAL - Hombres,TOTAL,Hombres,,,,"['TOTAL', 'Hombres']",18
P4,A,PROGRAMA SALUD CARDIOVASCULAR (PSCV),P4150603,Personas bajo control según patología y factores de riesgo (existencia) - Dislipidemia,COL03,F,6,TOTAL - Mujeres,TOTAL,Mujeres,,,,"['TOTAL', 'Mujeres']",18
P4,A,PROGRAMA SALUD CARDIOVASCULAR (PSCV),P4150603,Personas bajo control según patología y factores de riesgo (existencia) - Dislipidemia,COL04,G,7,RANGO ETARIO Y SEXO - 15 a 19 años - Hombres,RANGO ETARIO Y SEXO,15 a 19 años,Hombres,,,"['RANGO ETARIO Y SEXO', '15 a 19 años', 'Hombres']",18
P4,A,PROGRAMA SALUD CARDIOVASCULAR (PSCV),P4150603,Personas bajo control según patología y factores de riesgo (existencia) - Dislipidemia,COL05,H,8,RANGO ETARIO Y SEXO - 15 a 19 años - Mujeres,RANGO ETARIO Y SEXO,15 a 19 años,Mujeres,,,"['RANGO ETARIO Y SEXO', '15 a 19 años', 'Mujeres']",18
P4,A,PROGRAMA SALUD CARDIOVASCULAR (PSCV),P4150603,Personas bajo control según patología y factores de riesgo (existencia) - Dislipidemia,COL06,I,9,RANGO ETARIO Y SEXO - 20 a 24 años - Hombres,RANGO ETARIO Y SEXO,20 a 24 años,Hombres,,,"['RANGO ETARIO Y SEXO', '20 a 24 años', 'Hombres']",18
P4,A,PROGRAMA SALUD CARDIOVASCULAR (PSCV),P4150603,Personas bajo control según patología y factores de riesgo (existencia) - Dislipidemia,COL07,J,10,RANGO ETARIO Y SEXO - 20 a 24 años - Mujeres,RANGO ETARIO Y SEXO,20 a 24 años,Mujeres,,,"['RANGO ETARIO Y SEXO', '20 a 24 años', 'Mujeres']",18
P4,A,PROGRAMA SALUD CARDIOVASCULAR (PSCV),P4150603,Personas bajo control según patología y factores de riesgo (existencia) - Dislipidemia,COL08,K,11,RANGO ETARIO Y SEXO - 25 a 29 años - Hombres,RANGO ETARIO Y SEXO,25 a 29 años,Hombres,,,"['RANGO ETARIO Y SEXO', '25 a 29 años', 'Hombres']",18
P4,A,PROGRAMA SALUD CARDIOVASCULAR (PSCV),P4150603,Personas bajo control según patología y factores de riesgo (existencia) - Dislipidemia,COL09,L,12,RANGO ETARIO Y SEXO - 25 a 29 años - Mujeres,RANGO ETARIO Y SEXO,25 a 29 años,Mujeres,,,"['RANGO ETARIO Y SEXO', '25 a 29 años', 'Mujeres']",18
P4,A,PROGRAMA SALUD CARDIOVASCULAR (PSCV),P4150603,Personas bajo control según patología y factores de riesgo (existencia) - Dislipidemia,COL10,M,13,RANGO ETARIO Y SEXO - 30 a 34 años - Hombres,RANGO ETARIO Y SEXO,30 a 34 años,Hombres,,,"['RANGO ETARIO Y SEXO', '30 a 34 años', 'Hombres']",18
P4,A,PROGRAMA SALUD CARDIOVASCULAR (PSCV),P4150603,Personas bajo control según patología y factores de riesgo (existencia) - Dislipidemia,COL11,N,14,RANGO ETARIO Y SEXO - 30 a 34 años - Mujeres,RANGO ETARIO Y SEXO,30 a 34 años,Mujeres,,,"['RANGO ETARIO Y SEXO', '30 a 34 años', 'Mujeres']",18
P4,A,PROGRAMA SALUD CARDIOVASCULAR (PSCV),P4150603,Personas bajo control según patología y factores de riesgo (existencia) - Dislipidemia,COL12,O,15,RANGO ETARIO Y SEXO - 35 a 39 años - Hombres,RANGO ETARIO Y SEXO,35 a 39 años,Hombres,,,"['RANGO ETARIO Y SEXO', '35 a 39 años', 'Hombres']",18
P4,A,PROGRAMA SALUD CARDIOVASCULAR (PSCV),P4150603,Personas bajo control según patología y factores de riesgo (existencia) - Dislipidemia,COL13,P,16,RANGO ETARIO Y SEXO - 35 a 39 años - Mujeres,RANGO ETARIO Y SEXO,35 a 39 años,Mujeres,,,"['RANGO ETARIO Y SEXO', '35 a 39 años', 'Mujeres']",18
P4,A,PROGRAMA SALUD CARDIOVASCULAR (PSCV),P4150603,Personas bajo control según patología y factores de riesgo (existencia) - Dislipidemia,COL14,Q,17,RANGO ETARIO Y SEXO - 40 a 44 años - Hombres,RANGO ETARIO Y SEXO,40 a 44 años,Hombres,,,"['RANGO ETARIO Y SEXO', '40 a 44 años', 'Hombres']",18
P4,A,PROGRAMA SALUD CARDIOVASCULAR (PSCV),P4150603,Personas bajo control según patología y factores de riesgo (existencia) - Dislipidemia,COL15,R,18,RANGO ETARIO Y SEXO - 40 a 44 años - Mujeres,RANGO ETARIO Y SEXO,40 a 44 años,Mujeres,,,"['RANGO ETARIO Y SEXO', '40 a 44 años', 'Mujeres']",18
P4,A,PROGRAMA SALUD CARDIOVASCULAR (PSCV),P4150603,Personas bajo control según patología y factores de riesgo (existencia) - Dislipidemia,COL16,S,19,RANGO ETARIO Y SEXO - 45 a 49 años - Hombres,RANGO ETARIO Y SEXO,45 a 49 años,Hombres,,,"['RANGO ETARIO Y SEXO', '45 a 49 años', 'Hombres']",18
P4,A,PROGRAMA SALUD CARDIOVASCULAR (PSCV),P4150603,Personas bajo control según patología y factores de riesgo (existencia) - Dislipidemia,COL17,T,20,RANGO ETARIO Y SEXO - 45 a 49 años - Mujeres,RANGO ETARIO Y SEXO,45 a 49 años,Mujeres,,,"['RANGO ETARIO Y SEXO', '45 a 49 años', 'Mujeres']",18
P4,A,PROGRAMA SALUD CARDIOVASCULAR (PSCV),P4150603,Personas bajo control según patología y factores de riesgo (existencia) - Dislipidemia,COL18,U,21,RANGO ETARIO Y SEXO - 50 a 54 años - Hombres,RANGO ETARIO Y SEXO,50 a 54 años,Hombres,,,"['RANGO ETARIO Y SEXO', '50 a 54 años', 'Hombres']",18
P4,A,PROGRAMA SALUD CARDIOVASCULAR (PSCV),P4150603,Personas bajo control según patología y factores de riesgo (existencia) - Dislipidemia,COL19,V,22,RANGO ETARIO Y SEXO - 50 a 54 años - Mujeres,RANGO ETARIO Y SEXO,50 a 54 años,Mujeres,,,"['RANGO ETARIO Y SEXO', '50 a 54 años', 'Mujeres']",18
P4,A,PROGRAMA SALUD CARDIOVASCULAR (PSCV),P4150603,Personas bajo control según patología y factores de riesgo (existencia) - Dislipidemia,COL20,W,23,RANGO ETARIO Y SEXO - 55 a 59 años - Hombres,RANGO ETARIO Y SEXO,55 a 59 años,Hombres,,,"['RANGO ETARIO Y SEXO', '55 a 59 años', 'Hombres']",18
P4,A,PROGRAMA SALUD CARDIOVASCULAR (PSCV),P4150603,Personas bajo control según patología y factores de riesgo (existencia) - Dislipidemia,COL21,X,24,RANGO ETARIO Y SEXO - 55 a 59 años - Mujeres,RANGO ETARIO Y SEXO,55 a 59 años,Mujeres,,,"['RANGO ETARIO Y SEXO', '55 a 59 años', 'Mujeres']",18
P4,A,PROGRAMA SALUD CARDIOVASCULAR (PSCV),P4150603,Personas bajo control según patología y factores de riesgo (existencia) - Dislipidemia,COL22,Y,25,RANGO ETARIO Y SEXO - 60 a 64 años - Hombres,RANGO ETARIO Y SEXO,60 a 64 años,Hombres,,,"['RANGO ETARIO Y SEXO', '60 a 64 años', 'Hombres']",18
P4,A,PROGRAMA SALUD CARDIOVASCULAR (PSCV),P4150603,Personas bajo control según patología y factores de riesgo (existencia) - Dislipidemia,COL23,Z,26,RANGO ETARIO Y SEXO - 60 a 64 años - Mujeres,RANGO ETARIO Y SEXO,60 a 64 años,Mujeres,,,"['RANGO ETARIO Y SEXO', '60 a 64 años', 'Mujeres']",18
P4,A,PROGRAMA SALUD CARDIOVASCULAR (PSCV),P4150603,Personas bajo control según patología y factores de riesgo (existencia) - Dislipidemia,COL24,AA,27,RANGO ETARIO Y SEXO - 65 a 69 años - Hombres,RANGO ETARIO Y SEXO,65 a 69 años,Hombres,,,"['RANGO ETARIO Y SEXO', '65 a 69 años', 'Hombres']",18
P4,A,PROGRAMA SALUD CARDIOVASCULAR (PSCV),P4150603,Personas bajo control según patología y factores de riesgo (existencia) - Dislipidemia,COL25,AB,28,RANGO ETARIO Y SEXO - 65 a 69 años - Mujeres,RANGO ETARIO Y SEXO,65 a 69 años,Mujeres,,,"['RANGO ETARIO Y SEXO', '65 a 69 años', 'Mujeres']",18
P4,A,PROGRAMA SALUD CARDIOVASCULAR (PSCV),P4150603,Personas bajo control según patología y factores de riesgo (existencia) - Dislipidemia,COL26,AC,29,RANGO ETARIO Y SEXO - 70 a 74 años - Hombres,RANGO ETARIO Y SEXO,70 a 74 años,Hombres,,,"['RANGO ETARIO Y SEXO', '70 a 74 años', 'Hombres']",18
P4,A,PROGRAMA SALUD CARDIOVASCULAR (PSCV),P4150603,Personas bajo control según patología y factores de riesgo (existencia) - Dislipidemia,COL27,AD,30,RANGO ETARIO Y SEXO - 70 a 74 años - Mujeres,RANGO ETARIO Y SEXO,70 a 74 años,Mujeres,,,"['RANGO ETARIO Y SEXO', '70 a 74 años', 'Mujeres']",18
P4,A,PROGRAMA SALUD CARDIOVASCULAR (PSCV),P4150603,Personas bajo control según patología y factores de riesgo (existencia) - Dislipidemia,COL28,AE,31,RANGO ETARIO Y SEXO - 75 a 79 años - Hombres,RANGO ETARIO Y SEXO,75 a 79 años,Hombres,,,"['RANGO ETARIO Y SEXO', '75 a 79 años', 'Hombres']",18
P4,A,PROGRAMA SALUD CARDIOVASCULAR (PSCV),P4150603,Personas bajo control según patología y factores de riesgo (existencia) - Dislipidemia,COL29,AF,32,RANGO ETARIO Y SEXO - 75 a 79 años - Mujeres,RANGO ETARIO Y SEXO,75 a 79 años,Mujeres,,,"['RANGO ETARIO Y SEXO', '75 a 79 años', 'Mujeres']",18
P4,A,PROGRAMA SALUD CARDIOVASCULAR (PSCV),P4150603,Personas bajo control según patología y factores de riesgo (existencia) - Dislipidemia,COL30,AG,33,RANGO ETARIO Y SEXO - 80 y más años - Hombres,RANGO ETARIO Y SEXO,80 y más años,Hombres,,,"['RANGO ETARIO Y SEXO', '80 y más años', 'Hombres']",18
P4,A,PROGRAMA SALUD CARDIOVASCULAR (PSCV),P4150603,Personas bajo control según patología y factores de riesgo (existencia) - Dislipidemia,COL31,AH,34,RANGO ETARIO Y SEXO - 80 y más años - Mujeres,RANGO ETARIO Y SEXO,80 y más años,Mujeres,,,"['RANGO ETARIO Y SEXO', '80 y más años', 'Mujeres']",18
P4,A,PROGRAMA SALUD CARDIOVASCULAR (PSCV),P4150603,Personas bajo control según patología y factores de riesgo (existencia) - Dislipidemia,COL32,AI,35,Pueblos Originarios - Hombres,Pueblos Originarios,Hombres,,,,"['Pueblos Originarios', 'Hombres']",18
P4,A,PROGRAMA SALUD CARDIOVASCULAR (PSCV),P4150603,Personas bajo control según patología y factores de riesgo (existencia) - Dislipidemia,COL33,AJ,36,Pueblos Originarios - Mujeres,Pueblos Originarios,Mujeres,,,,"['Pueblos Originarios', 'Mujeres']",18
P4,A,PROGRAMA SALUD CARDIOVASCULAR (PSCV),P4150603,Personas bajo control según patología y factores de riesgo (existencia) - Dislipidemia,COL34,AK,37,Migrantes - Hombres,Migrantes,Hombres,,,,"['Migrantes', 'Hombres']",18
P4,A,PROGRAMA SALUD CARDIOVASCULAR (PSCV),P4150603,Personas bajo control según patología y factores de riesgo (existencia) - Dislipidemia,COL35,AL,38,Migrantes - Mujeres,Migrantes,Mujeres,,,,"['Migrantes', 'Mujeres']",18
P4,A,PROGRAMA SALUD CARDIOVASCULAR (PSCV),P4150701,Personas bajo control según patología y factores de riesgo (existencia) - Tabaquismo ≥ 55 años,COL01,D,4,TOTAL - Ambos sexos,TOTAL,Ambos sexos,,,,"['TOTAL', 'Ambos sexos']",19
P4,A,PROGRAMA SALUD CARDIOVASCULAR (PSCV),P4150701,Personas bajo control según patología y factores de riesgo (existencia) - Tabaquismo ≥ 55 años,COL02,E,5,TOTAL - Hombres,TOTAL,Hombres,,,,"['TOTAL', 'Hombres']",19
P4,A,PROGRAMA SALUD CARDIOVASCULAR (PSCV),P4150701,Personas bajo control según patología y factores de riesgo (existencia) - Tabaquismo ≥ 55 años,COL03,F,6,TOTAL - Mujeres,TOTAL,Mujeres,,,,"['TOTAL', 'Mujeres']",19
P4,A,PROGRAMA SALUD CARDIOVASCULAR (PSCV),P4150701,Personas bajo control según patología y factores de riesgo (existencia) - Tabaquismo ≥ 55 años,COL04,G,7,RANGO ETARIO Y SEXO - 15 a 19 años - Hombres,RANGO ETARIO Y SEXO,15 a 19 años,Hombres,,,"['RANGO ETARIO Y SEXO', '15 a 19 años', 'Hombres']",19
P4,A,PROGRAMA SALUD CARDIOVASCULAR (PSCV),P4150701,Personas bajo control según patología y factores de riesgo (existencia) - Tabaquismo ≥ 55 años,COL05,H,8,RANGO ETARIO Y SEXO - 15 a 19 años - Mujeres,RANGO ETARIO Y SEXO,15 a 19 años,Mujeres,,,"['RANGO ETARIO Y SEXO', '15 a 19 años', 'Mujeres']",19
P4,A,PROGRAMA SALUD CARDIOVASCULAR (PSCV),P4150701,Personas bajo control según patología y factores de riesgo (existencia) - Tabaquismo ≥ 55 años,COL06,I,9,RANGO ETARIO Y SEXO - 20 a 24 años - Hombres,RANGO ETARIO Y SEXO,20 a 24 años,Hombres,,,"['RANGO ETARIO Y SEXO', '20 a 24 años', 'Hombres']",19
P4,A,PROGRAMA SALUD CARDIOVASCULAR (PSCV),P4150701,Personas bajo control según patología y factores de riesgo (existencia) - Tabaquismo ≥ 55 años,COL07,J,10,RANGO ETARIO Y SEXO - 20 a 24 años - Mujeres,RANGO ETARIO Y SEXO,20 a 24 años,Mujeres,,,"['RANGO ETARIO Y SEXO', '20 a 24 años', 'Mujeres']",19
P4,A,PROGRAMA SALUD CARDIOVASCULAR (PSCV),P4150701,Personas bajo control según patología y factores de riesgo (existencia) - Tabaquismo ≥ 55 años,COL08,K,11,RANGO ETARIO Y SEXO - 25 a 29 años - Hombres,RANGO ETARIO Y SEXO,25 a 29 años,Hombres,,,"['RANGO ETARIO Y SEXO', '25 a 29 años', 'Hombres']",19
P4,A,PROGRAMA SALUD CARDIOVASCULAR (PSCV),P4150701,Personas bajo control según patología y factores de riesgo (existencia) - Tabaquismo ≥ 55 años,COL09,L,12,RANGO ETARIO Y SEXO - 25 a 29 años - Mujeres,RANGO ETARIO Y SEXO,25 a 29 años,Mujeres,,,"['RANGO ETARIO Y SEXO', '25 a 29 años', 'Mujeres']",19
P4,A,PROGRAMA SALUD CARDIOVASCULAR (PSCV),P4150701,Personas bajo control según patología y factores de riesgo (existencia) - Tabaquismo ≥ 55 años,COL10,M,13,RANGO ETARIO Y SEXO - 30 a 34 años - Hombres,RANGO ETARIO Y SEXO,30 a 34 años,Hombres,,,"['RANGO ETARIO Y SEXO', '30 a 34 años', 'Hombres']",19
P4,A,PROGRAMA SALUD CARDIOVASCULAR (PSCV),P4150701,Personas bajo control según patología y factores de riesgo (existencia) - Tabaquismo ≥ 55 años,COL11,N,14,RANGO ETARIO Y SEXO - 30 a 34 años - Mujeres,RANGO ETARIO Y SEXO,30 a 34 años,Mujeres,,,"['RANGO ETARIO Y SEXO', '30 a 34 años', 'Mujeres']",19
P4,A,PROGRAMA SALUD CARDIOVASCULAR (PSCV),P4150701,Personas bajo control según patología y factores de riesgo (existencia) - Tabaquismo ≥ 55 años,COL12,O,15,RANGO ETARIO Y SEXO - 35 a 39 años - Hombres,RANGO ETARIO Y SEXO,35 a 39 años,Hombres,,,"['RANGO ETARIO Y SEXO', '35 a 39 años', 'Hombres']",19
P4,A,PROGRAMA SALUD CARDIOVASCULAR (PSCV),P4150701,Personas bajo control según patología y factores de riesgo (existencia) - Tabaquismo ≥ 55 años,COL13,P,16,RANGO ETARIO Y SEXO - 35 a 39 años - Mujeres,RANGO ETARIO Y SEXO,35 a 39 años,Mujeres,,,"['RANGO ETARIO Y SEXO', '35 a 39 años', 'Mujeres']",19
P4,A,PROGRAMA SALUD CARDIOVASCULAR (PSCV),P4150701,Personas bajo control según patología y factores de riesgo (existencia) - Tabaquismo ≥ 55 años,COL14,Q,17,RANGO ETARIO Y SEXO - 40 a 44 años - Hombres,RANGO ETARIO Y SEXO,40 a 44 años,Hombres,,,"['RANGO ETARIO Y SEXO', '40 a 44 años', 'Hombres']",19
P4,A,PROGRAMA SALUD CARDIOVASCULAR (PSCV),P4150701,Personas bajo control según patología y factores de riesgo (existencia) - Tabaquismo ≥ 55 años,COL15,R,18,RANGO ETARIO Y SEXO - 40 a 44 años - Mujeres,RANGO ETARIO Y SEXO,40 a 44 años,Mujeres,,,"['RANGO ETARIO Y SEXO', '40 a 44 años', 'Mujeres']",19
P4,A,PROGRAMA SALUD CARDIOVASCULAR (PSCV),P4150701,Personas bajo control según patología y factores de riesgo (existencia) - Tabaquismo ≥ 55 años,COL16,S,19,RANGO ETARIO Y SEXO - 45 a 49 años - Hombres,RANGO ETARIO Y SEXO,45 a 49 años,Hombres,,,"['RANGO ETARIO Y SEXO', '45 a 49 años', 'Hombres']",19
P4,A,PROGRAMA SALUD CARDIOVASCULAR (PSCV),P4150701,Personas bajo control según patología y factores de riesgo (existencia) - Tabaquismo ≥ 55 años,COL17,T,20,RANGO ETARIO Y SEXO - 45 a 49 años - Mujeres,RANGO ETARIO Y SEXO,45 a 49 años,Mujeres,,,"['RANGO ETARIO Y SEXO', '45 a 49 años', 'Mujeres']",19
P4,A,PROGRAMA SALUD CARDIOVASCULAR (PSCV),P4150701,Personas bajo control según patología y factores de riesgo (existencia) - Tabaquismo ≥ 55 años,COL18,U,21,RANGO ETARIO Y SEXO - 50 a 54 años - Hombres,RANGO ETARIO Y SEXO,50 a 54 años,Hombres,,,"['RANGO ETARIO Y SEXO', '50 a 54 años', 'Hombres']",19
P4,A,PROGRAMA SALUD CARDIOVASCULAR (PSCV),P4150701,Personas bajo control según patología y factores de riesgo (existencia) - Tabaquismo ≥ 55 años,COL19,V,22,RANGO ETARIO Y SEXO - 50 a 54 años - Mujeres,RANGO ETARIO Y SEXO,50 a 54 años,Mujeres,,,"['RANGO ETARIO Y SEXO', '50 a 54 años', 'Mujeres']",19
P4,A,PROGRAMA SALUD CARDIOVASCULAR (PSCV),P4150701,Personas bajo control según patología y factores de riesgo (existencia) - Tabaquismo ≥ 55 años,COL20,W,23,RANGO ETARIO Y SEXO - 55 a 59 años - Hombres,RANGO ETARIO Y SEXO,55 a 59 años,Hombres,,,"['RANGO ETARIO Y SEXO', '55 a 59 años', 'Hombres']",19
P4,A,PROGRAMA SALUD CARDIOVASCULAR (PSCV),P4150701,Personas bajo control según patología y factores de riesgo (existencia) - Tabaquismo ≥ 55 años,COL21,X,24,RANGO ETARIO Y SEXO - 55 a 59 años - Mujeres,RANGO ETARIO Y SEXO,55 a 59 años,Mujeres,,,"['RANGO ETARIO Y SEXO', '55 a 59 años', 'Mujeres']",19
P4,A,PROGRAMA SALUD CARDIOVASCULAR (PSCV),P4150701,Personas bajo control según patología y factores de riesgo (existencia) - Tabaquismo ≥ 55 años,COL22,Y,25,RANGO ETARIO Y SEXO - 60 a 64 años - Hombres,RANGO ETARIO Y SEXO,60 a 64 años,Hombres,,,"['RANGO ETARIO Y SEXO', '60 a 64 años', 'Hombres']",19
P4,A,PROGRAMA SALUD CARDIOVASCULAR (PSCV),P4150701,Personas bajo control según patología y factores de riesgo (existencia) - Tabaquismo ≥ 55 años,COL23,Z,26,RANGO ETARIO Y SEXO - 60 a 64 años - Mujeres,RANGO ETARIO Y SEXO,60 a 64 años,Mujeres,,,"['RANGO ETARIO Y SEXO', '60 a 64 años', 'Mujeres']",19
P4,A,PROGRAMA SALUD CARDIOVASCULAR (PSCV),P4150701,Personas bajo control según patología y factores de riesgo (existencia) - Tabaquismo ≥ 55 años,COL24,AA,27,RANGO ETARIO Y SEXO - 65 a 69 años - Hombres,RANGO ETARIO Y SEXO,65 a 69 años,Hombres,,,"['RANGO ETARIO Y SEXO', '65 a 69 años', 'Hombres']",19
P4,A,PROGRAMA SALUD CARDIOVASCULAR (PSCV),P4150701,Personas bajo control según patología y factores de riesgo (existencia) - Tabaquismo ≥ 55 años,COL25,AB,28,RANGO ETARIO Y SEXO - 65 a 69 años - Mujeres,RANGO ETARIO Y SEXO,65 a 69 años,Mujeres,,,"['RANGO ETARIO Y SEXO', '65 a 69 años', 'Mujeres']",19
P4,A,PROGRAMA SALUD CARDIOVASCULAR (PSCV),P4150701,Personas bajo control según patología y factores de riesgo (existencia) - Tabaquismo ≥ 55 años,COL26,AC,29,RANGO ETARIO Y SEXO - 70 a 74 años - Hombres,RANGO ETARIO Y SEXO,70 a 74 años,Hombres,,,"['RANGO ETARIO Y SEXO', '70 a 74 años', 'Hombres']",19
P4,A,PROGRAMA SALUD CARDIOVASCULAR (PSCV),P4150701,Personas bajo control según patología y factores de riesgo (existencia) - Tabaquismo ≥ 55 años,COL27,AD,30,RANGO ETARIO Y SEXO - 70 a 74 años - Mujeres,RANGO ETARIO Y SEXO,70 a 74 años,Mujeres,,,"['RANGO ETARIO Y SEXO', '70 a 74 años', 'Mujeres']",19
P4,A,PROGRAMA SALUD CARDIOVASCULAR (PSCV),P4150701,Personas bajo control según patología y factores de riesgo (existencia) - Tabaquismo ≥ 55 años,COL28,AE,31,RANGO ETARIO Y SEXO - 75 a 79 años - Hombres,RANGO ETARIO Y SEXO,75 a 79 años,Hombres,,,"['RANGO ETARIO Y SEXO', '75 a 79 años', 'Hombres']",19
P4,A,PROGRAMA SALUD CARDIOVASCULAR (PSCV),P4150701,Personas bajo control según patología y factores de riesgo (existencia) - Tabaquismo ≥ 55 años,COL29,AF,32,RANGO ETARIO Y SEXO - 75 a 79 años - Mujeres,RANGO ETARIO Y SEXO,75 a 79 años,Mujeres,,,"['RANGO ETARIO Y SEXO', '75 a 79 años', 'Mujeres']",19
P4,A,PROGRAMA SALUD CARDIOVASCULAR (PSCV),P4150701,Personas bajo control según patología y factores de riesgo (existencia) - Tabaquismo ≥ 55 años,COL30,AG,33,RANGO ETARIO Y SEXO - 80 y más años - Hombres,RANGO ETARIO Y SEXO,80 y más años,Hombres,,,"['RANGO ETARIO Y SEXO', '80 y más años', 'Hombres']",19
P4,A,PROGRAMA SALUD CARDIOVASCULAR (PSCV),P4150701,Personas bajo control según patología y factores de riesgo (existencia) - Tabaquismo ≥ 55 años,COL31,AH,34,RANGO ETARIO Y SEXO - 80 y más años - Mujeres,RANGO ETARIO Y SEXO,80 y más años,Mujeres,,,"['RANGO ETARIO Y SEXO', '80 y más años', 'Mujeres']",19
P4,A,PROGRAMA SALUD CARDIOVASCULAR (PSCV),P4150701,Personas bajo control según patología y factores de riesgo (existencia) - Tabaquismo ≥ 55 años,COL32,AI,35,Pueblos Originarios - Hombres,Pueblos Originarios,Hombres,,,,"['Pueblos Originarios', 'Hombres']",19
P4,A,PROGRAMA SALUD CARDIOVASCULAR (PSCV),P4150701,Personas bajo control según patología y factores de riesgo (existencia) - Tabaquismo ≥ 55 años,COL33,AJ,36,Pueblos Originarios - Mujeres,Pueblos Originarios,Mujeres,,,,"['Pueblos Originarios', 'Mujeres']",19
P4,A,PROGRAMA SALUD CARDIOVASCULAR (PSCV),P4150701,Personas bajo control según patología y factores de riesgo (existencia) - Tabaquismo ≥ 55 años,COL34,AK,37,Migrantes - Hombres,Migrantes,Hombres,,,,"['Migrantes', 'Hombres']",19
P4,A,PROGRAMA SALUD CARDIOVASCULAR (PSCV),P4150701,Personas bajo control según patología y factores de riesgo (existencia) - Tabaquismo ≥ 55 años,COL35,AL,38,Migrantes - Mujeres,Migrantes,Mujeres,,,,"['Migrantes', 'Mujeres']",19
P4,A,PROGRAMA SALUD CARDIOVASCULAR (PSCV),P4190900,Personas bajo control según patología y factores de riesgo (existencia) - Antecedentes de Infarto Agudo al Miocardio (IAM),COL01,D,4,TOTAL - Ambos sexos,TOTAL,Ambos sexos,,,,"['TOTAL', 'Ambos sexos']",20
P4,A,PROGRAMA SALUD CARDIOVASCULAR (PSCV),P4190900,Personas bajo control según patología y factores de riesgo (existencia) - Antecedentes de Infarto Agudo al Miocardio (IAM),COL02,E,5,TOTAL - Hombres,TOTAL,Hombres,,,,"['TOTAL', 'Hombres']",20
P4,A,PROGRAMA SALUD CARDIOVASCULAR (PSCV),P4190900,Personas bajo control según patología y factores de riesgo (existencia) - Antecedentes de Infarto Agudo al Miocardio (IAM),COL03,F,6,TOTAL - Mujeres,TOTAL,Mujeres,,,,"['TOTAL', 'Mujeres']",20
P4,A,PROGRAMA SALUD CARDIOVASCULAR (PSCV),P4190900,Personas bajo control según patología y factores de riesgo (existencia) - Antecedentes de Infarto Agudo al Miocardio (IAM),COL04,G,7,RANGO ETARIO Y SEXO - 15 a 19 años - Hombres,RANGO ETARIO Y SEXO,15 a 19 años,Hombres,,,"['RANGO ETARIO Y SEXO', '15 a 19 años', 'Hombres']",20
P4,A,PROGRAMA SALUD CARDIOVASCULAR (PSCV),P4190900,Personas bajo control según patología y factores de riesgo (existencia) - Antecedentes de Infarto Agudo al Miocardio (IAM),COL05,H,8,RANGO ETARIO Y SEXO - 15 a 19 años - Mujeres,RANGO ETARIO Y SEXO,15 a 19 años,Mujeres,,,"['RANGO ETARIO Y SEXO', '15 a 19 años', 'Mujeres']",20
P4,A,PROGRAMA SALUD CARDIOVASCULAR (PSCV),P4190900,Personas bajo control según patología y factores de riesgo (existencia) - Antecedentes de Infarto Agudo al Miocardio (IAM),COL06,I,9,RANGO ETARIO Y SEXO - 20 a 24 años - Hombres,RANGO ETARIO Y SEXO,20 a 24 años,Hombres,,,"['RANGO ETARIO Y SEXO', '20 a 24 años', 'Hombres']",20
P4,A,PROGRAMA SALUD CARDIOVASCULAR (PSCV),P4190900,Personas bajo control según patología y factores de riesgo (existencia) - Antecedentes de Infarto Agudo al Miocardio (IAM),COL07,J,10,RANGO ETARIO Y SEXO - 20 a 24 años - Mujeres,RANGO ETARIO Y SEXO,20 a 24 años,Mujeres,,,"['RANGO ETARIO Y SEXO', '20 a 24 años', 'Mujeres']",20
P4,A,PROGRAMA SALUD CARDIOVASCULAR (PSCV),P4190900,Personas bajo control según patología y factores de riesgo (existencia) - Antecedentes de Infarto Agudo al Miocardio (IAM),COL08,K,11,RANGO ETARIO Y SEXO - 25 a 29 años - Hombres,RANGO ETARIO Y SEXO,25 a 29 años,Hombres,,,"['RANGO ETARIO Y SEXO', '25 a 29 años', 'Hombres']",20
P4,A,PROGRAMA SALUD CARDIOVASCULAR (PSCV),P4190900,Personas bajo control según patología y factores de riesgo (existencia) - Antecedentes de Infarto Agudo al Miocardio (IAM),COL09,L,12,RANGO ETARIO Y SEXO - 25 a 29 años - Mujeres,RANGO ETARIO Y SEXO,25 a 29 años,Mujeres,,,"['RANGO ETARIO Y SEXO', '25 a 29 años', 'Mujeres']",20
P4,A,PROGRAMA SALUD CARDIOVASCULAR (PSCV),P4190900,Personas bajo control según patología y factores de riesgo (existencia) - Antecedentes de Infarto Agudo al Miocardio (IAM),COL10,M,13,RANGO ETARIO Y SEXO - 30 a 34 años - Hombres,RANGO ETARIO Y SEXO,30 a 34 años,Hombres,,,"['RANGO ETARIO Y SEXO', '30 a 34 años', 'Hombres']",20
P4,A,PROGRAMA SALUD CARDIOVASCULAR (PSCV),P4190900,Personas bajo control según patología y factores de riesgo (existencia) - Antecedentes de Infarto Agudo al Miocardio (IAM),COL11,N,14,RANGO ETARIO Y SEXO - 30 a 34 años - Mujeres,RANGO ETARIO Y SEXO,30 a 34 años,Mujeres,,,"['RANGO ETARIO Y SEXO', '30 a 34 años', 'Mujeres']",20
P4,A,PROGRAMA SALUD CARDIOVASCULAR (PSCV),P4190900,Personas bajo control según patología y factores de riesgo (existencia) - Antecedentes de Infarto Agudo al Miocardio (IAM),COL12,O,15,RANGO ETARIO Y SEXO - 35 a 39 años - Hombres,RANGO ETARIO Y SEXO,35 a 39 años,Hombres,,,"['RANGO ETARIO Y SEXO', '35 a 39 años', 'Hombres']",20
P4,A,PROGRAMA SALUD CARDIOVASCULAR (PSCV),P4190900,Personas bajo control según patología y factores de riesgo (existencia) - Antecedentes de Infarto Agudo al Miocardio (IAM),COL13,P,16,RANGO ETARIO Y SEXO - 35 a 39 años - Mujeres,RANGO ETARIO Y SEXO,35 a 39 años,Mujeres,,,"['RANGO ETARIO Y SEXO', '35 a 39 años', 'Mujeres']",20
P4,A,PROGRAMA SALUD CARDIOVASCULAR (PSCV),P4190900,Personas bajo control según patología y factores de riesgo (existencia) - Antecedentes de Infarto Agudo al Miocardio (IAM),COL14,Q,17,RANGO ETARIO Y SEXO - 40 a 44 años - Hombres,RANGO ETARIO Y SEXO,40 a 44 años,Hombres,,,"['RANGO ETARIO Y SEXO', '40 a 44 años', 'Hombres']",20
P4,A,PROGRAMA SALUD CARDIOVASCULAR (PSCV),P4190900,Personas bajo control según patología y factores de riesgo (existencia) - Antecedentes de Infarto Agudo al Miocardio (IAM),COL15,R,18,RANGO ETARIO Y SEXO - 40 a 44 años - Mujeres,RANGO ETARIO Y SEXO,40 a 44 años,Mujeres,,,"['RANGO ETARIO Y SEXO', '40 a 44 años', 'Mujeres']",20
P4,A,PROGRAMA SALUD CARDIOVASCULAR (PSCV),P4190900,Personas bajo control según patología y factores de riesgo (existencia) - Antecedentes de Infarto Agudo al Miocardio (IAM),COL16,S,19,RANGO ETARIO Y SEXO - 45 a 49 años - Hombres,RANGO ETARIO Y SEXO,45 a 49 años,Hombres,,,"['RANGO ETARIO Y SEXO', '45 a 49 años', 'Hombres']",20
P4,A,PROGRAMA SALUD CARDIOVASCULAR (PSCV),P4190900,Personas bajo control según patología y factores de riesgo (existencia) - Antecedentes de Infarto Agudo al Miocardio (IAM),COL17,T,20,RANGO ETARIO Y SEXO - 45 a 49 años - Mujeres,RANGO ETARIO Y SEXO,45 a 49 años,Mujeres,,,"['RANGO ETARIO Y SEXO', '45 a 49 años', 'Mujeres']",20
P4,A,PROGRAMA SALUD CARDIOVASCULAR (PSCV),P4190900,Personas bajo control según patología y factores de riesgo (existencia) - Antecedentes de Infarto Agudo al Miocardio (IAM),COL18,U,21,RANGO ETARIO Y SEXO - 50 a 54 años - Hombres,RANGO ETARIO Y SEXO,50 a 54 años,Hombres,,,"['RANGO ETARIO Y SEXO', '50 a 54 años', 'Hombres']",20
P4,A,PROGRAMA SALUD CARDIOVASCULAR (PSCV),P4190900,Personas bajo control según patología y factores de riesgo (existencia) - Antecedentes de Infarto Agudo al Miocardio (IAM),COL19,V,22,RANGO ETARIO Y SEXO - 50 a 54 años - Mujeres,RANGO ETARIO Y SEXO,50 a 54 años,Mujeres,,,"['RANGO ETARIO Y SEXO', '50 a 54 años', 'Mujeres']",20
P4,A,PROGRAMA SALUD CARDIOVASCULAR (PSCV),P4190900,Personas bajo control según patología y factores de riesgo (existencia) - Antecedentes de Infarto Agudo al Miocardio (IAM),COL20,W,23,RANGO ETARIO Y SEXO - 55 a 59 años - Hombres,RANGO ETARIO Y SEXO,55 a 59 años,Hombres,,,"['RANGO ETARIO Y SEXO', '55 a 59 años', 'Hombres']",20
P4,A,PROGRAMA SALUD CARDIOVASCULAR (PSCV),P4190900,Personas bajo control según patología y factores de riesgo (existencia) - Antecedentes de Infarto Agudo al Miocardio (IAM),COL21,X,24,RANGO ETARIO Y SEXO - 55 a 59 años - Mujeres,RANGO ETARIO Y SEXO,55 a 59 años,Mujeres,,,"['RANGO ETARIO Y SEXO', '55 a 59 años', 'Mujeres']",20
P4,A,PROGRAMA SALUD CARDIOVASCULAR (PSCV),P4190900,Personas bajo control según patología y factores de riesgo (existencia) - Antecedentes de Infarto Agudo al Miocardio (IAM),COL22,Y,25,RANGO ETARIO Y SEXO - 60 a 64 años - Hombres,RANGO ETARIO Y SEXO,60 a 64 años,Hombres,,,"['RANGO ETARIO Y SEXO', '60 a 64 años', 'Hombres']",20
P4,A,PROGRAMA SALUD CARDIOVASCULAR (PSCV),P4190900,Personas bajo control según patología y factores de riesgo (existencia) - Antecedentes de Infarto Agudo al Miocardio (IAM),COL23,Z,26,RANGO ETARIO Y SEXO - 60 a 64 años - Mujeres,RANGO ETARIO Y SEXO,60 a 64 años,Mujeres,,,"['RANGO ETARIO Y SEXO', '60 a 64 años', 'Mujeres']",20
P4,A,PROGRAMA SALUD CARDIOVASCULAR (PSCV),P4190900,Personas bajo control según patología y factores de riesgo (existencia) - Antecedentes de Infarto Agudo al Miocardio (IAM),COL24,AA,27,RANGO ETARIO Y SEXO - 65 a 69 años - Hombres,RANGO ETARIO Y SEXO,65 a 69 años,Hombres,,,"['RANGO ETARIO Y SEXO', '65 a 69 años', 'Hombres']",20
P4,A,PROGRAMA SALUD CARDIOVASCULAR (PSCV),P4190900,Personas bajo control según patología y factores de riesgo (existencia) - Antecedentes de Infarto Agudo al Miocardio (IAM),COL25,AB,28,RANGO ETARIO Y SEXO - 65 a 69 años - Mujeres,RANGO ETARIO Y SEXO,65 a 69 años,Mujeres,,,"['RANGO ETARIO Y SEXO', '65 a 69 años', 'Mujeres']",20
P4,A,PROGRAMA SALUD CARDIOVASCULAR (PSCV),P4190900,Personas bajo control según patología y factores de riesgo (existencia) - Antecedentes de Infarto Agudo al Miocardio (IAM),COL26,AC,29,RANGO ETARIO Y SEXO - 70 a 74 años - Hombres,RANGO ETARIO Y SEXO,70 a 74 años,Hombres,,,"['RANGO ETARIO Y SEXO', '70 a 74 años', 'Hombres']",20
P4,A,PROGRAMA SALUD CARDIOVASCULAR (PSCV),P4190900,Personas bajo control según patología y factores de riesgo (existencia) - Antecedentes de Infarto Agudo al Miocardio (IAM),COL27,AD,30,RANGO ETARIO Y SEXO - 70 a 74 años - Mujeres,RANGO ETARIO Y SEXO,70 a 74 años,Mujeres,,,"['RANGO ETARIO Y SEXO', '70 a 74 años', 'Mujeres']",20
P4,A,PROGRAMA SALUD CARDIOVASCULAR (PSCV),P4190900,Personas bajo control según patología y factores de riesgo (existencia) - Antecedentes de Infarto Agudo al Miocardio (IAM),COL28,AE,31,RANGO ETARIO Y SEXO - 75 a 79 años - Hombres,RANGO ETARIO Y SEXO,75 a 79 años,Hombres,,,"['RANGO ETARIO Y SEXO', '75 a 79 años', 'Hombres']",20
P4,A,PROGRAMA SALUD CARDIOVASCULAR (PSCV),P4190900,Personas bajo control según patología y factores de riesgo (existencia) - Antecedentes de Infarto Agudo al Miocardio (IAM),COL29,AF,32,RANGO ETARIO Y SEXO - 75 a 79 años - Mujeres,RANGO ETARIO Y SEXO,75 a 79 años,Mujeres,,,"['RANGO ETARIO Y SEXO', '75 a 79 años', 'Mujeres']",20
P4,A,PROGRAMA SALUD CARDIOVASCULAR (PSCV),P4190900,Personas bajo control según patología y factores de riesgo (existencia) - Antecedentes de Infarto Agudo al Miocardio (IAM),COL30,AG,33,RANGO ETARIO Y SEXO - 80 y más años - Hombres,RANGO ETARIO Y SEXO,80 y más años,Hombres,,,"['RANGO ETARIO Y SEXO', '80 y más años', 'Hombres']",20
P4,A,PROGRAMA SALUD CARDIOVASCULAR (PSCV),P4190900,Personas bajo control según patología y factores de riesgo (existencia) - Antecedentes de Infarto Agudo al Miocardio (IAM),COL31,AH,34,RANGO ETARIO Y SEXO - 80 y más años - Mujeres,RANGO ETARIO Y SEXO,80 y más años,Mujeres,,,"['RANGO ETARIO Y SEXO', '80 y más años', 'Mujeres']",20
P4,A,PROGRAMA SALUD CARDIOVASCULAR (PSCV),P4190900,Personas bajo control según patología y factores de riesgo (existencia) - Antecedentes de Infarto Agudo al Miocardio (IAM),COL32,AI,35,Pueblos Originarios - Hombres,Pueblos Originarios,Hombres,,,,"['Pueblos Originarios', 'Hombres']",20
P4,A,PROGRAMA SALUD CARDIOVASCULAR (PSCV),P4190900,Personas bajo control según patología y factores de riesgo (existencia) - Antecedentes de Infarto Agudo al Miocardio (IAM),COL33,AJ,36,Pueblos Originarios - Mujeres,Pueblos Originarios,Mujeres,,,,"['Pueblos Originarios', 'Mujeres']",20
P4,A,PROGRAMA SALUD CARDIOVASCULAR (PSCV),P4190900,Personas bajo control según patología y factores de riesgo (existencia) - Antecedentes de Infarto Agudo al Miocardio (IAM),COL34,AK,37,Migrantes - Hombres,Migrantes,Hombres,,,,"['Migrantes', 'Hombres']",20
P4,A,PROGRAMA SALUD CARDIOVASCULAR (PSCV),P4190900,Personas bajo control según patología y factores de riesgo (existencia) - Antecedentes de Infarto Agudo al Miocardio (IAM),COL35,AL,38,Migrantes - Mujeres,Migrantes,Mujeres,,,,"['Migrantes', 'Mujeres']",20
P4,A,PROGRAMA SALUD CARDIOVASCULAR (PSCV),P4190910,Personas bajo control según patología y factores de riesgo (existencia) - Antecedentes de Ataque Cerebro Vascular (ACV),COL01,D,4,TOTAL - Ambos sexos,TOTAL,Ambos sexos,,,,"['TOTAL', 'Ambos sexos']",21
P4,A,PROGRAMA SALUD CARDIOVASCULAR (PSCV),P4190910,Personas bajo control según patología y factores de riesgo (existencia) - Antecedentes de Ataque Cerebro Vascular (ACV),COL02,E,5,TOTAL - Hombres,TOTAL,Hombres,,,,"['TOTAL', 'Hombres']",21
P4,A,PROGRAMA SALUD CARDIOVASCULAR (PSCV),P4190910,Personas bajo control según patología y factores de riesgo (existencia) - Antecedentes de Ataque Cerebro Vascular (ACV),COL03,F,6,TOTAL - Mujeres,TOTAL,Mujeres,,,,"['TOTAL', 'Mujeres']",21
P4,A,PROGRAMA SALUD CARDIOVASCULAR (PSCV),P4190910,Personas bajo control según patología y factores de riesgo (existencia) - Antecedentes de Ataque Cerebro Vascular (ACV),COL04,G,7,RANGO ETARIO Y SEXO - 15 a 19 años - Hombres,RANGO ETARIO Y SEXO,15 a 19 años,Hombres,,,"['RANGO ETARIO Y SEXO', '15 a 19 años', 'Hombres']",21
P4,A,PROGRAMA SALUD CARDIOVASCULAR (PSCV),P4190910,Personas bajo control según patología y factores de riesgo (existencia) - Antecedentes de Ataque Cerebro Vascular (ACV),COL05,H,8,RANGO ETARIO Y SEXO - 15 a 19 años - Mujeres,RANGO ETARIO Y SEXO,15 a 19 años,Mujeres,,,"['RANGO ETARIO Y SEXO', '15 a 19 años', 'Mujeres']",21
P4,A,PROGRAMA SALUD CARDIOVASCULAR (PSCV),P4190910,Personas bajo control según patología y factores de riesgo (existencia) - Antecedentes de Ataque Cerebro Vascular (ACV),COL06,I,9,RANGO ETARIO Y SEXO - 20 a 24 años - Hombres,RANGO ETARIO Y SEXO,20 a 24 años,Hombres,,,"['RANGO ETARIO Y SEXO', '20 a 24 años', 'Hombres']",21
P4,A,PROGRAMA SALUD CARDIOVASCULAR (PSCV),P4190910,Personas bajo control según patología y factores de riesgo (existencia) - Antecedentes de Ataque Cerebro Vascular (ACV),COL07,J,10,RANGO ETARIO Y SEXO - 20 a 24 años - Mujeres,RANGO ETARIO Y SEXO,20 a 24 años,Mujeres,,,"['RANGO ETARIO Y SEXO', '20 a 24 años', 'Mujeres']",21
P4,A,PROGRAMA SALUD CARDIOVASCULAR (PSCV),P4190910,Personas bajo control según patología y factores de riesgo (existencia) - Antecedentes de Ataque Cerebro Vascular (ACV),COL08,K,11,RANGO ETARIO Y SEXO - 25 a 29 años - Hombres,RANGO ETARIO Y SEXO,25 a 29 años,Hombres,,,"['RANGO ETARIO Y SEXO', '25 a 29 años', 'Hombres']",21
P4,A,PROGRAMA SALUD CARDIOVASCULAR (PSCV),P4190910,Personas bajo control según patología y factores de riesgo (existencia) - Antecedentes de Ataque Cerebro Vascular (ACV),COL09,L,12,RANGO ETARIO Y SEXO - 25 a 29 años - Mujeres,RANGO ETARIO Y SEXO,25 a 29 años,Mujeres,,,"['RANGO ETARIO Y SEXO', '25 a 29 años', 'Mujeres']",21
P4,A,PROGRAMA SALUD CARDIOVASCULAR (PSCV),P4190910,Personas bajo control según patología y factores de riesgo (existencia) - Antecedentes de Ataque Cerebro Vascular (ACV),COL10,M,13,RANGO ETARIO Y SEXO - 30 a 34 años - Hombres,RANGO ETARIO Y SEXO,30 a 34 años,Hombres,,,"['RANGO ETARIO Y SEXO', '30 a 34 años', 'Hombres']",21
P4,A,PROGRAMA SALUD CARDIOVASCULAR (PSCV),P4190910,Personas bajo control según patología y factores de riesgo (existencia) - Antecedentes de Ataque Cerebro Vascular (ACV),COL11,N,14,RANGO ETARIO Y SEXO - 30 a 34 años - Mujeres,RANGO ETARIO Y SEXO,30 a 34 años,Mujeres,,,"['RANGO ETARIO Y SEXO', '30 a 34 años', 'Mujeres']",21
P4,A,PROGRAMA SALUD CARDIOVASCULAR (PSCV),P4190910,Personas bajo control según patología y factores de riesgo (existencia) - Antecedentes de Ataque Cerebro Vascular (ACV),COL12,O,15,RANGO ETARIO Y SEXO - 35 a 39 años - Hombres,RANGO ETARIO Y SEXO,35 a 39 años,Hombres,,,"['RANGO ETARIO Y SEXO', '35 a 39 años', 'Hombres']",21
P4,A,PROGRAMA SALUD CARDIOVASCULAR (PSCV),P4190910,Personas bajo control según patología y factores de riesgo (existencia) - Antecedentes de Ataque Cerebro Vascular (ACV),COL13,P,16,RANGO ETARIO Y SEXO - 35 a 39 años - Mujeres,RANGO ETARIO Y SEXO,35 a 39 años,Mujeres,,,"['RANGO ETARIO Y SEXO', '35 a 39 años', 'Mujeres']",21
P4,A,PROGRAMA SALUD CARDIOVASCULAR (PSCV),P4190910,Personas bajo control según patología y factores de riesgo (existencia) - Antecedentes de Ataque Cerebro Vascular (ACV),COL14,Q,17,RANGO ETARIO Y SEXO - 40 a 44 años - Hombres,RANGO ETARIO Y SEXO,40 a 44 años,Hombres,,,"['RANGO ETARIO Y SEXO', '40 a 44 años', 'Hombres']",21
P4,A,PROGRAMA SALUD CARDIOVASCULAR (PSCV),P4190910,Personas bajo control según patología y factores de riesgo (existencia) - Antecedentes de Ataque Cerebro Vascular (ACV),COL15,R,18,RANGO ETARIO Y SEXO - 40 a 44 años - Mujeres,RANGO ETARIO Y SEXO,40 a 44 años,Mujeres,,,"['RANGO ETARIO Y SEXO', '40 a 44 años', 'Mujeres']",21
P4,A,PROGRAMA SALUD CARDIOVASCULAR (PSCV),P4190910,Personas bajo control según patología y factores de riesgo (existencia) - Antecedentes de Ataque Cerebro Vascular (ACV),COL16,S,19,RANGO ETARIO Y SEXO - 45 a 49 años - Hombres,RANGO ETARIO Y SEXO,45 a 49 años,Hombres,,,"['RANGO ETARIO Y SEXO', '45 a 49 años', 'Hombres']",21
P4,A,PROGRAMA SALUD CARDIOVASCULAR (PSCV),P4190910,Personas bajo control según patología y factores de riesgo (existencia) - Antecedentes de Ataque Cerebro Vascular (ACV),COL17,T,20,RANGO ETARIO Y SEXO - 45 a 49 años - Mujeres,RANGO ETARIO Y SEXO,45 a 49 años,Mujeres,,,"['RANGO ETARIO Y SEXO', '45 a 49 años', 'Mujeres']",21
P4,A,PROGRAMA SALUD CARDIOVASCULAR (PSCV),P4190910,Personas bajo control según patología y factores de riesgo (existencia) - Antecedentes de Ataque Cerebro Vascular (ACV),COL18,U,21,RANGO ETARIO Y SEXO - 50 a 54 años - Hombres,RANGO ETARIO Y SEXO,50 a 54 años,Hombres,,,"['RANGO ETARIO Y SEXO', '50 a 54 años', 'Hombres']",21
P4,A,PROGRAMA SALUD CARDIOVASCULAR (PSCV),P4190910,Personas bajo control según patología y factores de riesgo (existencia) - Antecedentes de Ataque Cerebro Vascular (ACV),COL19,V,22,RANGO ETARIO Y SEXO - 50 a 54 años - Mujeres,RANGO ETARIO Y SEXO,50 a 54 años,Mujeres,,,"['RANGO ETARIO Y SEXO', '50 a 54 años', 'Mujeres']",21
P4,A,PROGRAMA SALUD CARDIOVASCULAR (PSCV),P4190910,Personas bajo control según patología y factores de riesgo (existencia) - Antecedentes de Ataque Cerebro Vascular (ACV),COL20,W,23,RANGO ETARIO Y SEXO - 55 a 59 años - Hombres,RANGO ETARIO Y SEXO,55 a 59 años,Hombres,,,"['RANGO ETARIO Y SEXO', '55 a 59 años', 'Hombres']",21
P4,A,PROGRAMA SALUD CARDIOVASCULAR (PSCV),P4190910,Personas bajo control según patología y factores de riesgo (existencia) - Antecedentes de Ataque Cerebro Vascular (ACV),COL21,X,24,RANGO ETARIO Y SEXO - 55 a 59 años - Mujeres,RANGO ETARIO Y SEXO,55 a 59 años,Mujeres,,,"['RANGO ETARIO Y SEXO', '55 a 59 años', 'Mujeres']",21
P4,A,PROGRAMA SALUD CARDIOVASCULAR (PSCV),P4190910,Personas bajo control según patología y factores de riesgo (existencia) - Antecedentes de Ataque Cerebro Vascular (ACV),COL22,Y,25,RANGO ETARIO Y SEXO - 60 a 64 años - Hombres,RANGO ETARIO Y SEXO,60 a 64 años,Hombres,,,"['RANGO ETARIO Y SEXO', '60 a 64 años', 'Hombres']",21
P4,A,PROGRAMA SALUD CARDIOVASCULAR (PSCV),P4190910,Personas bajo control según patología y factores de riesgo (existencia) - Antecedentes de Ataque Cerebro Vascular (ACV),COL23,Z,26,RANGO ETARIO Y SEXO - 60 a 64 años - Mujeres,RANGO ETARIO Y SEXO,60 a 64 años,Mujeres,,,"['RANGO ETARIO Y SEXO', '60 a 64 años', 'Mujeres']",21
P4,A,PROGRAMA SALUD CARDIOVASCULAR (PSCV),P4190910,Personas bajo control según patología y factores de riesgo (existencia) - Antecedentes de Ataque Cerebro Vascular (ACV),COL24,AA,27,RANGO ETARIO Y SEXO - 65 a 69 años - Hombres,RANGO ETARIO Y SEXO,65 a 69 años,Hombres,,,"['RANGO ETARIO Y SEXO', '65 a 69 años', 'Hombres']",21
P4,A,PROGRAMA SALUD CARDIOVASCULAR (PSCV),P4190910,Personas bajo control según patología y factores de riesgo (existencia) - Antecedentes de Ataque Cerebro Vascular (ACV),COL25,AB,28,RANGO ETARIO Y SEXO - 65 a 69 años - Mujeres,RANGO ETARIO Y SEXO,65 a 69 años,Mujeres,,,"['RANGO ETARIO Y SEXO', '65 a 69 años', 'Mujeres']",21
P4,A,PROGRAMA SALUD CARDIOVASCULAR (PSCV),P4190910,Personas bajo control según patología y factores de riesgo (existencia) - Antecedentes de Ataque Cerebro Vascular (ACV),COL26,AC,29,RANGO ETARIO Y SEXO - 70 a 74 años - Hombres,RANGO ETARIO Y SEXO,70 a 74 años,Hombres,,,"['RANGO ETARIO Y SEXO', '70 a 74 años', 'Hombres']",21
P4,A,PROGRAMA SALUD CARDIOVASCULAR (PSCV),P4190910,Personas bajo control según patología y factores de riesgo (existencia) - Antecedentes de Ataque Cerebro Vascular (ACV),COL27,AD,30,RANGO ETARIO Y SEXO - 70 a 74 años - Mujeres,RANGO ETARIO Y SEXO,70 a 74 años,Mujeres,,,"['RANGO ETARIO Y SEXO', '70 a 74 años', 'Mujeres']",21
P4,A,PROGRAMA SALUD CARDIOVASCULAR (PSCV),P4190910,Personas bajo control según patología y factores de riesgo (existencia) - Antecedentes de Ataque Cerebro Vascular (ACV),COL28,AE,31,RANGO ETARIO Y SEXO - 75 a 79 años - Hombres,RANGO ETARIO Y SEXO,75 a 79 años,Hombres,,,"['RANGO ETARIO Y SEXO', '75 a 79 años', 'Hombres']",21
P4,A,PROGRAMA SALUD CARDIOVASCULAR (PSCV),P4190910,Personas bajo control según patología y factores de riesgo (existencia) - Antecedentes de Ataque Cerebro Vascular (ACV),COL29,AF,32,RANGO ETARIO Y SEXO - 75 a 79 años - Mujeres,RANGO ETARIO Y SEXO,75 a 79 años,Mujeres,,,"['RANGO ETARIO Y SEXO', '75 a 79 años', 'Mujeres']",21
P4,A,PROGRAMA SALUD CARDIOVASCULAR (PSCV),P4190910,Personas bajo control según patología y factores de riesgo (existencia) - Antecedentes de Ataque Cerebro Vascular (ACV),COL30,AG,33,RANGO ETARIO Y SEXO - 80 y más años - Hombres,RANGO ETARIO Y SEXO,80 y más años,Hombres,,,"['RANGO ETARIO Y SEXO', '80 y más años', 'Hombres']",21
P4,A,PROGRAMA SALUD CARDIOVASCULAR (PSCV),P4190910,Personas bajo control según patología y factores de riesgo (existencia) - Antecedentes de Ataque Cerebro Vascular (ACV),COL31,AH,34,RANGO ETARIO Y SEXO - 80 y más años - Mujeres,RANGO ETARIO Y SEXO,80 y más años,Mujeres,,,"['RANGO ETARIO Y SEXO', '80 y más años', 'Mujeres']",21
P4,A,PROGRAMA SALUD CARDIOVASCULAR (PSCV),P4190910,Personas bajo control según patología y factores de riesgo (existencia) - Antecedentes de Ataque Cerebro Vascular (ACV),COL32,AI,35,Pueblos Originarios - Hombres,Pueblos Originarios,Hombres,,,,"['Pueblos Originarios', 'Hombres']",21
P4,A,PROGRAMA SALUD CARDIOVASCULAR (PSCV),P4190910,Personas bajo control según patología y factores de riesgo (existencia) - Antecedentes de Ataque Cerebro Vascular (ACV),COL33,AJ,36,Pueblos Originarios - Mujeres,Pueblos Originarios,Mujeres,,,,"['Pueblos Originarios', 'Mujeres']",21
P4,A,PROGRAMA SALUD CARDIOVASCULAR (PSCV),P4190910,Personas bajo control según patología y factores de riesgo (existencia) - Antecedentes de Ataque Cerebro Vascular (ACV),COL34,AK,37,Migrantes - Hombres,Migrantes,Hombres,,,,"['Migrantes', 'Hombres']",21
P4,A,PROGRAMA SALUD CARDIOVASCULAR (PSCV),P4190910,Personas bajo control según patología y factores de riesgo (existencia) - Antecedentes de Ataque Cerebro Vascular (ACV),COL35,AL,38,Migrantes - Mujeres,Migrantes,Mujeres,,,,"['Migrantes', 'Mujeres']",21
P4,A,PROGRAMA SALUD CARDIOVASCULAR (PSCV),P4401010,Personas bajo control según patología y factores de riesgo (existencia) - Antecedentes de otras Enfermedades Cardiovasculares ECV (excepto IAM y ACV),COL01,D,4,TOTAL - Ambos sexos,TOTAL,Ambos sexos,,,,"['TOTAL', 'Ambos sexos']",22
P4,A,PROGRAMA SALUD CARDIOVASCULAR (PSCV),P4401010,Personas bajo control según patología y factores de riesgo (existencia) - Antecedentes de otras Enfermedades Cardiovasculares ECV (excepto IAM y ACV),COL02,E,5,TOTAL - Hombres,TOTAL,Hombres,,,,"['TOTAL', 'Hombres']",22
P4,A,PROGRAMA SALUD CARDIOVASCULAR (PSCV),P4401010,Personas bajo control según patología y factores de riesgo (existencia) - Antecedentes de otras Enfermedades Cardiovasculares ECV (excepto IAM y ACV),COL03,F,6,TOTAL - Mujeres,TOTAL,Mujeres,,,,"['TOTAL', 'Mujeres']",22
P4,A,PROGRAMA SALUD CARDIOVASCULAR (PSCV),P4401010,Personas bajo control según patología y factores de riesgo (existencia) - Antecedentes de otras Enfermedades Cardiovasculares ECV (excepto IAM y ACV),COL04,G,7,RANGO ETARIO Y SEXO - 15 a 19 años - Hombres,RANGO ETARIO Y SEXO,15 a 19 años,Hombres,,,"['RANGO ETARIO Y SEXO', '15 a 19 años', 'Hombres']",22
P4,A,PROGRAMA SALUD CARDIOVASCULAR (PSCV),P4401010,Personas bajo control según patología y factores de riesgo (existencia) - Antecedentes de otras Enfermedades Cardiovasculares ECV (excepto IAM y ACV),COL05,H,8,RANGO ETARIO Y SEXO - 15 a 19 años - Mujeres,RANGO ETARIO Y SEXO,15 a 19 años,Mujeres,,,"['RANGO ETARIO Y SEXO', '15 a 19 años', 'Mujeres']",22
P4,A,PROGRAMA SALUD CARDIOVASCULAR (PSCV),P4401010,Personas bajo control según patología y factores de riesgo (existencia) - Antecedentes de otras Enfermedades Cardiovasculares ECV (excepto IAM y ACV),COL06,I,9,RANGO ETARIO Y SEXO - 20 a 24 años - Hombres,RANGO ETARIO Y SEXO,20 a 24 años,Hombres,,,"['RANGO ETARIO Y SEXO', '20 a 24 años', 'Hombres']",22
P4,A,PROGRAMA SALUD CARDIOVASCULAR (PSCV),P4401010,Personas bajo control según patología y factores de riesgo (existencia) - Antecedentes de otras Enfermedades Cardiovasculares ECV (excepto IAM y ACV),COL07,J,10,RANGO ETARIO Y SEXO - 20 a 24 años - Mujeres,RANGO ETARIO Y SEXO,20 a 24 años,Mujeres,,,"['RANGO ETARIO Y SEXO', '20 a 24 años', 'Mujeres']",22
P4,A,PROGRAMA SALUD CARDIOVASCULAR (PSCV),P4401010,Personas bajo control según patología y factores de riesgo (existencia) - Antecedentes de otras Enfermedades Cardiovasculares ECV (excepto IAM y ACV),COL08,K,11,RANGO ETARIO Y SEXO - 25 a 29 años - Hombres,RANGO ETARIO Y SEXO,25 a 29 años,Hombres,,,"['RANGO ETARIO Y SEXO', '25 a 29 años', 'Hombres']",22
P4,A,PROGRAMA SALUD CARDIOVASCULAR (PSCV),P4401010,Personas bajo control según patología y factores de riesgo (existencia) - Antecedentes de otras Enfermedades Cardiovasculares ECV (excepto IAM y ACV),COL09,L,12,RANGO ETARIO Y SEXO - 25 a 29 años - Mujeres,RANGO ETARIO Y SEXO,25 a 29 años,Mujeres,,,"['RANGO ETARIO Y SEXO', '25 a 29 años', 'Mujeres']",22
P4,A,PROGRAMA SALUD CARDIOVASCULAR (PSCV),P4401010,Personas bajo control según patología y factores de riesgo (existencia) - Antecedentes de otras Enfermedades Cardiovasculares ECV (excepto IAM y ACV),COL10,M,13,RANGO ETARIO Y SEXO - 30 a 34 años - Hombres,RANGO ETARIO Y SEXO,30 a 34 años,Hombres,,,"['RANGO ETARIO Y SEXO', '30 a 34 años', 'Hombres']",22
P4,A,PROGRAMA SALUD CARDIOVASCULAR (PSCV),P4401010,Personas bajo control según patología y factores de riesgo (existencia) - Antecedentes de otras Enfermedades Cardiovasculares ECV (excepto IAM y ACV),COL11,N,14,RANGO ETARIO Y SEXO - 30 a 34 años - Mujeres,RANGO ETARIO Y SEXO,30 a 34 años,Mujeres,,,"['RANGO ETARIO Y SEXO', '30 a 34 años', 'Mujeres']",22
P4,A,PROGRAMA SALUD CARDIOVASCULAR (PSCV),P4401010,Personas bajo control según patología y factores de riesgo (existencia) - Antecedentes de otras Enfermedades Cardiovasculares ECV (excepto IAM y ACV),COL12,O,15,RANGO ETARIO Y SEXO - 35 a 39 años - Hombres,RANGO ETARIO Y SEXO,35 a 39 años,Hombres,,,"['RANGO ETARIO Y SEXO', '35 a 39 años', 'Hombres']",22
P4,A,PROGRAMA SALUD CARDIOVASCULAR (PSCV),P4401010,Personas bajo control según patología y factores de riesgo (existencia) - Antecedentes de otras Enfermedades Cardiovasculares ECV (excepto IAM y ACV),COL13,P,16,RANGO ETARIO Y SEXO - 35 a 39 años - Mujeres,RANGO ETARIO Y SEXO,35 a 39 años,Mujeres,,,"['RANGO ETARIO Y SEXO', '35 a 39 años', 'Mujeres']",22
P4,A,PROGRAMA SALUD CARDIOVASCULAR (PSCV),P4401010,Personas bajo control según patología y factores de riesgo (existencia) - Antecedentes de otras Enfermedades Cardiovasculares ECV (excepto IAM y ACV),COL14,Q,17,RANGO ETARIO Y SEXO - 40 a 44 años - Hombres,RANGO ETARIO Y SEXO,40 a 44 años,Hombres,,,"['RANGO ETARIO Y SEXO', '40 a 44 años', 'Hombres']",22
P4,A,PROGRAMA SALUD CARDIOVASCULAR (PSCV),P4401010,Personas bajo control según patología y factores de riesgo (existencia) - Antecedentes de otras Enfermedades Cardiovasculares ECV (excepto IAM y ACV),COL15,R,18,RANGO ETARIO Y SEXO - 40 a 44 años - Mujeres,RANGO ETARIO Y SEXO,40 a 44 años,Mujeres,,,"['RANGO ETARIO Y SEXO', '40 a 44 años', 'Mujeres']",22
P4,A,PROGRAMA SALUD CARDIOVASCULAR (PSCV),P4401010,Personas bajo control según patología y factores de riesgo (existencia) - Antecedentes de otras Enfermedades Cardiovasculares ECV (excepto IAM y ACV),COL16,S,19,RANGO ETARIO Y SEXO - 45 a 49 años - Hombres,RANGO ETARIO Y SEXO,45 a 49 años,Hombres,,,"['RANGO ETARIO Y SEXO', '45 a 49 años', 'Hombres']",22
P4,A,PROGRAMA SALUD CARDIOVASCULAR (PSCV),P4401010,Personas bajo control según patología y factores de riesgo (existencia) - Antecedentes de otras Enfermedades Cardiovasculares ECV (excepto IAM y ACV),COL17,T,20,RANGO ETARIO Y SEXO - 45 a 49 años - Mujeres,RANGO ETARIO Y SEXO,45 a 49 años,Mujeres,,,"['RANGO ETARIO Y SEXO', '45 a 49 años', 'Mujeres']",22
P4,A,PROGRAMA SALUD CARDIOVASCULAR (PSCV),P4401010,Personas bajo control según patología y factores de riesgo (existencia) - Antecedentes de otras Enfermedades Cardiovasculares ECV (excepto IAM y ACV),COL18,U,21,RANGO ETARIO Y SEXO - 50 a 54 años - Hombres,RANGO ETARIO Y SEXO,50 a 54 años,Hombres,,,"['RANGO ETARIO Y SEXO', '50 a 54 años', 'Hombres']",22
P4,A,PROGRAMA SALUD CARDIOVASCULAR (PSCV),P4401010,Personas bajo control según patología y factores de riesgo (existencia) - Antecedentes de otras Enfermedades Cardiovasculares ECV (excepto IAM y ACV),COL19,V,22,RANGO ETARIO Y SEXO - 50 a 54 años - Mujeres,RANGO ETARIO Y SEXO,50 a 54 años,Mujeres,,,"['RANGO ETARIO Y SEXO', '50 a 54 años', 'Mujeres']",22
P4,A,PROGRAMA SALUD CARDIOVASCULAR (PSCV),P4401010,Personas bajo control según patología y factores de riesgo (existencia) - Antecedentes de otras Enfermedades Cardiovasculares ECV (excepto IAM y ACV),COL20,W,23,RANGO ETARIO Y SEXO - 55 a 59 años - Hombres,RANGO ETARIO Y SEXO,55 a 59 años,Hombres,,,"['RANGO ETARIO Y SEXO', '55 a 59 años', 'Hombres']",22
P4,A,PROGRAMA SALUD CARDIOVASCULAR (PSCV),P4401010,Personas bajo control según patología y factores de riesgo (existencia) - Antecedentes de otras Enfermedades Cardiovasculares ECV (excepto IAM y ACV),COL21,X,24,RANGO ETARIO Y SEXO - 55 a 59 años - Mujeres,RANGO ETARIO Y SEXO,55 a 59 años,Mujeres,,,"['RANGO ETARIO Y SEXO', '55 a 59 años', 'Mujeres']",22
P4,A,PROGRAMA SALUD CARDIOVASCULAR (PSCV),P4401010,Personas bajo control según patología y factores de riesgo (existencia) - Antecedentes de otras Enfermedades Cardiovasculares ECV (excepto IAM y ACV),COL22,Y,25,RANGO ETARIO Y SEXO - 60 a 64 años - Hombres,RANGO ETARIO Y SEXO,60 a 64 años,Hombres,,,"['RANGO ETARIO Y SEXO', '60 a 64 años', 'Hombres']",22
P4,A,PROGRAMA SALUD CARDIOVASCULAR (PSCV),P4401010,Personas bajo control según patología y factores de riesgo (existencia) - Antecedentes de otras Enfermedades Cardiovasculares ECV (excepto IAM y ACV),COL23,Z,26,RANGO ETARIO Y SEXO - 60 a 64 años - Mujeres,RANGO ETARIO Y SEXO,60 a 64 años,Mujeres,,,"['RANGO ETARIO Y SEXO', '60 a 64 años', 'Mujeres']",22
P4,A,PROGRAMA SALUD CARDIOVASCULAR (PSCV),P4401010,Personas bajo control según patología y factores de riesgo (existencia) - Antecedentes de otras Enfermedades Cardiovasculares ECV (excepto IAM y ACV),COL24,AA,27,RANGO ETARIO Y SEXO - 65 a 69 años - Hombres,RANGO ETARIO Y SEXO,65 a 69 años,Hombres,,,"['RANGO ETARIO Y SEXO', '65 a 69 años', 'Hombres']",22
P4,A,PROGRAMA SALUD CARDIOVASCULAR (PSCV),P4401010,Personas bajo control según patología y factores de riesgo (existencia) - Antecedentes de otras Enfermedades Cardiovasculares ECV (excepto IAM y ACV),COL25,AB,28,RANGO ETARIO Y SEXO - 65 a 69 años - Mujeres,RANGO ETARIO Y SEXO,65 a 69 años,Mujeres,,,"['RANGO ETARIO Y SEXO', '65 a 69 años', 'Mujeres']",22
P4,A,PROGRAMA SALUD CARDIOVASCULAR (PSCV),P4401010,Personas bajo control según patología y factores de riesgo (existencia) - Antecedentes de otras Enfermedades Cardiovasculares ECV (excepto IAM y ACV),COL26,AC,29,RANGO ETARIO Y SEXO - 70 a 74 años - Hombres,RANGO ETARIO Y SEXO,70 a 74 años,Hombres,,,"['RANGO ETARIO Y SEXO', '70 a 74 años', 'Hombres']",22
P4,A,PROGRAMA SALUD CARDIOVASCULAR (PSCV),P4401010,Personas bajo control según patología y factores de riesgo (existencia) - Antecedentes de otras Enfermedades Cardiovasculares ECV (excepto IAM y ACV),COL27,AD,30,RANGO ETARIO Y SEXO - 70 a 74 años - Mujeres,RANGO ETARIO Y SEXO,70 a 74 años,Mujeres,,,"['RANGO ETARIO Y SEXO', '70 a 74 años', 'Mujeres']",22
P4,A,PROGRAMA SALUD CARDIOVASCULAR (PSCV),P4401010,Personas bajo control según patología y factores de riesgo (existencia) - Antecedentes de otras Enfermedades Cardiovasculares ECV (excepto IAM y ACV),COL28,AE,31,RANGO ETARIO Y SEXO - 75 a 79 años - Hombres,RANGO ETARIO Y SEXO,75 a 79 años,Hombres,,,"['RANGO ETARIO Y SEXO', '75 a 79 años', 'Hombres']",22
P4,A,PROGRAMA SALUD CARDIOVASCULAR (PSCV),P4401010,Personas bajo control según patología y factores de riesgo (existencia) - Antecedentes de otras Enfermedades Cardiovasculares ECV (excepto IAM y ACV),COL29,AF,32,RANGO ETARIO Y SEXO - 75 a 79 años - Mujeres,RANGO ETARIO Y SEXO,75 a 79 años,Mujeres,,,"['RANGO ETARIO Y SEXO', '75 a 79 años', 'Mujeres']",22
P4,A,PROGRAMA SALUD CARDIOVASCULAR (PSCV),P4401010,Personas bajo control según patología y factores de riesgo (existencia) - Antecedentes de otras Enfermedades Cardiovasculares ECV (excepto IAM y ACV),COL30,AG,33,RANGO ETARIO Y SEXO - 80 y más años - Hombres,RANGO ETARIO Y SEXO,80 y más años,Hombres,,,"['RANGO ETARIO Y SEXO', '80 y más años', 'Hombres']",22
P4,A,PROGRAMA SALUD CARDIOVASCULAR (PSCV),P4401010,Personas bajo control según patología y factores de riesgo (existencia) - Antecedentes de otras Enfermedades Cardiovasculares ECV (excepto IAM y ACV),COL31,AH,34,RANGO ETARIO Y SEXO - 80 y más años - Mujeres,RANGO ETARIO Y SEXO,80 y más años,Mujeres,,,"['RANGO ETARIO Y SEXO', '80 y más años', 'Mujeres']",22
P4,A,PROGRAMA SALUD CARDIOVASCULAR (PSCV),P4401010,Personas bajo control según patología y factores de riesgo (existencia) - Antecedentes de otras Enfermedades Cardiovasculares ECV (excepto IAM y ACV),COL32,AI,35,Pueblos Originarios - Hombres,Pueblos Originarios,Hombres,,,,"['Pueblos Originarios', 'Hombres']",22
P4,A,PROGRAMA SALUD CARDIOVASCULAR (PSCV),P4401010,Personas bajo control según patología y factores de riesgo (existencia) - Antecedentes de otras Enfermedades Cardiovasculares ECV (excepto IAM y ACV),COL33,AJ,36,Pueblos Originarios - Mujeres,Pueblos Originarios,Mujeres,,,,"['Pueblos Originarios', 'Mujeres']",22
P4,A,PROGRAMA SALUD CARDIOVASCULAR (PSCV),P4401010,Personas bajo control según patología y factores de riesgo (existencia) - Antecedentes de otras Enfermedades Cardiovasculares ECV (excepto IAM y ACV),COL34,AK,37,Migrantes - Hombres,Migrantes,Hombres,,,,"['Migrantes', 'Hombres']",22
P4,A,PROGRAMA SALUD CARDIOVASCULAR (PSCV),P4401010,Personas bajo control según patología y factores de riesgo (existencia) - Antecedentes de otras Enfermedades Cardiovasculares ECV (excepto IAM y ACV),COL35,AL,38,Migrantes - Mujeres,Migrantes,Mujeres,,,,"['Migrantes', 'Mujeres']",22
P4,A,PROGRAMA SALUD CARDIOVASCULAR (PSCV),P4401011,Personas bajo control según patología y factores de riesgo (existencia) - Enfermedad renal crónica (etapas 1 a 5),COL01,D,4,TOTAL - Ambos sexos,TOTAL,Ambos sexos,,,,"['TOTAL', 'Ambos sexos']",23
P4,A,PROGRAMA SALUD CARDIOVASCULAR (PSCV),P4401011,Personas bajo control según patología y factores de riesgo (existencia) - Enfermedad renal crónica (etapas 1 a 5),COL02,E,5,TOTAL - Hombres,TOTAL,Hombres,,,,"['TOTAL', 'Hombres']",23
P4,A,PROGRAMA SALUD CARDIOVASCULAR (PSCV),P4401011,Personas bajo control según patología y factores de riesgo (existencia) - Enfermedad renal crónica (etapas 1 a 5),COL03,F,6,TOTAL - Mujeres,TOTAL,Mujeres,,,,"['TOTAL', 'Mujeres']",23
P4,A,PROGRAMA SALUD CARDIOVASCULAR (PSCV),P4401011,Personas bajo control según patología y factores de riesgo (existencia) - Enfermedad renal crónica (etapas 1 a 5),COL04,G,7,RANGO ETARIO Y SEXO - 15 a 19 años - Hombres,RANGO ETARIO Y SEXO,15 a 19 años,Hombres,,,"['RANGO ETARIO Y SEXO', '15 a 19 años', 'Hombres']",23
P4,A,PROGRAMA SALUD CARDIOVASCULAR (PSCV),P4401011,Personas bajo control según patología y factores de riesgo (existencia) - Enfermedad renal crónica (etapas 1 a 5),COL05,H,8,RANGO ETARIO Y SEXO - 15 a 19 años - Mujeres,RANGO ETARIO Y SEXO,15 a 19 años,Mujeres,,,"['RANGO ETARIO Y SEXO', '15 a 19 años', 'Mujeres']",23
P4,A,PROGRAMA SALUD CARDIOVASCULAR (PSCV),P4401011,Personas bajo control según patología y factores de riesgo (existencia) - Enfermedad renal crónica (etapas 1 a 5),COL06,I,9,RANGO ETARIO Y SEXO - 20 a 24 años - Hombres,RANGO ETARIO Y SEXO,20 a 24 años,Hombres,,,"['RANGO ETARIO Y SEXO', '20 a 24 años', 'Hombres']",23
P4,A,PROGRAMA SALUD CARDIOVASCULAR (PSCV),P4401011,Personas bajo control según patología y factores de riesgo (existencia) - Enfermedad renal crónica (etapas 1 a 5),COL07,J,10,RANGO ETARIO Y SEXO - 20 a 24 años - Mujeres,RANGO ETARIO Y SEXO,20 a 24 años,Mujeres,,,"['RANGO ETARIO Y SEXO', '20 a 24 años', 'Mujeres']",23
P4,A,PROGRAMA SALUD CARDIOVASCULAR (PSCV),P4401011,Personas bajo control según patología y factores de riesgo (existencia) - Enfermedad renal crónica (etapas 1 a 5),COL08,K,11,RANGO ETARIO Y SEXO - 25 a 29 años - Hombres,RANGO ETARIO Y SEXO,25 a 29 años,Hombres,,,"['RANGO ETARIO Y SEXO', '25 a 29 años', 'Hombres']",23
P4,A,PROGRAMA SALUD CARDIOVASCULAR (PSCV),P4401011,Personas bajo control según patología y factores de riesgo (existencia) - Enfermedad renal crónica (etapas 1 a 5),COL09,L,12,RANGO ETARIO Y SEXO - 25 a 29 años - Mujeres,RANGO ETARIO Y SEXO,25 a 29 años,Mujeres,,,"['RANGO ETARIO Y SEXO', '25 a 29 años', 'Mujeres']",23
P4,A,PROGRAMA SALUD CARDIOVASCULAR (PSCV),P4401011,Personas bajo control según patología y factores de riesgo (existencia) - Enfermedad renal crónica (etapas 1 a 5),COL10,M,13,RANGO ETARIO Y SEXO - 30 a 34 años - Hombres,RANGO ETARIO Y SEXO,30 a 34 años,Hombres,,,"['RANGO ETARIO Y SEXO', '30 a 34 años', 'Hombres']",23
P4,A,PROGRAMA SALUD CARDIOVASCULAR (PSCV),P4401011,Personas bajo control según patología y factores de riesgo (existencia) - Enfermedad renal crónica (etapas 1 a 5),COL11,N,14,RANGO ETARIO Y SEXO - 30 a 34 años - Mujeres,RANGO ETARIO Y SEXO,30 a 34 años,Mujeres,,,"['RANGO ETARIO Y SEXO', '30 a 34 años', 'Mujeres']",23
P4,A,PROGRAMA SALUD CARDIOVASCULAR (PSCV),P4401011,Personas bajo control según patología y factores de riesgo (existencia) - Enfermedad renal crónica (etapas 1 a 5),COL12,O,15,RANGO ETARIO Y SEXO - 35 a 39 años - Hombres,RANGO ETARIO Y SEXO,35 a 39 años,Hombres,,,"['RANGO ETARIO Y SEXO', '35 a 39 años', 'Hombres']",23
P4,A,PROGRAMA SALUD CARDIOVASCULAR (PSCV),P4401011,Personas bajo control según patología y factores de riesgo (existencia) - Enfermedad renal crónica (etapas 1 a 5),COL13,P,16,RANGO ETARIO Y SEXO - 35 a 39 años - Mujeres,RANGO ETARIO Y SEXO,35 a 39 años,Mujeres,,,"['RANGO ETARIO Y SEXO', '35 a 39 años', 'Mujeres']",23
P4,A,PROGRAMA SALUD CARDIOVASCULAR (PSCV),P4401011,Personas bajo control según patología y factores de riesgo (existencia) - Enfermedad renal crónica (etapas 1 a 5),COL14,Q,17,RANGO ETARIO Y SEXO - 40 a 44 años - Hombres,RANGO ETARIO Y SEXO,40 a 44 años,Hombres,,,"['RANGO ETARIO Y SEXO', '40 a 44 años', 'Hombres']",23
P4,A,PROGRAMA SALUD CARDIOVASCULAR (PSCV),P4401011,Personas bajo control según patología y factores de riesgo (existencia) - Enfermedad renal crónica (etapas 1 a 5),COL15,R,18,RANGO ETARIO Y SEXO - 40 a 44 años - Mujeres,RANGO ETARIO Y SEXO,40 a 44 años,Mujeres,,,"['RANGO ETARIO Y SEXO', '40 a 44 años', 'Mujeres']",23
P4,A,PROGRAMA SALUD CARDIOVASCULAR (PSCV),P4401011,Personas bajo control según patología y factores de riesgo (existencia) - Enfermedad renal crónica (etapas 1 a 5),COL16,S,19,RANGO ETARIO Y SEXO - 45 a 49 años - Hombres,RANGO ETARIO Y SEXO,45 a 49 años,Hombres,,,"['RANGO ETARIO Y SEXO', '45 a 49 años', 'Hombres']",23
P4,A,PROGRAMA SALUD CARDIOVASCULAR (PSCV),P4401011,Personas bajo control según patología y factores de riesgo (existencia) - Enfermedad renal crónica (etapas 1 a 5),COL17,T,20,RANGO ETARIO Y SEXO - 45 a 49 años - Mujeres,RANGO ETARIO Y SEXO,45 a 49 años,Mujeres,,,"['RANGO ETARIO Y SEXO', '45 a 49 años', 'Mujeres']",23
P4,A,PROGRAMA SALUD CARDIOVASCULAR (PSCV),P4401011,Personas bajo control según patología y factores de riesgo (existencia) - Enfermedad renal crónica (etapas 1 a 5),COL18,U,21,RANGO ETARIO Y SEXO - 50 a 54 años - Hombres,RANGO ETARIO Y SEXO,50 a 54 años,Hombres,,,"['RANGO ETARIO Y SEXO', '50 a 54 años', 'Hombres']",23
P4,A,PROGRAMA SALUD CARDIOVASCULAR (PSCV),P4401011,Personas bajo control según patología y factores de riesgo (existencia) - Enfermedad renal crónica (etapas 1 a 5),COL19,V,22,RANGO ETARIO Y SEXO - 50 a 54 años - Mujeres,RANGO ETARIO Y SEXO,50 a 54 años,Mujeres,,,"['RANGO ETARIO Y SEXO', '50 a 54 años', 'Mujeres']",23
P4,A,PROGRAMA SALUD CARDIOVASCULAR (PSCV),P4401011,Personas bajo control según patología y factores de riesgo (existencia) - Enfermedad renal crónica (etapas 1 a 5),COL20,W,23,RANGO ETARIO Y SEXO - 55 a 59 años - Hombres,RANGO ETARIO Y SEXO,55 a 59 años,Hombres,,,"['RANGO ETARIO Y SEXO', '55 a 59 años', 'Hombres']",23
P4,A,PROGRAMA SALUD CARDIOVASCULAR (PSCV),P4401011,Personas bajo control según patología y factores de riesgo (existencia) - Enfermedad renal crónica (etapas 1 a 5),COL21,X,24,RANGO ETARIO Y SEXO - 55 a 59 años - Mujeres,RANGO ETARIO Y SEXO,55 a 59 años,Mujeres,,,"['RANGO ETARIO Y SEXO', '55 a 59 años', 'Mujeres']",23
P4,A,PROGRAMA SALUD CARDIOVASCULAR (PSCV),P4401011,Personas bajo control según patología y factores de riesgo (existencia) - Enfermedad renal crónica (etapas 1 a 5),COL22,Y,25,RANGO ETARIO Y SEXO - 60 a 64 años - Hombres,RANGO ETARIO Y SEXO,60 a 64 años,Hombres,,,"['RANGO ETARIO Y SEXO', '60 a 64 años', 'Hombres']",23
P4,A,PROGRAMA SALUD CARDIOVASCULAR (PSCV),P4401011,Personas bajo control según patología y factores de riesgo (existencia) - Enfermedad renal crónica (etapas 1 a 5),COL23,Z,26,RANGO ETARIO Y SEXO - 60 a 64 años - Mujeres,RANGO ETARIO Y SEXO,60 a 64 años,Mujeres,,,"['RANGO ETARIO Y SEXO', '60 a 64 años', 'Mujeres']",23
P4,A,PROGRAMA SALUD CARDIOVASCULAR (PSCV),P4401011,Personas bajo control según patología y factores de riesgo (existencia) - Enfermedad renal crónica (etapas 1 a 5),COL24,AA,27,RANGO ETARIO Y SEXO - 65 a 69 años - Hombres,RANGO ETARIO Y SEXO,65 a 69 años,Hombres,,,"['RANGO ETARIO Y SEXO', '65 a 69 años', 'Hombres']",23
P4,A,PROGRAMA SALUD CARDIOVASCULAR (PSCV),P4401011,Personas bajo control según patología y factores de riesgo (existencia) - Enfermedad renal crónica (etapas 1 a 5),COL25,AB,28,RANGO ETARIO Y SEXO - 65 a 69 años - Mujeres,RANGO ETARIO Y SEXO,65 a 69 años,Mujeres,,,"['RANGO ETARIO Y SEXO', '65 a 69 años', 'Mujeres']",23
P4,A,PROGRAMA SALUD CARDIOVASCULAR (PSCV),P4401011,Personas bajo control según patología y factores de riesgo (existencia) - Enfermedad renal crónica (etapas 1 a 5),COL26,AC,29,RANGO ETARIO Y SEXO - 70 a 74 años - Hombres,RANGO ETARIO Y SEXO,70 a 74 años,Hombres,,,"['RANGO ETARIO Y SEXO', '70 a 74 años', 'Hombres']",23
P4,A,PROGRAMA SALUD CARDIOVASCULAR (PSCV),P4401011,Personas bajo control según patología y factores de riesgo (existencia) - Enfermedad renal crónica (etapas 1 a 5),COL27,AD,30,RANGO ETARIO Y SEXO - 70 a 74 años - Mujeres,RANGO ETARIO Y SEXO,70 a 74 años,Mujeres,,,"['RANGO ETARIO Y SEXO', '70 a 74 años', 'Mujeres']",23
P4,A,PROGRAMA SALUD CARDIOVASCULAR (PSCV),P4401011,Personas bajo control según patología y factores de riesgo (existencia) - Enfermedad renal crónica (etapas 1 a 5),COL28,AE,31,RANGO ETARIO Y SEXO - 75 a 79 años - Hombres,RANGO ETARIO Y SEXO,75 a 79 años,Hombres,,,"['RANGO ETARIO Y SEXO', '75 a 79 años', 'Hombres']",23
P4,A,PROGRAMA SALUD CARDIOVASCULAR (PSCV),P4401011,Personas bajo control según patología y factores de riesgo (existencia) - Enfermedad renal crónica (etapas 1 a 5),COL29,AF,32,RANGO ETARIO Y SEXO - 75 a 79 años - Mujeres,RANGO ETARIO Y SEXO,75 a 79 años,Mujeres,,,"['RANGO ETARIO Y SEXO', '75 a 79 años', 'Mujeres']",23
P4,A,PROGRAMA SALUD CARDIOVASCULAR (PSCV),P4401011,Personas bajo control según patología y factores de riesgo (existencia) - Enfermedad renal crónica (etapas 1 a 5),COL30,AG,33,RANGO ETARIO Y SEXO - 80 y más años - Hombres,RANGO ETARIO Y SEXO,80 y más años,Hombres,,,"['RANGO ETARIO Y SEXO', '80 y más años', 'Hombres']",23
P4,A,PROGRAMA SALUD CARDIOVASCULAR (PSCV),P4401011,Personas bajo control según patología y factores de riesgo (existencia) - Enfermedad renal crónica (etapas 1 a 5),COL31,AH,34,RANGO ETARIO Y SEXO - 80 y más años - Mujeres,RANGO ETARIO Y SEXO,80 y más años,Mujeres,,,"['RANGO ETARIO Y SEXO', '80 y más años', 'Mujeres']",23
P4,A,PROGRAMA SALUD CARDIOVASCULAR (PSCV),P4401011,Personas bajo control según patología y factores de riesgo (existencia) - Enfermedad renal crónica (etapas 1 a 5),COL32,AI,35,Pueblos Originarios - Hombres,Pueblos Originarios,Hombres,,,,"['Pueblos Originarios', 'Hombres']",23
P4,A,PROGRAMA SALUD CARDIOVASCULAR (PSCV),P4401011,Personas bajo control según patología y factores de riesgo (existencia) - Enfermedad renal crónica (etapas 1 a 5),COL33,AJ,36,Pueblos Originarios - Mujeres,Pueblos Originarios,Mujeres,,,,"['Pueblos Originarios', 'Mujeres']",23
P4,A,PROGRAMA SALUD CARDIOVASCULAR (PSCV),P4401011,Personas bajo control según patología y factores de riesgo (existencia) - Enfermedad renal crónica (etapas 1 a 5),COL34,AK,37,Migrantes - Hombres,Migrantes,Hombres,,,,"['Migrantes', 'Hombres']",23
P4,A,PROGRAMA SALUD CARDIOVASCULAR (PSCV),P4401011,Personas bajo control según patología y factores de riesgo (existencia) - Enfermedad renal crónica (etapas 1 a 5),COL35,AL,38,Migrantes - Mujeres,Migrantes,Mujeres,,,,"['Migrantes', 'Mujeres']",23
P4,B,METAS DE COMPENSACIÓN,P4180200,Personas Bajo Control por Hipertensión - PA < 140/90 mmHg,COL01,D,4,TOTAL - Ambos sexos,TOTAL,Ambos sexos,,,,"['TOTAL', 'Ambos sexos']",28
P4,B,METAS DE COMPENSACIÓN,P4180200,Personas Bajo Control por Hipertensión - PA < 140/90 mmHg,COL02,E,5,TOTAL - Hombres,TOTAL,Hombres,,,,"['TOTAL', 'Hombres']",28
P4,B,METAS DE COMPENSACIÓN,P4180200,Personas Bajo Control por Hipertensión - PA < 140/90 mmHg,COL03,F,6,TOTAL - Mujeres,TOTAL,Mujeres,,,,"['TOTAL', 'Mujeres']",28
P4,B,METAS DE COMPENSACIÓN,P4180200,Personas Bajo Control por Hipertensión - PA < 140/90 mmHg,COL04,G,7,RANGO ETARIO Y SEXO - 15 a 19 años - Hombres,RANGO ETARIO Y SEXO,15 a 19 años,Hombres,,,"['RANGO ETARIO Y SEXO', '15 a 19 años', 'Hombres']",28
P4,B,METAS DE COMPENSACIÓN,P4180200,Personas Bajo Control por Hipertensión - PA < 140/90 mmHg,COL05,H,8,RANGO ETARIO Y SEXO - 15 a 19 años - Mujeres,RANGO ETARIO Y SEXO,15 a 19 años,Mujeres,,,"['RANGO ETARIO Y SEXO', '15 a 19 años', 'Mujeres']",28
P4,B,METAS DE COMPENSACIÓN,P4180200,Personas Bajo Control por Hipertensión - PA < 140/90 mmHg,COL06,I,9,RANGO ETARIO Y SEXO - 20 a 24 años - Hombres,RANGO ETARIO Y SEXO,20 a 24 años,Hombres,,,"['RANGO ETARIO Y SEXO', '20 a 24 años', 'Hombres']",28
P4,B,METAS DE COMPENSACIÓN,P4180200,Personas Bajo Control por Hipertensión - PA < 140/90 mmHg,COL07,J,10,RANGO ETARIO Y SEXO - 20 a 24 años - Mujeres,RANGO ETARIO Y SEXO,20 a 24 años,Mujeres,,,"['RANGO ETARIO Y SEXO', '20 a 24 años', 'Mujeres']",28
P4,B,METAS DE COMPENSACIÓN,P4180200,Personas Bajo Control por Hipertensión - PA < 140/90 mmHg,COL08,K,11,RANGO ETARIO Y SEXO - 25 a 29 años - Hombres,RANGO ETARIO Y SEXO,25 a 29 años,Hombres,,,"['RANGO ETARIO Y SEXO', '25 a 29 años', 'Hombres']",28
P4,B,METAS DE COMPENSACIÓN,P4180200,Personas Bajo Control por Hipertensión - PA < 140/90 mmHg,COL09,L,12,RANGO ETARIO Y SEXO - 25 a 29 años - Mujeres,RANGO ETARIO Y SEXO,25 a 29 años,Mujeres,,,"['RANGO ETARIO Y SEXO', '25 a 29 años', 'Mujeres']",28
P4,B,METAS DE COMPENSACIÓN,P4180200,Personas Bajo Control por Hipertensión - PA < 140/90 mmHg,COL10,M,13,RANGO ETARIO Y SEXO - 30 a 34 años - Hombres,RANGO ETARIO Y SEXO,30 a 34 años,Hombres,,,"['RANGO ETARIO Y SEXO', '30 a 34 años', 'Hombres']",28
P4,B,METAS DE COMPENSACIÓN,P4180200,Personas Bajo Control por Hipertensión - PA < 140/90 mmHg,COL11,N,14,RANGO ETARIO Y SEXO - 30 a 34 años - Mujeres,RANGO ETARIO Y SEXO,30 a 34 años,Mujeres,,,"['RANGO ETARIO Y SEXO', '30 a 34 años', 'Mujeres']",28
P4,B,METAS DE COMPENSACIÓN,P4180200,Personas Bajo Control por Hipertensión - PA < 140/90 mmHg,COL12,O,15,RANGO ETARIO Y SEXO - 35 a 39 años - Hombres,RANGO ETARIO Y SEXO,35 a 39 años,Hombres,,,"['RANGO ETARIO Y SEXO', '35 a 39 años', 'Hombres']",28
P4,B,METAS DE COMPENSACIÓN,P4180200,Personas Bajo Control por Hipertensión - PA < 140/90 mmHg,COL13,P,16,RANGO ETARIO Y SEXO - 35 a 39 años - Mujeres,RANGO ETARIO Y SEXO,35 a 39 años,Mujeres,,,"['RANGO ETARIO Y SEXO', '35 a 39 años', 'Mujeres']",28
P4,B,METAS DE COMPENSACIÓN,P4180200,Personas Bajo Control por Hipertensión - PA < 140/90 mmHg,COL14,Q,17,RANGO ETARIO Y SEXO - 40 a 44 años - Hombres,RANGO ETARIO Y SEXO,40 a 44 años,Hombres,,,"['RANGO ETARIO Y SEXO', '40 a 44 años', 'Hombres']",28
P4,B,METAS DE COMPENSACIÓN,P4180200,Personas Bajo Control por Hipertensión - PA < 140/90 mmHg,COL15,R,18,RANGO ETARIO Y SEXO - 40 a 44 años - Mujeres,RANGO ETARIO Y SEXO,40 a 44 años,Mujeres,,,"['RANGO ETARIO Y SEXO', '40 a 44 años', 'Mujeres']",28
P4,B,METAS DE COMPENSACIÓN,P4180200,Personas Bajo Control por Hipertensión - PA < 140/90 mmHg,COL16,S,19,RANGO ETARIO Y SEXO - 45 a 49 años - Hombres,RANGO ETARIO Y SEXO,45 a 49 años,Hombres,,,"['RANGO ETARIO Y SEXO', '45 a 49 años', 'Hombres']",28
P4,B,METAS DE COMPENSACIÓN,P4180200,Personas Bajo Control por Hipertensión - PA < 140/90 mmHg,COL17,T,20,RANGO ETARIO Y SEXO - 45 a 49 años - Mujeres,RANGO ETARIO Y SEXO,45 a 49 años,Mujeres,,,"['RANGO ETARIO Y SEXO', '45 a 49 años', 'Mujeres']",28
P4,B,METAS DE COMPENSACIÓN,P4180200,Personas Bajo Control por Hipertensión - PA < 140/90 mmHg,COL18,U,21,RANGO ETARIO Y SEXO - 50 a 54 años - Hombres,RANGO ETARIO Y SEXO,50 a 54 años,Hombres,,,"['RANGO ETARIO Y SEXO', '50 a 54 años', 'Hombres']",28
P4,B,METAS DE COMPENSACIÓN,P4180200,Personas Bajo Control por Hipertensión - PA < 140/90 mmHg,COL19,V,22,RANGO ETARIO Y SEXO - 50 a 54 años - Mujeres,RANGO ETARIO Y SEXO,50 a 54 años,Mujeres,,,"['RANGO ETARIO Y SEXO', '50 a 54 años', 'Mujeres']",28
P4,B,METAS DE COMPENSACIÓN,P4180200,Personas Bajo Control por Hipertensión - PA < 140/90 mmHg,COL20,W,23,RANGO ETARIO Y SEXO - 55 a 59 años - Hombres,RANGO ETARIO Y SEXO,55 a 59 años,Hombres,,,"['RANGO ETARIO Y SEXO', '55 a 59 años', 'Hombres']",28
P4,B,METAS DE COMPENSACIÓN,P4180200,Personas Bajo Control por Hipertensión - PA < 140/90 mmHg,COL21,X,24,RANGO ETARIO Y SEXO - 55 a 59 años - Mujeres,RANGO ETARIO Y SEXO,55 a 59 años,Mujeres,,,"['RANGO ETARIO Y SEXO', '55 a 59 años', 'Mujeres']",28
P4,B,METAS DE COMPENSACIÓN,P4180200,Personas Bajo Control por Hipertensión - PA < 140/90 mmHg,COL22,Y,25,RANGO ETARIO Y SEXO - 60 a 64 años - Hombres,RANGO ETARIO Y SEXO,60 a 64 años,Hombres,,,"['RANGO ETARIO Y SEXO', '60 a 64 años', 'Hombres']",28
P4,B,METAS DE COMPENSACIÓN,P4180200,Personas Bajo Control por Hipertensión - PA < 140/90 mmHg,COL23,Z,26,RANGO ETARIO Y SEXO - 60 a 64 años - Mujeres,RANGO ETARIO Y SEXO,60 a 64 años,Mujeres,,,"['RANGO ETARIO Y SEXO', '60 a 64 años', 'Mujeres']",28
P4,B,METAS DE COMPENSACIÓN,P4180200,Personas Bajo Control por Hipertensión - PA < 140/90 mmHg,COL24,AA,27,RANGO ETARIO Y SEXO - 65 a 69 años - Hombres,RANGO ETARIO Y SEXO,65 a 69 años,Hombres,,,"['RANGO ETARIO Y SEXO', '65 a 69 años', 'Hombres']",28
P4,B,METAS DE COMPENSACIÓN,P4180200,Personas Bajo Control por Hipertensión - PA < 140/90 mmHg,COL25,AB,28,RANGO ETARIO Y SEXO - 65 a 69 años - Mujeres,RANGO ETARIO Y SEXO,65 a 69 años,Mujeres,,,"['RANGO ETARIO Y SEXO', '65 a 69 años', 'Mujeres']",28
P4,B,METAS DE COMPENSACIÓN,P4180200,Personas Bajo Control por Hipertensión - PA < 140/90 mmHg,COL26,AC,29,RANGO ETARIO Y SEXO - 70 a 74 años - Hombres,RANGO ETARIO Y SEXO,70 a 74 años,Hombres,,,"['RANGO ETARIO Y SEXO', '70 a 74 años', 'Hombres']",28
P4,B,METAS DE COMPENSACIÓN,P4180200,Personas Bajo Control por Hipertensión - PA < 140/90 mmHg,COL27,AD,30,RANGO ETARIO Y SEXO - 70 a 74 años - Mujeres,RANGO ETARIO Y SEXO,70 a 74 años,Mujeres,,,"['RANGO ETARIO Y SEXO', '70 a 74 años', 'Mujeres']",28
P4,B,METAS DE COMPENSACIÓN,P4180200,Personas Bajo Control por Hipertensión - PA < 140/90 mmHg,COL28,AE,31,RANGO ETARIO Y SEXO - 75 a 79 años - Hombres,RANGO ETARIO Y SEXO,75 a 79 años,Hombres,,,"['RANGO ETARIO Y SEXO', '75 a 79 años', 'Hombres']",28
P4,B,METAS DE COMPENSACIÓN,P4180200,Personas Bajo Control por Hipertensión - PA < 140/90 mmHg,COL29,AF,32,RANGO ETARIO Y SEXO - 75 a 79 años - Mujeres,RANGO ETARIO Y SEXO,75 a 79 años,Mujeres,,,"['RANGO ETARIO Y SEXO', '75 a 79 años', 'Mujeres']",28
P4,B,METAS DE COMPENSACIÓN,P4180200,Personas Bajo Control por Hipertensión - PA < 140/90 mmHg,COL30,AG,33,RANGO ETARIO Y SEXO - 80 y más años - Hombres,RANGO ETARIO Y SEXO,80 y más años,Hombres,,,"['RANGO ETARIO Y SEXO', '80 y más años', 'Hombres']",28
P4,B,METAS DE COMPENSACIÓN,P4180200,Personas Bajo Control por Hipertensión - PA < 140/90 mmHg,COL31,AH,34,RANGO ETARIO Y SEXO - 80 y más años - Mujeres,RANGO ETARIO Y SEXO,80 y más años,Mujeres,,,"['RANGO ETARIO Y SEXO', '80 y más años', 'Mujeres']",28
P4,B,METAS DE COMPENSACIÓN,P4180200,Personas Bajo Control por Hipertensión - PA < 140/90 mmHg,COL32,AI,35,Pueblos Originarios - Hombres,Pueblos Originarios,Hombres,,,,"['Pueblos Originarios', 'Hombres']",28
P4,B,METAS DE COMPENSACIÓN,P4180200,Personas Bajo Control por Hipertensión - PA < 140/90 mmHg,COL33,AJ,36,Pueblos Originarios - Mujeres,Pueblos Originarios,Mujeres,,,,"['Pueblos Originarios', 'Mujeres']",28
P4,B,METAS DE COMPENSACIÓN,P4180200,Personas Bajo Control por Hipertensión - PA < 140/90 mmHg,COL34,AK,37,Migrantes - Hombres,Migrantes,Hombres,,,,"['Migrantes', 'Hombres']",28
P4,B,METAS DE COMPENSACIÓN,P4180200,Personas Bajo Control por Hipertensión - PA < 140/90 mmHg,COL35,AL,38,Migrantes - Mujeres,Migrantes,Mujeres,,,,"['Migrantes', 'Mujeres']",28
P4,B,METAS DE COMPENSACIÓN,P4200100,Personas Bajo Control por Hipertensión - PA < 150/90 mmHg,COL01,D,4,TOTAL - Ambos sexos,TOTAL,Ambos sexos,,,,"['TOTAL', 'Ambos sexos']",29
P4,B,METAS DE COMPENSACIÓN,P4200100,Personas Bajo Control por Hipertensión - PA < 150/90 mmHg,COL02,E,5,TOTAL - Hombres,TOTAL,Hombres,,,,"['TOTAL', 'Hombres']",29
P4,B,METAS DE COMPENSACIÓN,P4200100,Personas Bajo Control por Hipertensión - PA < 150/90 mmHg,COL03,F,6,TOTAL - Mujeres,TOTAL,Mujeres,,,,"['TOTAL', 'Mujeres']",29
P4,B,METAS DE COMPENSACIÓN,P4200100,Personas Bajo Control por Hipertensión - PA < 150/90 mmHg,COL04,G,7,RANGO ETARIO Y SEXO - 15 a 19 años - Hombres,RANGO ETARIO Y SEXO,15 a 19 años,Hombres,,,"['RANGO ETARIO Y SEXO', '15 a 19 años', 'Hombres']",29
P4,B,METAS DE COMPENSACIÓN,P4200100,Personas Bajo Control por Hipertensión - PA < 150/90 mmHg,COL05,H,8,RANGO ETARIO Y SEXO - 15 a 19 años - Mujeres,RANGO ETARIO Y SEXO,15 a 19 años,Mujeres,,,"['RANGO ETARIO Y SEXO', '15 a 19 años', 'Mujeres']",29
P4,B,METAS DE COMPENSACIÓN,P4200100,Personas Bajo Control por Hipertensión - PA < 150/90 mmHg,COL06,I,9,RANGO ETARIO Y SEXO - 20 a 24 años - Hombres,RANGO ETARIO Y SEXO,20 a 24 años,Hombres,,,"['RANGO ETARIO Y SEXO', '20 a 24 años', 'Hombres']",29
P4,B,METAS DE COMPENSACIÓN,P4200100,Personas Bajo Control por Hipertensión - PA < 150/90 mmHg,COL07,J,10,RANGO ETARIO Y SEXO - 20 a 24 años - Mujeres,RANGO ETARIO Y SEXO,20 a 24 años,Mujeres,,,"['RANGO ETARIO Y SEXO', '20 a 24 años', 'Mujeres']",29
P4,B,METAS DE COMPENSACIÓN,P4200100,Personas Bajo Control por Hipertensión - PA < 150/90 mmHg,COL08,K,11,RANGO ETARIO Y SEXO - 25 a 29 años - Hombres,RANGO ETARIO Y SEXO,25 a 29 años,Hombres,,,"['RANGO ETARIO Y SEXO', '25 a 29 años', 'Hombres']",29
P4,B,METAS DE COMPENSACIÓN,P4200100,Personas Bajo Control por Hipertensión - PA < 150/90 mmHg,COL09,L,12,RANGO ETARIO Y SEXO - 25 a 29 años - Mujeres,RANGO ETARIO Y SEXO,25 a 29 años,Mujeres,,,"['RANGO ETARIO Y SEXO', '25 a 29 años', 'Mujeres']",29
P4,B,METAS DE COMPENSACIÓN,P4200100,Personas Bajo Control por Hipertensión - PA < 150/90 mmHg,COL10,M,13,RANGO ETARIO Y SEXO - 30 a 34 años - Hombres,RANGO ETARIO Y SEXO,30 a 34 años,Hombres,,,"['RANGO ETARIO Y SEXO', '30 a 34 años', 'Hombres']",29
P4,B,METAS DE COMPENSACIÓN,P4200100,Personas Bajo Control por Hipertensión - PA < 150/90 mmHg,COL11,N,14,RANGO ETARIO Y SEXO - 30 a 34 años - Mujeres,RANGO ETARIO Y SEXO,30 a 34 años,Mujeres,,,"['RANGO ETARIO Y SEXO', '30 a 34 años', 'Mujeres']",29
P4,B,METAS DE COMPENSACIÓN,P4200100,Personas Bajo Control por Hipertensión - PA < 150/90 mmHg,COL12,O,15,RANGO ETARIO Y SEXO - 35 a 39 años - Hombres,RANGO ETARIO Y SEXO,35 a 39 años,Hombres,,,"['RANGO ETARIO Y SEXO', '35 a 39 años', 'Hombres']",29
P4,B,METAS DE COMPENSACIÓN,P4200100,Personas Bajo Control por Hipertensión - PA < 150/90 mmHg,COL13,P,16,RANGO ETARIO Y SEXO - 35 a 39 años - Mujeres,RANGO ETARIO Y SEXO,35 a 39 años,Mujeres,,,"['RANGO ETARIO Y SEXO', '35 a 39 años', 'Mujeres']",29
P4,B,METAS DE COMPENSACIÓN,P4200100,Personas Bajo Control por Hipertensión - PA < 150/90 mmHg,COL14,Q,17,RANGO ETARIO Y SEXO - 40 a 44 años - Hombres,RANGO ETARIO Y SEXO,40 a 44 años,Hombres,,,"['RANGO ETARIO Y SEXO', '40 a 44 años', 'Hombres']",29
P4,B,METAS DE COMPENSACIÓN,P4200100,Personas Bajo Control por Hipertensión - PA < 150/90 mmHg,COL15,R,18,RANGO ETARIO Y SEXO - 40 a 44 años - Mujeres,RANGO ETARIO Y SEXO,40 a 44 años,Mujeres,,,"['RANGO ETARIO Y SEXO', '40 a 44 años', 'Mujeres']",29
P4,B,METAS DE COMPENSACIÓN,P4200100,Personas Bajo Control por Hipertensión - PA < 150/90 mmHg,COL16,S,19,RANGO ETARIO Y SEXO - 45 a 49 años - Hombres,RANGO ETARIO Y SEXO,45 a 49 años,Hombres,,,"['RANGO ETARIO Y SEXO', '45 a 49 años', 'Hombres']",29
P4,B,METAS DE COMPENSACIÓN,P4200100,Personas Bajo Control por Hipertensión - PA < 150/90 mmHg,COL17,T,20,RANGO ETARIO Y SEXO - 45 a 49 años - Mujeres,RANGO ETARIO Y SEXO,45 a 49 años,Mujeres,,,"['RANGO ETARIO Y SEXO', '45 a 49 años', 'Mujeres']",29
P4,B,METAS DE COMPENSACIÓN,P4200100,Personas Bajo Control por Hipertensión - PA < 150/90 mmHg,COL18,U,21,RANGO ETARIO Y SEXO - 50 a 54 años - Hombres,RANGO ETARIO Y SEXO,50 a 54 años,Hombres,,,"['RANGO ETARIO Y SEXO', '50 a 54 años', 'Hombres']",29
P4,B,METAS DE COMPENSACIÓN,P4200100,Personas Bajo Control por Hipertensión - PA < 150/90 mmHg,COL19,V,22,RANGO ETARIO Y SEXO - 50 a 54 años - Mujeres,RANGO ETARIO Y SEXO,50 a 54 años,Mujeres,,,"['RANGO ETARIO Y SEXO', '50 a 54 años', 'Mujeres']",29
P4,B,METAS DE COMPENSACIÓN,P4200100,Personas Bajo Control por Hipertensión - PA < 150/90 mmHg,COL20,W,23,RANGO ETARIO Y SEXO - 55 a 59 años - Hombres,RANGO ETARIO Y SEXO,55 a 59 años,Hombres,,,"['RANGO ETARIO Y SEXO', '55 a 59 años', 'Hombres']",29
P4,B,METAS DE COMPENSACIÓN,P4200100,Personas Bajo Control por Hipertensión - PA < 150/90 mmHg,COL21,X,24,RANGO ETARIO Y SEXO - 55 a 59 años - Mujeres,RANGO ETARIO Y SEXO,55 a 59 años,Mujeres,,,"['RANGO ETARIO Y SEXO', '55 a 59 años', 'Mujeres']",29
P4,B,METAS DE COMPENSACIÓN,P4200100,Personas Bajo Control por Hipertensión - PA < 150/90 mmHg,COL22,Y,25,RANGO ETARIO Y SEXO - 60 a 64 años - Hombres,RANGO ETARIO Y SEXO,60 a 64 años,Hombres,,,"['RANGO ETARIO Y SEXO', '60 a 64 años', 'Hombres']",29
P4,B,METAS DE COMPENSACIÓN,P4200100,Personas Bajo Control por Hipertensión - PA < 150/90 mmHg,COL23,Z,26,RANGO ETARIO Y SEXO - 60 a 64 años - Mujeres,RANGO ETARIO Y SEXO,60 a 64 años,Mujeres,,,"['RANGO ETARIO Y SEXO', '60 a 64 años', 'Mujeres']",29
P4,B,METAS DE COMPENSACIÓN,P4200100,Personas Bajo Control por Hipertensión - PA < 150/90 mmHg,COL24,AA,27,RANGO ETARIO Y SEXO - 65 a 69 años - Hombres,RANGO ETARIO Y SEXO,65 a 69 años,Hombres,,,"['RANGO ETARIO Y SEXO', '65 a 69 años', 'Hombres']",29
P4,B,METAS DE COMPENSACIÓN,P4200100,Personas Bajo Control por Hipertensión - PA < 150/90 mmHg,COL25,AB,28,RANGO ETARIO Y SEXO - 65 a 69 años - Mujeres,RANGO ETARIO Y SEXO,65 a 69 años,Mujeres,,,"['RANGO ETARIO Y SEXO', '65 a 69 años', 'Mujeres']",29
P4,B,METAS DE COMPENSACIÓN,P4200100,Personas Bajo Control por Hipertensión - PA < 150/90 mmHg,COL26,AC,29,RANGO ETARIO Y SEXO - 70 a 74 años - Hombres,RANGO ETARIO Y SEXO,70 a 74 años,Hombres,,,"['RANGO ETARIO Y SEXO', '70 a 74 años', 'Hombres']",29
P4,B,METAS DE COMPENSACIÓN,P4200100,Personas Bajo Control por Hipertensión - PA < 150/90 mmHg,COL27,AD,30,RANGO ETARIO Y SEXO - 70 a 74 años - Mujeres,RANGO ETARIO Y SEXO,70 a 74 años,Mujeres,,,"['RANGO ETARIO Y SEXO', '70 a 74 años', 'Mujeres']",29
P4,B,METAS DE COMPENSACIÓN,P4200100,Personas Bajo Control por Hipertensión - PA < 150/90 mmHg,COL28,AE,31,RANGO ETARIO Y SEXO - 75 a 79 años - Hombres,RANGO ETARIO Y SEXO,75 a 79 años,Hombres,,,"['RANGO ETARIO Y SEXO', '75 a 79 años', 'Hombres']",29
P4,B,METAS DE COMPENSACIÓN,P4200100,Personas Bajo Control por Hipertensión - PA < 150/90 mmHg,COL29,AF,32,RANGO ETARIO Y SEXO - 75 a 79 años - Mujeres,RANGO ETARIO Y SEXO,75 a 79 años,Mujeres,,,"['RANGO ETARIO Y SEXO', '75 a 79 años', 'Mujeres']",29
P4,B,METAS DE COMPENSACIÓN,P4200100,Personas Bajo Control por Hipertensión - PA < 150/90 mmHg,COL30,AG,33,RANGO ETARIO Y SEXO - 80 y más años - Hombres,RANGO ETARIO Y SEXO,80 y más años,Hombres,,,"['RANGO ETARIO Y SEXO', '80 y más años', 'Hombres']",29
P4,B,METAS DE COMPENSACIÓN,P4200100,Personas Bajo Control por Hipertensión - PA < 150/90 mmHg,COL31,AH,34,RANGO ETARIO Y SEXO - 80 y más años - Mujeres,RANGO ETARIO Y SEXO,80 y más años,Mujeres,,,"['RANGO ETARIO Y SEXO', '80 y más años', 'Mujeres']",29
P4,B,METAS DE COMPENSACIÓN,P4200100,Personas Bajo Control por Hipertensión - PA < 150/90 mmHg,COL32,AI,35,Pueblos Originarios - Hombres,Pueblos Originarios,Hombres,,,,"['Pueblos Originarios', 'Hombres']",29
P4,B,METAS DE COMPENSACIÓN,P4200100,Personas Bajo Control por Hipertensión - PA < 150/90 mmHg,COL33,AJ,36,Pueblos Originarios - Mujeres,Pueblos Originarios,Mujeres,,,,"['Pueblos Originarios', 'Mujeres']",29
P4,B,METAS DE COMPENSACIÓN,P4200100,Personas Bajo Control por Hipertensión - PA < 150/90 mmHg,COL34,AK,37,Migrantes - Hombres,Migrantes,Hombres,,,,"['Migrantes', 'Hombres']",29
P4,B,METAS DE COMPENSACIÓN,P4200100,Personas Bajo Control por Hipertensión - PA < 150/90 mmHg,COL35,AL,38,Migrantes - Mujeres,Migrantes,Mujeres,,,,"['Migrantes', 'Mujeres']",29
P4,B,METAS DE COMPENSACIÓN,P4180300,Personas Bajo Control por Diabetes Mellitus - HbA1C<7%,COL01,D,4,TOTAL - Ambos sexos,TOTAL,Ambos sexos,,,,"['TOTAL', 'Ambos sexos']",30
P4,B,METAS DE COMPENSACIÓN,P4180300,Personas Bajo Control por Diabetes Mellitus - HbA1C<7%,COL02,E,5,TOTAL - Hombres,TOTAL,Hombres,,,,"['TOTAL', 'Hombres']",30
P4,B,METAS DE COMPENSACIÓN,P4180300,Personas Bajo Control por Diabetes Mellitus - HbA1C<7%,COL03,F,6,TOTAL - Mujeres,TOTAL,Mujeres,,,,"['TOTAL', 'Mujeres']",30
P4,B,METAS DE COMPENSACIÓN,P4180300,Personas Bajo Control por Diabetes Mellitus - HbA1C<7%,COL04,G,7,RANGO ETARIO Y SEXO - 15 a 19 años - Hombres,RANGO ETARIO Y SEXO,15 a 19 años,Hombres,,,"['RANGO ETARIO Y SEXO', '15 a 19 años', 'Hombres']",30
P4,B,METAS DE COMPENSACIÓN,P4180300,Personas Bajo Control por Diabetes Mellitus - HbA1C<7%,COL05,H,8,RANGO ETARIO Y SEXO - 15 a 19 años - Mujeres,RANGO ETARIO Y SEXO,15 a 19 años,Mujeres,,,"['RANGO ETARIO Y SEXO', '15 a 19 años', 'Mujeres']",30
P4,B,METAS DE COMPENSACIÓN,P4180300,Personas Bajo Control por Diabetes Mellitus - HbA1C<7%,COL06,I,9,RANGO ETARIO Y SEXO - 20 a 24 años - Hombres,RANGO ETARIO Y SEXO,20 a 24 años,Hombres,,,"['RANGO ETARIO Y SEXO', '20 a 24 años', 'Hombres']",30
P4,B,METAS DE COMPENSACIÓN,P4180300,Personas Bajo Control por Diabetes Mellitus - HbA1C<7%,COL07,J,10,RANGO ETARIO Y SEXO - 20 a 24 años - Mujeres,RANGO ETARIO Y SEXO,20 a 24 años,Mujeres,,,"['RANGO ETARIO Y SEXO', '20 a 24 años', 'Mujeres']",30
P4,B,METAS DE COMPENSACIÓN,P4180300,Personas Bajo Control por Diabetes Mellitus - HbA1C<7%,COL08,K,11,RANGO ETARIO Y SEXO - 25 a 29 años - Hombres,RANGO ETARIO Y SEXO,25 a 29 años,Hombres,,,"['RANGO ETARIO Y SEXO', '25 a 29 años', 'Hombres']",30
P4,B,METAS DE COMPENSACIÓN,P4180300,Personas Bajo Control por Diabetes Mellitus - HbA1C<7%,COL09,L,12,RANGO ETARIO Y SEXO - 25 a 29 años - Mujeres,RANGO ETARIO Y SEXO,25 a 29 años,Mujeres,,,"['RANGO ETARIO Y SEXO', '25 a 29 años', 'Mujeres']",30
P4,B,METAS DE COMPENSACIÓN,P4180300,Personas Bajo Control por Diabetes Mellitus - HbA1C<7%,COL10,M,13,RANGO ETARIO Y SEXO - 30 a 34 años - Hombres,RANGO ETARIO Y SEXO,30 a 34 años,Hombres,,,"['RANGO ETARIO Y SEXO', '30 a 34 años', 'Hombres']",30
P4,B,METAS DE COMPENSACIÓN,P4180300,Personas Bajo Control por Diabetes Mellitus - HbA1C<7%,COL11,N,14,RANGO ETARIO Y SEXO - 30 a 34 años - Mujeres,RANGO ETARIO Y SEXO,30 a 34 años,Mujeres,,,"['RANGO ETARIO Y SEXO', '30 a 34 años', 'Mujeres']",30
P4,B,METAS DE COMPENSACIÓN,P4180300,Personas Bajo Control por Diabetes Mellitus - HbA1C<7%,COL12,O,15,RANGO ETARIO Y SEXO - 35 a 39 años - Hombres,RANGO ETARIO Y SEXO,35 a 39 años,Hombres,,,"['RANGO ETARIO Y SEXO', '35 a 39 años', 'Hombres']",30
P4,B,METAS DE COMPENSACIÓN,P4180300,Personas Bajo Control por Diabetes Mellitus - HbA1C<7%,COL13,P,16,RANGO ETARIO Y SEXO - 35 a 39 años - Mujeres,RANGO ETARIO Y SEXO,35 a 39 años,Mujeres,,,"['RANGO ETARIO Y SEXO', '35 a 39 años', 'Mujeres']",30
P4,B,METAS DE COMPENSACIÓN,P4180300,Personas Bajo Control por Diabetes Mellitus - HbA1C<7%,COL14,Q,17,RANGO ETARIO Y SEXO - 40 a 44 años - Hombres,RANGO ETARIO Y SEXO,40 a 44 años,Hombres,,,"['RANGO ETARIO Y SEXO', '40 a 44 años', 'Hombres']",30
P4,B,METAS DE COMPENSACIÓN,P4180300,Personas Bajo Control por Diabetes Mellitus - HbA1C<7%,COL15,R,18,RANGO ETARIO Y SEXO - 40 a 44 años - Mujeres,RANGO ETARIO Y SEXO,40 a 44 años,Mujeres,,,"['RANGO ETARIO Y SEXO', '40 a 44 años', 'Mujeres']",30
P4,B,METAS DE COMPENSACIÓN,P4180300,Personas Bajo Control por Diabetes Mellitus - HbA1C<7%,COL16,S,19,RANGO ETARIO Y SEXO - 45 a 49 años - Hombres,RANGO ETARIO Y SEXO,45 a 49 años,Hombres,,,"['RANGO ETARIO Y SEXO', '45 a 49 años', 'Hombres']",30
P4,B,METAS DE COMPENSACIÓN,P4180300,Personas Bajo Control por Diabetes Mellitus - HbA1C<7%,COL17,T,20,RANGO ETARIO Y SEXO - 45 a 49 años - Mujeres,RANGO ETARIO Y SEXO,45 a 49 años,Mujeres,,,"['RANGO ETARIO Y SEXO', '45 a 49 años', 'Mujeres']",30
P4,B,METAS DE COMPENSACIÓN,P4180300,Personas Bajo Control por Diabetes Mellitus - HbA1C<7%,COL18,U,21,RANGO ETARIO Y SEXO - 50 a 54 años - Hombres,RANGO ETARIO Y SEXO,50 a 54 años,Hombres,,,"['RANGO ETARIO Y SEXO', '50 a 54 años', 'Hombres']",30
P4,B,METAS DE COMPENSACIÓN,P4180300,Personas Bajo Control por Diabetes Mellitus - HbA1C<7%,COL19,V,22,RANGO ETARIO Y SEXO - 50 a 54 años - Mujeres,RANGO ETARIO Y SEXO,50 a 54 años,Mujeres,,,"['RANGO ETARIO Y SEXO', '50 a 54 años', 'Mujeres']",30
P4,B,METAS DE COMPENSACIÓN,P4180300,Personas Bajo Control por Diabetes Mellitus - HbA1C<7%,COL20,W,23,RANGO ETARIO Y SEXO - 55 a 59 años - Hombres,RANGO ETARIO Y SEXO,55 a 59 años,Hombres,,,"['RANGO ETARIO Y SEXO', '55 a 59 años', 'Hombres']",30
P4,B,METAS DE COMPENSACIÓN,P4180300,Personas Bajo Control por Diabetes Mellitus - HbA1C<7%,COL21,X,24,RANGO ETARIO Y SEXO - 55 a 59 años - Mujeres,RANGO ETARIO Y SEXO,55 a 59 años,Mujeres,,,"['RANGO ETARIO Y SEXO', '55 a 59 años', 'Mujeres']",30
P4,B,METAS DE COMPENSACIÓN,P4180300,Personas Bajo Control por Diabetes Mellitus - HbA1C<7%,COL22,Y,25,RANGO ETARIO Y SEXO - 60 a 64 años - Hombres,RANGO ETARIO Y SEXO,60 a 64 años,Hombres,,,"['RANGO ETARIO Y SEXO', '60 a 64 años', 'Hombres']",30
P4,B,METAS DE COMPENSACIÓN,P4180300,Personas Bajo Control por Diabetes Mellitus - HbA1C<7%,COL23,Z,26,RANGO ETARIO Y SEXO - 60 a 64 años - Mujeres,RANGO ETARIO Y SEXO,60 a 64 años,Mujeres,,,"['RANGO ETARIO Y SEXO', '60 a 64 años', 'Mujeres']",30
P4,B,METAS DE COMPENSACIÓN,P4180300,Personas Bajo Control por Diabetes Mellitus - HbA1C<7%,COL24,AA,27,RANGO ETARIO Y SEXO - 65 a 69 años - Hombres,RANGO ETARIO Y SEXO,65 a 69 años,Hombres,,,"['RANGO ETARIO Y SEXO', '65 a 69 años', 'Hombres']",30
P4,B,METAS DE COMPENSACIÓN,P4180300,Personas Bajo Control por Diabetes Mellitus - HbA1C<7%,COL25,AB,28,RANGO ETARIO Y SEXO - 65 a 69 años - Mujeres,RANGO ETARIO Y SEXO,65 a 69 años,Mujeres,,,"['RANGO ETARIO Y SEXO', '65 a 69 años', 'Mujeres']",30
P4,B,METAS DE COMPENSACIÓN,P4180300,Personas Bajo Control por Diabetes Mellitus - HbA1C<7%,COL26,AC,29,RANGO ETARIO Y SEXO - 70 a 74 años - Hombres,RANGO ETARIO Y SEXO,70 a 74 años,Hombres,,,"['RANGO ETARIO Y SEXO', '70 a 74 años', 'Hombres']",30
P4,B,METAS DE COMPENSACIÓN,P4180300,Personas Bajo Control por Diabetes Mellitus - HbA1C<7%,COL27,AD,30,RANGO ETARIO Y SEXO - 70 a 74 años - Mujeres,RANGO ETARIO Y SEXO,70 a 74 años,Mujeres,,,"['RANGO ETARIO Y SEXO', '70 a 74 años', 'Mujeres']",30
P4,B,METAS DE COMPENSACIÓN,P4180300,Personas Bajo Control por Diabetes Mellitus - HbA1C<7%,COL28,AE,31,RANGO ETARIO Y SEXO - 75 a 79 años - Hombres,RANGO ETARIO Y SEXO,75 a 79 años,Hombres,,,"['RANGO ETARIO Y SEXO', '75 a 79 años', 'Hombres']",30
P4,B,METAS DE COMPENSACIÓN,P4180300,Personas Bajo Control por Diabetes Mellitus - HbA1C<7%,COL29,AF,32,RANGO ETARIO Y SEXO - 75 a 79 años - Mujeres,RANGO ETARIO Y SEXO,75 a 79 años,Mujeres,,,"['RANGO ETARIO Y SEXO', '75 a 79 años', 'Mujeres']",30
P4,B,METAS DE COMPENSACIÓN,P4180300,Personas Bajo Control por Diabetes Mellitus - HbA1C<7%,COL30,AG,33,RANGO ETARIO Y SEXO - 80 y más años - Hombres,RANGO ETARIO Y SEXO,80 y más años,Hombres,,,"['RANGO ETARIO Y SEXO', '80 y más años', 'Hombres']",30
P4,B,METAS DE COMPENSACIÓN,P4180300,Personas Bajo Control por Diabetes Mellitus - HbA1C<7%,COL31,AH,34,RANGO ETARIO Y SEXO - 80 y más años - Mujeres,RANGO ETARIO Y SEXO,80 y más años,Mujeres,,,"['RANGO ETARIO Y SEXO', '80 y más años', 'Mujeres']",30
P4,B,METAS DE COMPENSACIÓN,P4180300,Personas Bajo Control por Diabetes Mellitus - HbA1C<7%,COL32,AI,35,Pueblos Originarios - Hombres,Pueblos Originarios,Hombres,,,,"['Pueblos Originarios', 'Hombres']",30
P4,B,METAS DE COMPENSACIÓN,P4180300,Personas Bajo Control por Diabetes Mellitus - HbA1C<7%,COL33,AJ,36,Pueblos Originarios - Mujeres,Pueblos Originarios,Mujeres,,,,"['Pueblos Originarios', 'Mujeres']",30
P4,B,METAS DE COMPENSACIÓN,P4180300,Personas Bajo Control por Diabetes Mellitus - HbA1C<7%,COL34,AK,37,Migrantes - Hombres,Migrantes,Hombres,,,,"['Migrantes', 'Hombres']",30
P4,B,METAS DE COMPENSACIÓN,P4180300,Personas Bajo Control por Diabetes Mellitus - HbA1C<7%,COL35,AL,38,Migrantes - Mujeres,Migrantes,Mujeres,,,,"['Migrantes', 'Mujeres']",30
P4,B,METAS DE COMPENSACIÓN,P4200200,Personas Bajo Control por Diabetes Mellitus - HbA1C<8%,COL01,D,4,TOTAL - Ambos sexos,TOTAL,Ambos sexos,,,,"['TOTAL', 'Ambos sexos']",31
P4,B,METAS DE COMPENSACIÓN,P4200200,Personas Bajo Control por Diabetes Mellitus - HbA1C<8%,COL02,E,5,TOTAL - Hombres,TOTAL,Hombres,,,,"['TOTAL', 'Hombres']",31
P4,B,METAS DE COMPENSACIÓN,P4200200,Personas Bajo Control por Diabetes Mellitus - HbA1C<8%,COL03,F,6,TOTAL - Mujeres,TOTAL,Mujeres,,,,"['TOTAL', 'Mujeres']",31
P4,B,METAS DE COMPENSACIÓN,P4200200,Personas Bajo Control por Diabetes Mellitus - HbA1C<8%,COL04,G,7,RANGO ETARIO Y SEXO - 15 a 19 años - Hombres,RANGO ETARIO Y SEXO,15 a 19 años,Hombres,,,"['RANGO ETARIO Y SEXO', '15 a 19 años', 'Hombres']",31
P4,B,METAS DE COMPENSACIÓN,P4200200,Personas Bajo Control por Diabetes Mellitus - HbA1C<8%,COL05,H,8,RANGO ETARIO Y SEXO - 15 a 19 años - Mujeres,RANGO ETARIO Y SEXO,15 a 19 años,Mujeres,,,"['RANGO ETARIO Y SEXO', '15 a 19 años', 'Mujeres']",31
P4,B,METAS DE COMPENSACIÓN,P4200200,Personas Bajo Control por Diabetes Mellitus - HbA1C<8%,COL06,I,9,RANGO ETARIO Y SEXO - 20 a 24 años - Hombres,RANGO ETARIO Y SEXO,20 a 24 años,Hombres,,,"['RANGO ETARIO Y SEXO', '20 a 24 años', 'Hombres']",31
P4,B,METAS DE COMPENSACIÓN,P4200200,Personas Bajo Control por Diabetes Mellitus - HbA1C<8%,COL07,J,10,RANGO ETARIO Y SEXO - 20 a 24 años - Mujeres,RANGO ETARIO Y SEXO,20 a 24 años,Mujeres,,,"['RANGO ETARIO Y SEXO', '20 a 24 años', 'Mujeres']",31
P4,B,METAS DE COMPENSACIÓN,P4200200,Personas Bajo Control por Diabetes Mellitus - HbA1C<8%,COL08,K,11,RANGO ETARIO Y SEXO - 25 a 29 años - Hombres,RANGO ETARIO Y SEXO,25 a 29 años,Hombres,,,"['RANGO ETARIO Y SEXO', '25 a 29 años', 'Hombres']",31
P4,B,METAS DE COMPENSACIÓN,P4200200,Personas Bajo Control por Diabetes Mellitus - HbA1C<8%,COL09,L,12,RANGO ETARIO Y SEXO - 25 a 29 años - Mujeres,RANGO ETARIO Y SEXO,25 a 29 años,Mujeres,,,"['RANGO ETARIO Y SEXO', '25 a 29 años', 'Mujeres']",31
P4,B,METAS DE COMPENSACIÓN,P4200200,Personas Bajo Control por Diabetes Mellitus - HbA1C<8%,COL10,M,13,RANGO ETARIO Y SEXO - 30 a 34 años - Hombres,RANGO ETARIO Y SEXO,30 a 34 años,Hombres,,,"['RANGO ETARIO Y SEXO', '30 a 34 años', 'Hombres']",31
P4,B,METAS DE COMPENSACIÓN,P4200200,Personas Bajo Control por Diabetes Mellitus - HbA1C<8%,COL11,N,14,RANGO ETARIO Y SEXO - 30 a 34 años - Mujeres,RANGO ETARIO Y SEXO,30 a 34 años,Mujeres,,,"['RANGO ETARIO Y SEXO', '30 a 34 años', 'Mujeres']",31
P4,B,METAS DE COMPENSACIÓN,P4200200,Personas Bajo Control por Diabetes Mellitus - HbA1C<8%,COL12,O,15,RANGO ETARIO Y SEXO - 35 a 39 años - Hombres,RANGO ETARIO Y SEXO,35 a 39 años,Hombres,,,"['RANGO ETARIO Y SEXO', '35 a 39 años', 'Hombres']",31
P4,B,METAS DE COMPENSACIÓN,P4200200,Personas Bajo Control por Diabetes Mellitus - HbA1C<8%,COL13,P,16,RANGO ETARIO Y SEXO - 35 a 39 años - Mujeres,RANGO ETARIO Y SEXO,35 a 39 años,Mujeres,,,"['RANGO ETARIO Y SEXO', '35 a 39 años', 'Mujeres']",31
P4,B,METAS DE COMPENSACIÓN,P4200200,Personas Bajo Control por Diabetes Mellitus - HbA1C<8%,COL14,Q,17,RANGO ETARIO Y SEXO - 40 a 44 años - Hombres,RANGO ETARIO Y SEXO,40 a 44 años,Hombres,,,"['RANGO ETARIO Y SEXO', '40 a 44 años', 'Hombres']",31
P4,B,METAS DE COMPENSACIÓN,P4200200,Personas Bajo Control por Diabetes Mellitus - HbA1C<8%,COL15,R,18,RANGO ETARIO Y SEXO - 40 a 44 años - Mujeres,RANGO ETARIO Y SEXO,40 a 44 años,Mujeres,,,"['RANGO ETARIO Y SEXO', '40 a 44 años', 'Mujeres']",31
P4,B,METAS DE COMPENSACIÓN,P4200200,Personas Bajo Control por Diabetes Mellitus - HbA1C<8%,COL16,S,19,RANGO ETARIO Y SEXO - 45 a 49 años - Hombres,RANGO ETARIO Y SEXO,45 a 49 años,Hombres,,,"['RANGO ETARIO Y SEXO', '45 a 49 años', 'Hombres']",31
P4,B,METAS DE COMPENSACIÓN,P4200200,Personas Bajo Control por Diabetes Mellitus - HbA1C<8%,COL17,T,20,RANGO ETARIO Y SEXO - 45 a 49 años - Mujeres,RANGO ETARIO Y SEXO,45 a 49 años,Mujeres,,,"['RANGO ETARIO Y SEXO', '45 a 49 años', 'Mujeres']",31
P4,B,METAS DE COMPENSACIÓN,P4200200,Personas Bajo Control por Diabetes Mellitus - HbA1C<8%,COL18,U,21,RANGO ETARIO Y SEXO - 50 a 54 años - Hombres,RANGO ETARIO Y SEXO,50 a 54 años,Hombres,,,"['RANGO ETARIO Y SEXO', '50 a 54 años', 'Hombres']",31
P4,B,METAS DE COMPENSACIÓN,P4200200,Personas Bajo Control por Diabetes Mellitus - HbA1C<8%,COL19,V,22,RANGO ETARIO Y SEXO - 50 a 54 años - Mujeres,RANGO ETARIO Y SEXO,50 a 54 años,Mujeres,,,"['RANGO ETARIO Y SEXO', '50 a 54 años', 'Mujeres']",31
P4,B,METAS DE COMPENSACIÓN,P4200200,Personas Bajo Control por Diabetes Mellitus - HbA1C<8%,COL20,W,23,RANGO ETARIO Y SEXO - 55 a 59 años - Hombres,RANGO ETARIO Y SEXO,55 a 59 años,Hombres,,,"['RANGO ETARIO Y SEXO', '55 a 59 años', 'Hombres']",31
P4,B,METAS DE COMPENSACIÓN,P4200200,Personas Bajo Control por Diabetes Mellitus - HbA1C<8%,COL21,X,24,RANGO ETARIO Y SEXO - 55 a 59 años - Mujeres,RANGO ETARIO Y SEXO,55 a 59 años,Mujeres,,,"['RANGO ETARIO Y SEXO', '55 a 59 años', 'Mujeres']",31
P4,B,METAS DE COMPENSACIÓN,P4200200,Personas Bajo Control por Diabetes Mellitus - HbA1C<8%,COL22,Y,25,RANGO ETARIO Y SEXO - 60 a 64 años - Hombres,RANGO ETARIO Y SEXO,60 a 64 años,Hombres,,,"['RANGO ETARIO Y SEXO', '60 a 64 años', 'Hombres']",31
P4,B,METAS DE COMPENSACIÓN,P4200200,Personas Bajo Control por Diabetes Mellitus - HbA1C<8%,COL23,Z,26,RANGO ETARIO Y SEXO - 60 a 64 años - Mujeres,RANGO ETARIO Y SEXO,60 a 64 años,Mujeres,,,"['RANGO ETARIO Y SEXO', '60 a 64 años', 'Mujeres']",31
P4,B,METAS DE COMPENSACIÓN,P4200200,Personas Bajo Control por Diabetes Mellitus - HbA1C<8%,COL24,AA,27,RANGO ETARIO Y SEXO - 65 a 69 años - Hombres,RANGO ETARIO Y SEXO,65 a 69 años,Hombres,,,"['RANGO ETARIO Y SEXO', '65 a 69 años', 'Hombres']",31
P4,B,METAS DE COMPENSACIÓN,P4200200,Personas Bajo Control por Diabetes Mellitus - HbA1C<8%,COL25,AB,28,RANGO ETARIO Y SEXO - 65 a 69 años - Mujeres,RANGO ETARIO Y SEXO,65 a 69 años,Mujeres,,,"['RANGO ETARIO Y SEXO', '65 a 69 años', 'Mujeres']",31
P4,B,METAS DE COMPENSACIÓN,P4200200,Personas Bajo Control por Diabetes Mellitus - HbA1C<8%,COL26,AC,29,RANGO ETARIO Y SEXO - 70 a 74 años - Hombres,RANGO ETARIO Y SEXO,70 a 74 años,Hombres,,,"['RANGO ETARIO Y SEXO', '70 a 74 años', 'Hombres']",31
P4,B,METAS DE COMPENSACIÓN,P4200200,Personas Bajo Control por Diabetes Mellitus - HbA1C<8%,COL27,AD,30,RANGO ETARIO Y SEXO - 70 a 74 años - Mujeres,RANGO ETARIO Y SEXO,70 a 74 años,Mujeres,,,"['RANGO ETARIO Y SEXO', '70 a 74 años', 'Mujeres']",31
P4,B,METAS DE COMPENSACIÓN,P4200200,Personas Bajo Control por Diabetes Mellitus - HbA1C<8%,COL28,AE,31,RANGO ETARIO Y SEXO - 75 a 79 años - Hombres,RANGO ETARIO Y SEXO,75 a 79 años,Hombres,,,"['RANGO ETARIO Y SEXO', '75 a 79 años', 'Hombres']",31
P4,B,METAS DE COMPENSACIÓN,P4200200,Personas Bajo Control por Diabetes Mellitus - HbA1C<8%,COL29,AF,32,RANGO ETARIO Y SEXO - 75 a 79 años - Mujeres,RANGO ETARIO Y SEXO,75 a 79 años,Mujeres,,,"['RANGO ETARIO Y SEXO', '75 a 79 años', 'Mujeres']",31
P4,B,METAS DE COMPENSACIÓN,P4200200,Personas Bajo Control por Diabetes Mellitus - HbA1C<8%,COL30,AG,33,RANGO ETARIO Y SEXO - 80 y más años - Hombres,RANGO ETARIO Y SEXO,80 y más años,Hombres,,,"['RANGO ETARIO Y SEXO', '80 y más años', 'Hombres']",31
P4,B,METAS DE COMPENSACIÓN,P4200200,Personas Bajo Control por Diabetes Mellitus - HbA1C<8%,COL31,AH,34,RANGO ETARIO Y SEXO - 80 y más años - Mujeres,RANGO ETARIO Y SEXO,80 y más años,Mujeres,,,"['RANGO ETARIO Y SEXO', '80 y más años', 'Mujeres']",31
P4,B,METAS DE COMPENSACIÓN,P4200200,Personas Bajo Control por Diabetes Mellitus - HbA1C<8%,COL32,AI,35,Pueblos Originarios - Hombres,Pueblos Originarios,Hombres,,,,"['Pueblos Originarios', 'Hombres']",31
P4,B,METAS DE COMPENSACIÓN,P4200200,Personas Bajo Control por Diabetes Mellitus - HbA1C<8%,COL33,AJ,36,Pueblos Originarios - Mujeres,Pueblos Originarios,Mujeres,,,,"['Pueblos Originarios', 'Mujeres']",31
P4,B,METAS DE COMPENSACIÓN,P4200200,Personas Bajo Control por Diabetes Mellitus - HbA1C<8%,COL34,AK,37,Migrantes - Hombres,Migrantes,Hombres,,,,"['Migrantes', 'Hombres']",31
P4,B,METAS DE COMPENSACIÓN,P4200200,Personas Bajo Control por Diabetes Mellitus - HbA1C<8%,COL35,AL,38,Migrantes - Mujeres,Migrantes,Mujeres,,,,"['Migrantes', 'Mujeres']",31
P4,B,METAS DE COMPENSACIÓN,P4190920,Personas Bajo Control por Diabetes Mellitus - HbA1C<7% - PA < 140/90mmHg y Colesterol LDL < 70 mg/dl,COL01,D,4,TOTAL - Ambos sexos,TOTAL,Ambos sexos,,,,"['TOTAL', 'Ambos sexos']",32
P4,B,METAS DE COMPENSACIÓN,P4190920,Personas Bajo Control por Diabetes Mellitus - HbA1C<7% - PA < 140/90mmHg y Colesterol LDL < 70 mg/dl,COL02,E,5,TOTAL - Hombres,TOTAL,Hombres,,,,"['TOTAL', 'Hombres']",32
P4,B,METAS DE COMPENSACIÓN,P4190920,Personas Bajo Control por Diabetes Mellitus - HbA1C<7% - PA < 140/90mmHg y Colesterol LDL < 70 mg/dl,COL03,F,6,TOTAL - Mujeres,TOTAL,Mujeres,,,,"['TOTAL', 'Mujeres']",32
P4,B,METAS DE COMPENSACIÓN,P4190920,Personas Bajo Control por Diabetes Mellitus - HbA1C<7% - PA < 140/90mmHg y Colesterol LDL < 70 mg/dl,COL04,G,7,RANGO ETARIO Y SEXO - 15 a 19 años - Hombres,RANGO ETARIO Y SEXO,15 a 19 años,Hombres,,,"['RANGO ETARIO Y SEXO', '15 a 19 años', 'Hombres']",32
P4,B,METAS DE COMPENSACIÓN,P4190920,Personas Bajo Control por Diabetes Mellitus - HbA1C<7% - PA < 140/90mmHg y Colesterol LDL < 70 mg/dl,COL05,H,8,RANGO ETARIO Y SEXO - 15 a 19 años - Mujeres,RANGO ETARIO Y SEXO,15 a 19 años,Mujeres,,,"['RANGO ETARIO Y SEXO', '15 a 19 años', 'Mujeres']",32
P4,B,METAS DE COMPENSACIÓN,P4190920,Personas Bajo Control por Diabetes Mellitus - HbA1C<7% - PA < 140/90mmHg y Colesterol LDL < 70 mg/dl,COL06,I,9,RANGO ETARIO Y SEXO - 20 a 24 años - Hombres,RANGO ETARIO Y SEXO,20 a 24 años,Hombres,,,"['RANGO ETARIO Y SEXO', '20 a 24 años', 'Hombres']",32
P4,B,METAS DE COMPENSACIÓN,P4190920,Personas Bajo Control por Diabetes Mellitus - HbA1C<7% - PA < 140/90mmHg y Colesterol LDL < 70 mg/dl,COL07,J,10,RANGO ETARIO Y SEXO - 20 a 24 años - Mujeres,RANGO ETARIO Y SEXO,20 a 24 años,Mujeres,,,"['RANGO ETARIO Y SEXO', '20 a 24 años', 'Mujeres']",32
P4,B,METAS DE COMPENSACIÓN,P4190920,Personas Bajo Control por Diabetes Mellitus - HbA1C<7% - PA < 140/90mmHg y Colesterol LDL < 70 mg/dl,COL08,K,11,RANGO ETARIO Y SEXO - 25 a 29 años - Hombres,RANGO ETARIO Y SEXO,25 a 29 años,Hombres,,,"['RANGO ETARIO Y SEXO', '25 a 29 años', 'Hombres']",32
P4,B,METAS DE COMPENSACIÓN,P4190920,Personas Bajo Control por Diabetes Mellitus - HbA1C<7% - PA < 140/90mmHg y Colesterol LDL < 70 mg/dl,COL09,L,12,RANGO ETARIO Y SEXO - 25 a 29 años - Mujeres,RANGO ETARIO Y SEXO,25 a 29 años,Mujeres,,,"['RANGO ETARIO Y SEXO', '25 a 29 años', 'Mujeres']",32
P4,B,METAS DE COMPENSACIÓN,P4190920,Personas Bajo Control por Diabetes Mellitus - HbA1C<7% - PA < 140/90mmHg y Colesterol LDL < 70 mg/dl,COL10,M,13,RANGO ETARIO Y SEXO - 30 a 34 años - Hombres,RANGO ETARIO Y SEXO,30 a 34 años,Hombres,,,"['RANGO ETARIO Y SEXO', '30 a 34 años', 'Hombres']",32
P4,B,METAS DE COMPENSACIÓN,P4190920,Personas Bajo Control por Diabetes Mellitus - HbA1C<7% - PA < 140/90mmHg y Colesterol LDL < 70 mg/dl,COL11,N,14,RANGO ETARIO Y SEXO - 30 a 34 años - Mujeres,RANGO ETARIO Y SEXO,30 a 34 años,Mujeres,,,"['RANGO ETARIO Y SEXO', '30 a 34 años', 'Mujeres']",32
P4,B,METAS DE COMPENSACIÓN,P4190920,Personas Bajo Control por Diabetes Mellitus - HbA1C<7% - PA < 140/90mmHg y Colesterol LDL < 70 mg/dl,COL12,O,15,RANGO ETARIO Y SEXO - 35 a 39 años - Hombres,RANGO ETARIO Y SEXO,35 a 39 años,Hombres,,,"['RANGO ETARIO Y SEXO', '35 a 39 años', 'Hombres']",32
P4,B,METAS DE COMPENSACIÓN,P4190920,Personas Bajo Control por Diabetes Mellitus - HbA1C<7% - PA < 140/90mmHg y Colesterol LDL < 70 mg/dl,COL13,P,16,RANGO ETARIO Y SEXO - 35 a 39 años - Mujeres,RANGO ETARIO Y SEXO,35 a 39 años,Mujeres,,,"['RANGO ETARIO Y SEXO', '35 a 39 años', 'Mujeres']",32
P4,B,METAS DE COMPENSACIÓN,P4190920,Personas Bajo Control por Diabetes Mellitus - HbA1C<7% - PA < 140/90mmHg y Colesterol LDL < 70 mg/dl,COL14,Q,17,RANGO ETARIO Y SEXO - 40 a 44 años - Hombres,RANGO ETARIO Y SEXO,40 a 44 años,Hombres,,,"['RANGO ETARIO Y SEXO', '40 a 44 años', 'Hombres']",32
P4,B,METAS DE COMPENSACIÓN,P4190920,Personas Bajo Control por Diabetes Mellitus - HbA1C<7% - PA < 140/90mmHg y Colesterol LDL < 70 mg/dl,COL15,R,18,RANGO ETARIO Y SEXO - 40 a 44 años - Mujeres,RANGO ETARIO Y SEXO,40 a 44 años,Mujeres,,,"['RANGO ETARIO Y SEXO', '40 a 44 años', 'Mujeres']",32
P4,B,METAS DE COMPENSACIÓN,P4190920,Personas Bajo Control por Diabetes Mellitus - HbA1C<7% - PA < 140/90mmHg y Colesterol LDL < 70 mg/dl,COL16,S,19,RANGO ETARIO Y SEXO - 45 a 49 años - Hombres,RANGO ETARIO Y SEXO,45 a 49 años,Hombres,,,"['RANGO ETARIO Y SEXO', '45 a 49 años', 'Hombres']",32
P4,B,METAS DE COMPENSACIÓN,P4190920,Personas Bajo Control por Diabetes Mellitus - HbA1C<7% - PA < 140/90mmHg y Colesterol LDL < 70 mg/dl,COL17,T,20,RANGO ETARIO Y SEXO - 45 a 49 años - Mujeres,RANGO ETARIO Y SEXO,45 a 49 años,Mujeres,,,"['RANGO ETARIO Y SEXO', '45 a 49 años', 'Mujeres']",32
P4,B,METAS DE COMPENSACIÓN,P4190920,Personas Bajo Control por Diabetes Mellitus - HbA1C<7% - PA < 140/90mmHg y Colesterol LDL < 70 mg/dl,COL18,U,21,RANGO ETARIO Y SEXO - 50 a 54 años - Hombres,RANGO ETARIO Y SEXO,50 a 54 años,Hombres,,,"['RANGO ETARIO Y SEXO', '50 a 54 años', 'Hombres']",32
P4,B,METAS DE COMPENSACIÓN,P4190920,Personas Bajo Control por Diabetes Mellitus - HbA1C<7% - PA < 140/90mmHg y Colesterol LDL < 70 mg/dl,COL19,V,22,RANGO ETARIO Y SEXO - 50 a 54 años - Mujeres,RANGO ETARIO Y SEXO,50 a 54 años,Mujeres,,,"['RANGO ETARIO Y SEXO', '50 a 54 años', 'Mujeres']",32
P4,B,METAS DE COMPENSACIÓN,P4190920,Personas Bajo Control por Diabetes Mellitus - HbA1C<7% - PA < 140/90mmHg y Colesterol LDL < 70 mg/dl,COL20,W,23,RANGO ETARIO Y SEXO - 55 a 59 años - Hombres,RANGO ETARIO Y SEXO,55 a 59 años,Hombres,,,"['RANGO ETARIO Y SEXO', '55 a 59 años', 'Hombres']",32
P4,B,METAS DE COMPENSACIÓN,P4190920,Personas Bajo Control por Diabetes Mellitus - HbA1C<7% - PA < 140/90mmHg y Colesterol LDL < 70 mg/dl,COL21,X,24,RANGO ETARIO Y SEXO - 55 a 59 años - Mujeres,RANGO ETARIO Y SEXO,55 a 59 años,Mujeres,,,"['RANGO ETARIO Y SEXO', '55 a 59 años', 'Mujeres']",32
P4,B,METAS DE COMPENSACIÓN,P4190920,Personas Bajo Control por Diabetes Mellitus - HbA1C<7% - PA < 140/90mmHg y Colesterol LDL < 70 mg/dl,COL22,Y,25,RANGO ETARIO Y SEXO - 60 a 64 años - Hombres,RANGO ETARIO Y SEXO,60 a 64 años,Hombres,,,"['RANGO ETARIO Y SEXO', '60 a 64 años', 'Hombres']",32
P4,B,METAS DE COMPENSACIÓN,P4190920,Personas Bajo Control por Diabetes Mellitus - HbA1C<7% - PA < 140/90mmHg y Colesterol LDL < 70 mg/dl,COL23,Z,26,RANGO ETARIO Y SEXO - 60 a 64 años - Mujeres,RANGO ETARIO Y SEXO,60 a 64 años,Mujeres,,,"['RANGO ETARIO Y SEXO', '60 a 64 años', 'Mujeres']",32
P4,B,METAS DE COMPENSACIÓN,P4190920,Personas Bajo Control por Diabetes Mellitus - HbA1C<7% - PA < 140/90mmHg y Colesterol LDL < 70 mg/dl,COL24,AA,27,RANGO ETARIO Y SEXO - 65 a 69 años - Hombres,RANGO ETARIO Y SEXO,65 a 69 años,Hombres,,,"['RANGO ETARIO Y SEXO', '65 a 69 años', 'Hombres']",32
P4,B,METAS DE COMPENSACIÓN,P4190920,Personas Bajo Control por Diabetes Mellitus - HbA1C<7% - PA < 140/90mmHg y Colesterol LDL < 70 mg/dl,COL25,AB,28,RANGO ETARIO Y SEXO - 65 a 69 años - Mujeres,RANGO ETARIO Y SEXO,65 a 69 años,Mujeres,,,"['RANGO ETARIO Y SEXO', '65 a 69 años', 'Mujeres']",32
P4,B,METAS DE COMPENSACIÓN,P4190920,Personas Bajo Control por Diabetes Mellitus - HbA1C<7% - PA < 140/90mmHg y Colesterol LDL < 70 mg/dl,COL26,AC,29,RANGO ETARIO Y SEXO - 70 a 74 años - Hombres,RANGO ETARIO Y SEXO,70 a 74 años,Hombres,,,"['RANGO ETARIO Y SEXO', '70 a 74 años', 'Hombres']",32
P4,B,METAS DE COMPENSACIÓN,P4190920,Personas Bajo Control por Diabetes Mellitus - HbA1C<7% - PA < 140/90mmHg y Colesterol LDL < 70 mg/dl,COL27,AD,30,RANGO ETARIO Y SEXO - 70 a 74 años - Mujeres,RANGO ETARIO Y SEXO,70 a 74 años,Mujeres,,,"['RANGO ETARIO Y SEXO', '70 a 74 años', 'Mujeres']",32
P4,B,METAS DE COMPENSACIÓN,P4190920,Personas Bajo Control por Diabetes Mellitus - HbA1C<7% - PA < 140/90mmHg y Colesterol LDL < 70 mg/dl,COL28,AE,31,RANGO ETARIO Y SEXO - 75 a 79 años - Hombres,RANGO ETARIO Y SEXO,75 a 79 años,Hombres,,,"['RANGO ETARIO Y SEXO', '75 a 79 años', 'Hombres']",32
P4,B,METAS DE COMPENSACIÓN,P4190920,Personas Bajo Control por Diabetes Mellitus - HbA1C<7% - PA < 140/90mmHg y Colesterol LDL < 70 mg/dl,COL29,AF,32,RANGO ETARIO Y SEXO - 75 a 79 años - Mujeres,RANGO ETARIO Y SEXO,75 a 79 años,Mujeres,,,"['RANGO ETARIO Y SEXO', '75 a 79 años', 'Mujeres']",32
P4,B,METAS DE COMPENSACIÓN,P4190920,Personas Bajo Control por Diabetes Mellitus - HbA1C<7% - PA < 140/90mmHg y Colesterol LDL < 70 mg/dl,COL30,AG,33,RANGO ETARIO Y SEXO - 80 y más años - Hombres,RANGO ETARIO Y SEXO,80 y más años,Hombres,,,"['RANGO ETARIO Y SEXO', '80 y más años', 'Hombres']",32
P4,B,METAS DE COMPENSACIÓN,P4190920,Personas Bajo Control por Diabetes Mellitus - HbA1C<7% - PA < 140/90mmHg y Colesterol LDL < 70 mg/dl,COL31,AH,34,RANGO ETARIO Y SEXO - 80 y más años - Mujeres,RANGO ETARIO Y SEXO,80 y más años,Mujeres,,,"['RANGO ETARIO Y SEXO', '80 y más años', 'Mujeres']",32
P4,B,METAS DE COMPENSACIÓN,P4190920,Personas Bajo Control por Diabetes Mellitus - HbA1C<7% - PA < 140/90mmHg y Colesterol LDL < 70 mg/dl,COL32,AI,35,Pueblos Originarios - Hombres,Pueblos Originarios,Hombres,,,,"['Pueblos Originarios', 'Hombres']",32
P4,B,METAS DE COMPENSACIÓN,P4190920,Personas Bajo Control por Diabetes Mellitus - HbA1C<7% - PA < 140/90mmHg y Colesterol LDL < 70 mg/dl,COL33,AJ,36,Pueblos Originarios - Mujeres,Pueblos Originarios,Mujeres,,,,"['Pueblos Originarios', 'Mujeres']",32
P4,B,METAS DE COMPENSACIÓN,P4190920,Personas Bajo Control por Diabetes Mellitus - HbA1C<7% - PA < 140/90mmHg y Colesterol LDL < 70 mg/dl,COL34,AK,37,Migrantes - Hombres,Migrantes,Hombres,,,,"['Migrantes', 'Hombres']",32
P4,B,METAS DE COMPENSACIÓN,P4190920,Personas Bajo Control por Diabetes Mellitus - HbA1C<7% - PA < 140/90mmHg y Colesterol LDL < 70 mg/dl,COL35,AL,38,Migrantes - Mujeres,Migrantes,Mujeres,,,,"['Migrantes', 'Mujeres']",32
P4,B,METAS DE COMPENSACIÓN,P4401012,Personas con RCV alto - Colesterol LDL < 70 mg/dL,COL01,D,4,TOTAL - Ambos sexos,TOTAL,Ambos sexos,,,,"['TOTAL', 'Ambos sexos']",33
P4,B,METAS DE COMPENSACIÓN,P4401012,Personas con RCV alto - Colesterol LDL < 70 mg/dL,COL02,E,5,TOTAL - Hombres,TOTAL,Hombres,,,,"['TOTAL', 'Hombres']",33
P4,B,METAS DE COMPENSACIÓN,P4401012,Personas con RCV alto - Colesterol LDL < 70 mg/dL,COL03,F,6,TOTAL - Mujeres,TOTAL,Mujeres,,,,"['TOTAL', 'Mujeres']",33
P4,B,METAS DE COMPENSACIÓN,P4401012,Personas con RCV alto - Colesterol LDL < 70 mg/dL,COL04,G,7,RANGO ETARIO Y SEXO - 15 a 19 años - Hombres,RANGO ETARIO Y SEXO,15 a 19 años,Hombres,,,"['RANGO ETARIO Y SEXO', '15 a 19 años', 'Hombres']",33
P4,B,METAS DE COMPENSACIÓN,P4401012,Personas con RCV alto - Colesterol LDL < 70 mg/dL,COL05,H,8,RANGO ETARIO Y SEXO - 15 a 19 años - Mujeres,RANGO ETARIO Y SEXO,15 a 19 años,Mujeres,,,"['RANGO ETARIO Y SEXO', '15 a 19 años', 'Mujeres']",33
P4,B,METAS DE COMPENSACIÓN,P4401012,Personas con RCV alto - Colesterol LDL < 70 mg/dL,COL06,I,9,RANGO ETARIO Y SEXO - 20 a 24 años - Hombres,RANGO ETARIO Y SEXO,20 a 24 años,Hombres,,,"['RANGO ETARIO Y SEXO', '20 a 24 años', 'Hombres']",33
P4,B,METAS DE COMPENSACIÓN,P4401012,Personas con RCV alto - Colesterol LDL < 70 mg/dL,COL07,J,10,RANGO ETARIO Y SEXO - 20 a 24 años - Mujeres,RANGO ETARIO Y SEXO,20 a 24 años,Mujeres,,,"['RANGO ETARIO Y SEXO', '20 a 24 años', 'Mujeres']",33
P4,B,METAS DE COMPENSACIÓN,P4401012,Personas con RCV alto - Colesterol LDL < 70 mg/dL,COL08,K,11,RANGO ETARIO Y SEXO - 25 a 29 años - Hombres,RANGO ETARIO Y SEXO,25 a 29 años,Hombres,,,"['RANGO ETARIO Y SEXO', '25 a 29 años', 'Hombres']",33
P4,B,METAS DE COMPENSACIÓN,P4401012,Personas con RCV alto - Colesterol LDL < 70 mg/dL,COL09,L,12,RANGO ETARIO Y SEXO - 25 a 29 años - Mujeres,RANGO ETARIO Y SEXO,25 a 29 años,Mujeres,,,"['RANGO ETARIO Y SEXO', '25 a 29 años', 'Mujeres']",33
P4,B,METAS DE COMPENSACIÓN,P4401012,Personas con RCV alto - Colesterol LDL < 70 mg/dL,COL10,M,13,RANGO ETARIO Y SEXO - 30 a 34 años - Hombres,RANGO ETARIO Y SEXO,30 a 34 años,Hombres,,,"['RANGO ETARIO Y SEXO', '30 a 34 años', 'Hombres']",33
P4,B,METAS DE COMPENSACIÓN,P4401012,Personas con RCV alto - Colesterol LDL < 70 mg/dL,COL11,N,14,RANGO ETARIO Y SEXO - 30 a 34 años - Mujeres,RANGO ETARIO Y SEXO,30 a 34 años,Mujeres,,,"['RANGO ETARIO Y SEXO', '30 a 34 años', 'Mujeres']",33
P4,B,METAS DE COMPENSACIÓN,P4401012,Personas con RCV alto - Colesterol LDL < 70 mg/dL,COL12,O,15,RANGO ETARIO Y SEXO - 35 a 39 años - Hombres,RANGO ETARIO Y SEXO,35 a 39 años,Hombres,,,"['RANGO ETARIO Y SEXO', '35 a 39 años', 'Hombres']",33
P4,B,METAS DE COMPENSACIÓN,P4401012,Personas con RCV alto - Colesterol LDL < 70 mg/dL,COL13,P,16,RANGO ETARIO Y SEXO - 35 a 39 años - Mujeres,RANGO ETARIO Y SEXO,35 a 39 años,Mujeres,,,"['RANGO ETARIO Y SEXO', '35 a 39 años', 'Mujeres']",33
P4,B,METAS DE COMPENSACIÓN,P4401012,Personas con RCV alto - Colesterol LDL < 70 mg/dL,COL14,Q,17,RANGO ETARIO Y SEXO - 40 a 44 años - Hombres,RANGO ETARIO Y SEXO,40 a 44 años,Hombres,,,"['RANGO ETARIO Y SEXO', '40 a 44 años', 'Hombres']",33
P4,B,METAS DE COMPENSACIÓN,P4401012,Personas con RCV alto - Colesterol LDL < 70 mg/dL,COL15,R,18,RANGO ETARIO Y SEXO - 40 a 44 años - Mujeres,RANGO ETARIO Y SEXO,40 a 44 años,Mujeres,,,"['RANGO ETARIO Y SEXO', '40 a 44 años', 'Mujeres']",33
P4,B,METAS DE COMPENSACIÓN,P4401012,Personas con RCV alto - Colesterol LDL < 70 mg/dL,COL16,S,19,RANGO ETARIO Y SEXO - 45 a 49 años - Hombres,RANGO ETARIO Y SEXO,45 a 49 años,Hombres,,,"['RANGO ETARIO Y SEXO', '45 a 49 años', 'Hombres']",33
P4,B,METAS DE COMPENSACIÓN,P4401012,Personas con RCV alto - Colesterol LDL < 70 mg/dL,COL17,T,20,RANGO ETARIO Y SEXO - 45 a 49 años - Mujeres,RANGO ETARIO Y SEXO,45 a 49 años,Mujeres,,,"['RANGO ETARIO Y SEXO', '45 a 49 años', 'Mujeres']",33
P4,B,METAS DE COMPENSACIÓN,P4401012,Personas con RCV alto - Colesterol LDL < 70 mg/dL,COL18,U,21,RANGO ETARIO Y SEXO - 50 a 54 años - Hombres,RANGO ETARIO Y SEXO,50 a 54 años,Hombres,,,"['RANGO ETARIO Y SEXO', '50 a 54 años', 'Hombres']",33
P4,B,METAS DE COMPENSACIÓN,P4401012,Personas con RCV alto - Colesterol LDL < 70 mg/dL,COL19,V,22,RANGO ETARIO Y SEXO - 50 a 54 años - Mujeres,RANGO ETARIO Y SEXO,50 a 54 años,Mujeres,,,"['RANGO ETARIO Y SEXO', '50 a 54 años', 'Mujeres']",33
P4,B,METAS DE COMPENSACIÓN,P4401012,Personas con RCV alto - Colesterol LDL < 70 mg/dL,COL20,W,23,RANGO ETARIO Y SEXO - 55 a 59 años - Hombres,RANGO ETARIO Y SEXO,55 a 59 años,Hombres,,,"['RANGO ETARIO Y SEXO', '55 a 59 años', 'Hombres']",33
P4,B,METAS DE COMPENSACIÓN,P4401012,Personas con RCV alto - Colesterol LDL < 70 mg/dL,COL21,X,24,RANGO ETARIO Y SEXO - 55 a 59 años - Mujeres,RANGO ETARIO Y SEXO,55 a 59 años,Mujeres,,,"['RANGO ETARIO Y SEXO', '55 a 59 años', 'Mujeres']",33
P4,B,METAS DE COMPENSACIÓN,P4401012,Personas con RCV alto - Colesterol LDL < 70 mg/dL,COL22,Y,25,RANGO ETARIO Y SEXO - 60 a 64 años - Hombres,RANGO ETARIO Y SEXO,60 a 64 años,Hombres,,,"['RANGO ETARIO Y SEXO', '60 a 64 años', 'Hombres']",33
P4,B,METAS DE COMPENSACIÓN,P4401012,Personas con RCV alto - Colesterol LDL < 70 mg/dL,COL23,Z,26,RANGO ETARIO Y SEXO - 60 a 64 años - Mujeres,RANGO ETARIO Y SEXO,60 a 64 años,Mujeres,,,"['RANGO ETARIO Y SEXO', '60 a 64 años', 'Mujeres']",33
P4,B,METAS DE COMPENSACIÓN,P4401012,Personas con RCV alto - Colesterol LDL < 70 mg/dL,COL24,AA,27,RANGO ETARIO Y SEXO - 65 a 69 años - Hombres,RANGO ETARIO Y SEXO,65 a 69 años,Hombres,,,"['RANGO ETARIO Y SEXO', '65 a 69 años', 'Hombres']",33
P4,B,METAS DE COMPENSACIÓN,P4401012,Personas con RCV alto - Colesterol LDL < 70 mg/dL,COL25,AB,28,RANGO ETARIO Y SEXO - 65 a 69 años - Mujeres,RANGO ETARIO Y SEXO,65 a 69 años,Mujeres,,,"['RANGO ETARIO Y SEXO', '65 a 69 años', 'Mujeres']",33
P4,B,METAS DE COMPENSACIÓN,P4401012,Personas con RCV alto - Colesterol LDL < 70 mg/dL,COL26,AC,29,RANGO ETARIO Y SEXO - 70 a 74 años - Hombres,RANGO ETARIO Y SEXO,70 a 74 años,Hombres,,,"['RANGO ETARIO Y SEXO', '70 a 74 años', 'Hombres']",33
P4,B,METAS DE COMPENSACIÓN,P4401012,Personas con RCV alto - Colesterol LDL < 70 mg/dL,COL27,AD,30,RANGO ETARIO Y SEXO - 70 a 74 años - Mujeres,RANGO ETARIO Y SEXO,70 a 74 años,Mujeres,,,"['RANGO ETARIO Y SEXO', '70 a 74 años', 'Mujeres']",33
P4,B,METAS DE COMPENSACIÓN,P4401012,Personas con RCV alto - Colesterol LDL < 70 mg/dL,COL28,AE,31,RANGO ETARIO Y SEXO - 75 a 79 años - Hombres,RANGO ETARIO Y SEXO,75 a 79 años,Hombres,,,"['RANGO ETARIO Y SEXO', '75 a 79 años', 'Hombres']",33
P4,B,METAS DE COMPENSACIÓN,P4401012,Personas con RCV alto - Colesterol LDL < 70 mg/dL,COL29,AF,32,RANGO ETARIO Y SEXO - 75 a 79 años - Mujeres,RANGO ETARIO Y SEXO,75 a 79 años,Mujeres,,,"['RANGO ETARIO Y SEXO', '75 a 79 años', 'Mujeres']",33
P4,B,METAS DE COMPENSACIÓN,P4401012,Personas con RCV alto - Colesterol LDL < 70 mg/dL,COL30,AG,33,RANGO ETARIO Y SEXO - 80 y más años - Hombres,RANGO ETARIO Y SEXO,80 y más años,Hombres,,,"['RANGO ETARIO Y SEXO', '80 y más años', 'Hombres']",33
P4,B,METAS DE COMPENSACIÓN,P4401012,Personas con RCV alto - Colesterol LDL < 70 mg/dL,COL31,AH,34,RANGO ETARIO Y SEXO - 80 y más años - Mujeres,RANGO ETARIO Y SEXO,80 y más años,Mujeres,,,"['RANGO ETARIO Y SEXO', '80 y más años', 'Mujeres']",33
P4,B,METAS DE COMPENSACIÓN,P4401012,Personas con RCV alto - Colesterol LDL < 70 mg/dL,COL32,AI,35,Pueblos Originarios - Hombres,Pueblos Originarios,Hombres,,,,"['Pueblos Originarios', 'Hombres']",33
P4,B,METAS DE COMPENSACIÓN,P4401012,Personas con RCV alto - Colesterol LDL < 70 mg/dL,COL33,AJ,36,Pueblos Originarios - Mujeres,Pueblos Originarios,Mujeres,,,,"['Pueblos Originarios', 'Mujeres']",33
P4,B,METAS DE COMPENSACIÓN,P4401012,Personas con RCV alto - Colesterol LDL < 70 mg/dL,COL34,AK,37,Migrantes - Hombres,Migrantes,Hombres,,,,"['Migrantes', 'Hombres']",33
P4,B,METAS DE COMPENSACIÓN,P4401012,Personas con RCV alto - Colesterol LDL < 70 mg/dL,COL35,AL,38,Migrantes - Mujeres,Migrantes,Mujeres,,,,"['Migrantes', 'Mujeres']",33
P4,B,METAS DE COMPENSACIÓN,P4190930,"Personas bajo control con antecedentes enfermedad cardiovascular (ECV), excepto IAM y ACV - En tratamiento con Antiagregantes plaquetarios",COL01,D,4,TOTAL - Ambos sexos,TOTAL,Ambos sexos,,,,"['TOTAL', 'Ambos sexos']",34
P4,B,METAS DE COMPENSACIÓN,P4190930,"Personas bajo control con antecedentes enfermedad cardiovascular (ECV), excepto IAM y ACV - En tratamiento con Antiagregantes plaquetarios",COL02,E,5,TOTAL - Hombres,TOTAL,Hombres,,,,"['TOTAL', 'Hombres']",34
P4,B,METAS DE COMPENSACIÓN,P4190930,"Personas bajo control con antecedentes enfermedad cardiovascular (ECV), excepto IAM y ACV - En tratamiento con Antiagregantes plaquetarios",COL03,F,6,TOTAL - Mujeres,TOTAL,Mujeres,,,,"['TOTAL', 'Mujeres']",34
P4,B,METAS DE COMPENSACIÓN,P4190930,"Personas bajo control con antecedentes enfermedad cardiovascular (ECV), excepto IAM y ACV - En tratamiento con Antiagregantes plaquetarios",COL04,G,7,RANGO ETARIO Y SEXO - 15 a 19 años - Hombres,RANGO ETARIO Y SEXO,15 a 19 años,Hombres,,,"['RANGO ETARIO Y SEXO', '15 a 19 años', 'Hombres']",34
P4,B,METAS DE COMPENSACIÓN,P4190930,"Personas bajo control con antecedentes enfermedad cardiovascular (ECV), excepto IAM y ACV - En tratamiento con Antiagregantes plaquetarios",COL05,H,8,RANGO ETARIO Y SEXO - 15 a 19 años - Mujeres,RANGO ETARIO Y SEXO,15 a 19 años,Mujeres,,,"['RANGO ETARIO Y SEXO', '15 a 19 años', 'Mujeres']",34
P4,B,METAS DE COMPENSACIÓN,P4190930,"Personas bajo control con antecedentes enfermedad cardiovascular (ECV), excepto IAM y ACV - En tratamiento con Antiagregantes plaquetarios",COL06,I,9,RANGO ETARIO Y SEXO - 20 a 24 años - Hombres,RANGO ETARIO Y SEXO,20 a 24 años,Hombres,,,"['RANGO ETARIO Y SEXO', '20 a 24 años', 'Hombres']",34
P4,B,METAS DE COMPENSACIÓN,P4190930,"Personas bajo control con antecedentes enfermedad cardiovascular (ECV), excepto IAM y ACV - En tratamiento con Antiagregantes plaquetarios",COL07,J,10,RANGO ETARIO Y SEXO - 20 a 24 años - Mujeres,RANGO ETARIO Y SEXO,20 a 24 años,Mujeres,,,"['RANGO ETARIO Y SEXO', '20 a 24 años', 'Mujeres']",34
P4,B,METAS DE COMPENSACIÓN,P4190930,"Personas bajo control con antecedentes enfermedad cardiovascular (ECV), excepto IAM y ACV - En tratamiento con Antiagregantes plaquetarios",COL08,K,11,RANGO ETARIO Y SEXO - 25 a 29 años - Hombres,RANGO ETARIO Y SEXO,25 a 29 años,Hombres,,,"['RANGO ETARIO Y SEXO', '25 a 29 años', 'Hombres']",34
P4,B,METAS DE COMPENSACIÓN,P4190930,"Personas bajo control con antecedentes enfermedad cardiovascular (ECV), excepto IAM y ACV - En tratamiento con Antiagregantes plaquetarios",COL09,L,12,RANGO ETARIO Y SEXO - 25 a 29 años - Mujeres,RANGO ETARIO Y SEXO,25 a 29 años,Mujeres,,,"['RANGO ETARIO Y SEXO', '25 a 29 años', 'Mujeres']",34
P4,B,METAS DE COMPENSACIÓN,P4190930,"Personas bajo control con antecedentes enfermedad cardiovascular (ECV), excepto IAM y ACV - En tratamiento con Antiagregantes plaquetarios",COL10,M,13,RANGO ETARIO Y SEXO - 30 a 34 años - Hombres,RANGO ETARIO Y SEXO,30 a 34 años,Hombres,,,"['RANGO ETARIO Y SEXO', '30 a 34 años', 'Hombres']",34
P4,B,METAS DE COMPENSACIÓN,P4190930,"Personas bajo control con antecedentes enfermedad cardiovascular (ECV), excepto IAM y ACV - En tratamiento con Antiagregantes plaquetarios",COL11,N,14,RANGO ETARIO Y SEXO - 30 a 34 años - Mujeres,RANGO ETARIO Y SEXO,30 a 34 años,Mujeres,,,"['RANGO ETARIO Y SEXO', '30 a 34 años', 'Mujeres']",34
P4,B,METAS DE COMPENSACIÓN,P4190930,"Personas bajo control con antecedentes enfermedad cardiovascular (ECV), excepto IAM y ACV - En tratamiento con Antiagregantes plaquetarios",COL12,O,15,RANGO ETARIO Y SEXO - 35 a 39 años - Hombres,RANGO ETARIO Y SEXO,35 a 39 años,Hombres,,,"['RANGO ETARIO Y SEXO', '35 a 39 años', 'Hombres']",34
P4,B,METAS DE COMPENSACIÓN,P4190930,"Personas bajo control con antecedentes enfermedad cardiovascular (ECV), excepto IAM y ACV - En tratamiento con Antiagregantes plaquetarios",COL13,P,16,RANGO ETARIO Y SEXO - 35 a 39 años - Mujeres,RANGO ETARIO Y SEXO,35 a 39 años,Mujeres,,,"['RANGO ETARIO Y SEXO', '35 a 39 años', 'Mujeres']",34
P4,B,METAS DE COMPENSACIÓN,P4190930,"Personas bajo control con antecedentes enfermedad cardiovascular (ECV), excepto IAM y ACV - En tratamiento con Antiagregantes plaquetarios",COL14,Q,17,RANGO ETARIO Y SEXO - 40 a 44 años - Hombres,RANGO ETARIO Y SEXO,40 a 44 años,Hombres,,,"['RANGO ETARIO Y SEXO', '40 a 44 años', 'Hombres']",34
P4,B,METAS DE COMPENSACIÓN,P4190930,"Personas bajo control con antecedentes enfermedad cardiovascular (ECV), excepto IAM y ACV - En tratamiento con Antiagregantes plaquetarios",COL15,R,18,RANGO ETARIO Y SEXO - 40 a 44 años - Mujeres,RANGO ETARIO Y SEXO,40 a 44 años,Mujeres,,,"['RANGO ETARIO Y SEXO', '40 a 44 años', 'Mujeres']",34
P4,B,METAS DE COMPENSACIÓN,P4190930,"Personas bajo control con antecedentes enfermedad cardiovascular (ECV), excepto IAM y ACV - En tratamiento con Antiagregantes plaquetarios",COL16,S,19,RANGO ETARIO Y SEXO - 45 a 49 años - Hombres,RANGO ETARIO Y SEXO,45 a 49 años,Hombres,,,"['RANGO ETARIO Y SEXO', '45 a 49 años', 'Hombres']",34
P4,B,METAS DE COMPENSACIÓN,P4190930,"Personas bajo control con antecedentes enfermedad cardiovascular (ECV), excepto IAM y ACV - En tratamiento con Antiagregantes plaquetarios",COL17,T,20,RANGO ETARIO Y SEXO - 45 a 49 años - Mujeres,RANGO ETARIO Y SEXO,45 a 49 años,Mujeres,,,"['RANGO ETARIO Y SEXO', '45 a 49 años', 'Mujeres']",34
P4,B,METAS DE COMPENSACIÓN,P4190930,"Personas bajo control con antecedentes enfermedad cardiovascular (ECV), excepto IAM y ACV - En tratamiento con Antiagregantes plaquetarios",COL18,U,21,RANGO ETARIO Y SEXO - 50 a 54 años - Hombres,RANGO ETARIO Y SEXO,50 a 54 años,Hombres,,,"['RANGO ETARIO Y SEXO', '50 a 54 años', 'Hombres']",34
P4,B,METAS DE COMPENSACIÓN,P4190930,"Personas bajo control con antecedentes enfermedad cardiovascular (ECV), excepto IAM y ACV - En tratamiento con Antiagregantes plaquetarios",COL19,V,22,RANGO ETARIO Y SEXO - 50 a 54 años - Mujeres,RANGO ETARIO Y SEXO,50 a 54 años,Mujeres,,,"['RANGO ETARIO Y SEXO', '50 a 54 años', 'Mujeres']",34
P4,B,METAS DE COMPENSACIÓN,P4190930,"Personas bajo control con antecedentes enfermedad cardiovascular (ECV), excepto IAM y ACV - En tratamiento con Antiagregantes plaquetarios",COL20,W,23,RANGO ETARIO Y SEXO - 55 a 59 años - Hombres,RANGO ETARIO Y SEXO,55 a 59 años,Hombres,,,"['RANGO ETARIO Y SEXO', '55 a 59 años', 'Hombres']",34
P4,B,METAS DE COMPENSACIÓN,P4190930,"Personas bajo control con antecedentes enfermedad cardiovascular (ECV), excepto IAM y ACV - En tratamiento con Antiagregantes plaquetarios",COL21,X,24,RANGO ETARIO Y SEXO - 55 a 59 años - Mujeres,RANGO ETARIO Y SEXO,55 a 59 años,Mujeres,,,"['RANGO ETARIO Y SEXO', '55 a 59 años', 'Mujeres']",34
P4,B,METAS DE COMPENSACIÓN,P4190930,"Personas bajo control con antecedentes enfermedad cardiovascular (ECV), excepto IAM y ACV - En tratamiento con Antiagregantes plaquetarios",COL22,Y,25,RANGO ETARIO Y SEXO - 60 a 64 años - Hombres,RANGO ETARIO Y SEXO,60 a 64 años,Hombres,,,"['RANGO ETARIO Y SEXO', '60 a 64 años', 'Hombres']",34
P4,B,METAS DE COMPENSACIÓN,P4190930,"Personas bajo control con antecedentes enfermedad cardiovascular (ECV), excepto IAM y ACV - En tratamiento con Antiagregantes plaquetarios",COL23,Z,26,RANGO ETARIO Y SEXO - 60 a 64 años - Mujeres,RANGO ETARIO Y SEXO,60 a 64 años,Mujeres,,,"['RANGO ETARIO Y SEXO', '60 a 64 años', 'Mujeres']",34
P4,B,METAS DE COMPENSACIÓN,P4190930,"Personas bajo control con antecedentes enfermedad cardiovascular (ECV), excepto IAM y ACV - En tratamiento con Antiagregantes plaquetarios",COL24,AA,27,RANGO ETARIO Y SEXO - 65 a 69 años - Hombres,RANGO ETARIO Y SEXO,65 a 69 años,Hombres,,,"['RANGO ETARIO Y SEXO', '65 a 69 años', 'Hombres']",34
P4,B,METAS DE COMPENSACIÓN,P4190930,"Personas bajo control con antecedentes enfermedad cardiovascular (ECV), excepto IAM y ACV - En tratamiento con Antiagregantes plaquetarios",COL25,AB,28,RANGO ETARIO Y SEXO - 65 a 69 años - Mujeres,RANGO ETARIO Y SEXO,65 a 69 años,Mujeres,,,"['RANGO ETARIO Y SEXO', '65 a 69 años', 'Mujeres']",34
P4,B,METAS DE COMPENSACIÓN,P4190930,"Personas bajo control con antecedentes enfermedad cardiovascular (ECV), excepto IAM y ACV - En tratamiento con Antiagregantes plaquetarios",COL26,AC,29,RANGO ETARIO Y SEXO - 70 a 74 años - Hombres,RANGO ETARIO Y SEXO,70 a 74 años,Hombres,,,"['RANGO ETARIO Y SEXO', '70 a 74 años', 'Hombres']",34
P4,B,METAS DE COMPENSACIÓN,P4190930,"Personas bajo control con antecedentes enfermedad cardiovascular (ECV), excepto IAM y ACV - En tratamiento con Antiagregantes plaquetarios",COL27,AD,30,RANGO ETARIO Y SEXO - 70 a 74 años - Mujeres,RANGO ETARIO Y SEXO,70 a 74 años,Mujeres,,,"['RANGO ETARIO Y SEXO', '70 a 74 años', 'Mujeres']",34
P4,B,METAS DE COMPENSACIÓN,P4190930,"Personas bajo control con antecedentes enfermedad cardiovascular (ECV), excepto IAM y ACV - En tratamiento con Antiagregantes plaquetarios",COL28,AE,31,RANGO ETARIO Y SEXO - 75 a 79 años - Hombres,RANGO ETARIO Y SEXO,75 a 79 años,Hombres,,,"['RANGO ETARIO Y SEXO', '75 a 79 años', 'Hombres']",34
P4,B,METAS DE COMPENSACIÓN,P4190930,"Personas bajo control con antecedentes enfermedad cardiovascular (ECV), excepto IAM y ACV - En tratamiento con Antiagregantes plaquetarios",COL29,AF,32,RANGO ETARIO Y SEXO - 75 a 79 años - Mujeres,RANGO ETARIO Y SEXO,75 a 79 años,Mujeres,,,"['RANGO ETARIO Y SEXO', '75 a 79 años', 'Mujeres']",34
P4,B,METAS DE COMPENSACIÓN,P4190930,"Personas bajo control con antecedentes enfermedad cardiovascular (ECV), excepto IAM y ACV - En tratamiento con Antiagregantes plaquetarios",COL30,AG,33,RANGO ETARIO Y SEXO - 80 y más años - Hombres,RANGO ETARIO Y SEXO,80 y más años,Hombres,,,"['RANGO ETARIO Y SEXO', '80 y más años', 'Hombres']",34
P4,B,METAS DE COMPENSACIÓN,P4190930,"Personas bajo control con antecedentes enfermedad cardiovascular (ECV), excepto IAM y ACV - En tratamiento con Antiagregantes plaquetarios",COL31,AH,34,RANGO ETARIO Y SEXO - 80 y más años - Mujeres,RANGO ETARIO Y SEXO,80 y más años,Mujeres,,,"['RANGO ETARIO Y SEXO', '80 y más años', 'Mujeres']",34
P4,B,METAS DE COMPENSACIÓN,P4190930,"Personas bajo control con antecedentes enfermedad cardiovascular (ECV), excepto IAM y ACV - En tratamiento con Antiagregantes plaquetarios",COL32,AI,35,Pueblos Originarios - Hombres,Pueblos Originarios,Hombres,,,,"['Pueblos Originarios', 'Hombres']",34
P4,B,METAS DE COMPENSACIÓN,P4190930,"Personas bajo control con antecedentes enfermedad cardiovascular (ECV), excepto IAM y ACV - En tratamiento con Antiagregantes plaquetarios",COL33,AJ,36,Pueblos Originarios - Mujeres,Pueblos Originarios,Mujeres,,,,"['Pueblos Originarios', 'Mujeres']",34
P4,B,METAS DE COMPENSACIÓN,P4190930,"Personas bajo control con antecedentes enfermedad cardiovascular (ECV), excepto IAM y ACV - En tratamiento con Antiagregantes plaquetarios",COL34,AK,37,Migrantes - Hombres,Migrantes,Hombres,,,,"['Migrantes', 'Hombres']",34
P4,B,METAS DE COMPENSACIÓN,P4190930,"Personas bajo control con antecedentes enfermedad cardiovascular (ECV), excepto IAM y ACV - En tratamiento con Antiagregantes plaquetarios",COL35,AL,38,Migrantes - Mujeres,Migrantes,Mujeres,,,,"['Migrantes', 'Mujeres']",34
P4,B,METAS DE COMPENSACIÓN,P4190940,"Personas bajo control con antecedentes enfermedad cardiovascular (ECV), excepto IAM y ACV - En tratamiento con Estatina",COL01,D,4,TOTAL - Ambos sexos,TOTAL,Ambos sexos,,,,"['TOTAL', 'Ambos sexos']",35
P4,B,METAS DE COMPENSACIÓN,P4190940,"Personas bajo control con antecedentes enfermedad cardiovascular (ECV), excepto IAM y ACV - En tratamiento con Estatina",COL02,E,5,TOTAL - Hombres,TOTAL,Hombres,,,,"['TOTAL', 'Hombres']",35
P4,B,METAS DE COMPENSACIÓN,P4190940,"Personas bajo control con antecedentes enfermedad cardiovascular (ECV), excepto IAM y ACV - En tratamiento con Estatina",COL03,F,6,TOTAL - Mujeres,TOTAL,Mujeres,,,,"['TOTAL', 'Mujeres']",35
P4,B,METAS DE COMPENSACIÓN,P4190940,"Personas bajo control con antecedentes enfermedad cardiovascular (ECV), excepto IAM y ACV - En tratamiento con Estatina",COL04,G,7,RANGO ETARIO Y SEXO - 15 a 19 años - Hombres,RANGO ETARIO Y SEXO,15 a 19 años,Hombres,,,"['RANGO ETARIO Y SEXO', '15 a 19 años', 'Hombres']",35
P4,B,METAS DE COMPENSACIÓN,P4190940,"Personas bajo control con antecedentes enfermedad cardiovascular (ECV), excepto IAM y ACV - En tratamiento con Estatina",COL05,H,8,RANGO ETARIO Y SEXO - 15 a 19 años - Mujeres,RANGO ETARIO Y SEXO,15 a 19 años,Mujeres,,,"['RANGO ETARIO Y SEXO', '15 a 19 años', 'Mujeres']",35
P4,B,METAS DE COMPENSACIÓN,P4190940,"Personas bajo control con antecedentes enfermedad cardiovascular (ECV), excepto IAM y ACV - En tratamiento con Estatina",COL06,I,9,RANGO ETARIO Y SEXO - 20 a 24 años - Hombres,RANGO ETARIO Y SEXO,20 a 24 años,Hombres,,,"['RANGO ETARIO Y SEXO', '20 a 24 años', 'Hombres']",35
P4,B,METAS DE COMPENSACIÓN,P4190940,"Personas bajo control con antecedentes enfermedad cardiovascular (ECV), excepto IAM y ACV - En tratamiento con Estatina",COL07,J,10,RANGO ETARIO Y SEXO - 20 a 24 años - Mujeres,RANGO ETARIO Y SEXO,20 a 24 años,Mujeres,,,"['RANGO ETARIO Y SEXO', '20 a 24 años', 'Mujeres']",35
P4,B,METAS DE COMPENSACIÓN,P4190940,"Personas bajo control con antecedentes enfermedad cardiovascular (ECV), excepto IAM y ACV - En tratamiento con Estatina",COL08,K,11,RANGO ETARIO Y SEXO - 25 a 29 años - Hombres,RANGO ETARIO Y SEXO,25 a 29 años,Hombres,,,"['RANGO ETARIO Y SEXO', '25 a 29 años', 'Hombres']",35
P4,B,METAS DE COMPENSACIÓN,P4190940,"Personas bajo control con antecedentes enfermedad cardiovascular (ECV), excepto IAM y ACV - En tratamiento con Estatina",COL09,L,12,RANGO ETARIO Y SEXO - 25 a 29 años - Mujeres,RANGO ETARIO Y SEXO,25 a 29 años,Mujeres,,,"['RANGO ETARIO Y SEXO', '25 a 29 años', 'Mujeres']",35
P4,B,METAS DE COMPENSACIÓN,P4190940,"Personas bajo control con antecedentes enfermedad cardiovascular (ECV), excepto IAM y ACV - En tratamiento con Estatina",COL10,M,13,RANGO ETARIO Y SEXO - 30 a 34 años - Hombres,RANGO ETARIO Y SEXO,30 a 34 años,Hombres,,,"['RANGO ETARIO Y SEXO', '30 a 34 años', 'Hombres']",35
P4,B,METAS DE COMPENSACIÓN,P4190940,"Personas bajo control con antecedentes enfermedad cardiovascular (ECV), excepto IAM y ACV - En tratamiento con Estatina",COL11,N,14,RANGO ETARIO Y SEXO - 30 a 34 años - Mujeres,RANGO ETARIO Y SEXO,30 a 34 años,Mujeres,,,"['RANGO ETARIO Y SEXO', '30 a 34 años', 'Mujeres']",35
P4,B,METAS DE COMPENSACIÓN,P4190940,"Personas bajo control con antecedentes enfermedad cardiovascular (ECV), excepto IAM y ACV - En tratamiento con Estatina",COL12,O,15,RANGO ETARIO Y SEXO - 35 a 39 años - Hombres,RANGO ETARIO Y SEXO,35 a 39 años,Hombres,,,"['RANGO ETARIO Y SEXO', '35 a 39 años', 'Hombres']",35
P4,B,METAS DE COMPENSACIÓN,P4190940,"Personas bajo control con antecedentes enfermedad cardiovascular (ECV), excepto IAM y ACV - En tratamiento con Estatina",COL13,P,16,RANGO ETARIO Y SEXO - 35 a 39 años - Mujeres,RANGO ETARIO Y SEXO,35 a 39 años,Mujeres,,,"['RANGO ETARIO Y SEXO', '35 a 39 años', 'Mujeres']",35
P4,B,METAS DE COMPENSACIÓN,P4190940,"Personas bajo control con antecedentes enfermedad cardiovascular (ECV), excepto IAM y ACV - En tratamiento con Estatina",COL14,Q,17,RANGO ETARIO Y SEXO - 40 a 44 años - Hombres,RANGO ETARIO Y SEXO,40 a 44 años,Hombres,,,"['RANGO ETARIO Y SEXO', '40 a 44 años', 'Hombres']",35
P4,B,METAS DE COMPENSACIÓN,P4190940,"Personas bajo control con antecedentes enfermedad cardiovascular (ECV), excepto IAM y ACV - En tratamiento con Estatina",COL15,R,18,RANGO ETARIO Y SEXO - 40 a 44 años - Mujeres,RANGO ETARIO Y SEXO,40 a 44 años,Mujeres,,,"['RANGO ETARIO Y SEXO', '40 a 44 años', 'Mujeres']",35
P4,B,METAS DE COMPENSACIÓN,P4190940,"Personas bajo control con antecedentes enfermedad cardiovascular (ECV), excepto IAM y ACV - En tratamiento con Estatina",COL16,S,19,RANGO ETARIO Y SEXO - 45 a 49 años - Hombres,RANGO ETARIO Y SEXO,45 a 49 años,Hombres,,,"['RANGO ETARIO Y SEXO', '45 a 49 años', 'Hombres']",35
P4,B,METAS DE COMPENSACIÓN,P4190940,"Personas bajo control con antecedentes enfermedad cardiovascular (ECV), excepto IAM y ACV - En tratamiento con Estatina",COL17,T,20,RANGO ETARIO Y SEXO - 45 a 49 años - Mujeres,RANGO ETARIO Y SEXO,45 a 49 años,Mujeres,,,"['RANGO ETARIO Y SEXO', '45 a 49 años', 'Mujeres']",35
P4,B,METAS DE COMPENSACIÓN,P4190940,"Personas bajo control con antecedentes enfermedad cardiovascular (ECV), excepto IAM y ACV - En tratamiento con Estatina",COL18,U,21,RANGO ETARIO Y SEXO - 50 a 54 años - Hombres,RANGO ETARIO Y SEXO,50 a 54 años,Hombres,,,"['RANGO ETARIO Y SEXO', '50 a 54 años', 'Hombres']",35
P4,B,METAS DE COMPENSACIÓN,P4190940,"Personas bajo control con antecedentes enfermedad cardiovascular (ECV), excepto IAM y ACV - En tratamiento con Estatina",COL19,V,22,RANGO ETARIO Y SEXO - 50 a 54 años - Mujeres,RANGO ETARIO Y SEXO,50 a 54 años,Mujeres,,,"['RANGO ETARIO Y SEXO', '50 a 54 años', 'Mujeres']",35
P4,B,METAS DE COMPENSACIÓN,P4190940,"Personas bajo control con antecedentes enfermedad cardiovascular (ECV), excepto IAM y ACV - En tratamiento con Estatina",COL20,W,23,RANGO ETARIO Y SEXO - 55 a 59 años - Hombres,RANGO ETARIO Y SEXO,55 a 59 años,Hombres,,,"['RANGO ETARIO Y SEXO', '55 a 59 años', 'Hombres']",35
P4,B,METAS DE COMPENSACIÓN,P4190940,"Personas bajo control con antecedentes enfermedad cardiovascular (ECV), excepto IAM y ACV - En tratamiento con Estatina",COL21,X,24,RANGO ETARIO Y SEXO - 55 a 59 años - Mujeres,RANGO ETARIO Y SEXO,55 a 59 años,Mujeres,,,"['RANGO ETARIO Y SEXO', '55 a 59 años', 'Mujeres']",35
P4,B,METAS DE COMPENSACIÓN,P4190940,"Personas bajo control con antecedentes enfermedad cardiovascular (ECV), excepto IAM y ACV - En tratamiento con Estatina",COL22,Y,25,RANGO ETARIO Y SEXO - 60 a 64 años - Hombres,RANGO ETARIO Y SEXO,60 a 64 años,Hombres,,,"['RANGO ETARIO Y SEXO', '60 a 64 años', 'Hombres']",35
P4,B,METAS DE COMPENSACIÓN,P4190940,"Personas bajo control con antecedentes enfermedad cardiovascular (ECV), excepto IAM y ACV - En tratamiento con Estatina",COL23,Z,26,RANGO ETARIO Y SEXO - 60 a 64 años - Mujeres,RANGO ETARIO Y SEXO,60 a 64 años,Mujeres,,,"['RANGO ETARIO Y SEXO', '60 a 64 años', 'Mujeres']",35
P4,B,METAS DE COMPENSACIÓN,P4190940,"Personas bajo control con antecedentes enfermedad cardiovascular (ECV), excepto IAM y ACV - En tratamiento con Estatina",COL24,AA,27,RANGO ETARIO Y SEXO - 65 a 69 años - Hombres,RANGO ETARIO Y SEXO,65 a 69 años,Hombres,,,"['RANGO ETARIO Y SEXO', '65 a 69 años', 'Hombres']",35
P4,B,METAS DE COMPENSACIÓN,P4190940,"Personas bajo control con antecedentes enfermedad cardiovascular (ECV), excepto IAM y ACV - En tratamiento con Estatina",COL25,AB,28,RANGO ETARIO Y SEXO - 65 a 69 años - Mujeres,RANGO ETARIO Y SEXO,65 a 69 años,Mujeres,,,"['RANGO ETARIO Y SEXO', '65 a 69 años', 'Mujeres']",35
P4,B,METAS DE COMPENSACIÓN,P4190940,"Personas bajo control con antecedentes enfermedad cardiovascular (ECV), excepto IAM y ACV - En tratamiento con Estatina",COL26,AC,29,RANGO ETARIO Y SEXO - 70 a 74 años - Hombres,RANGO ETARIO Y SEXO,70 a 74 años,Hombres,,,"['RANGO ETARIO Y SEXO', '70 a 74 años', 'Hombres']",35
P4,B,METAS DE COMPENSACIÓN,P4190940,"Personas bajo control con antecedentes enfermedad cardiovascular (ECV), excepto IAM y ACV - En tratamiento con Estatina",COL27,AD,30,RANGO ETARIO Y SEXO - 70 a 74 años - Mujeres,RANGO ETARIO Y SEXO,70 a 74 años,Mujeres,,,"['RANGO ETARIO Y SEXO', '70 a 74 años', 'Mujeres']",35
P4,B,METAS DE COMPENSACIÓN,P4190940,"Personas bajo control con antecedentes enfermedad cardiovascular (ECV), excepto IAM y ACV - En tratamiento con Estatina",COL28,AE,31,RANGO ETARIO Y SEXO - 75 a 79 años - Hombres,RANGO ETARIO Y SEXO,75 a 79 años,Hombres,,,"['RANGO ETARIO Y SEXO', '75 a 79 años', 'Hombres']",35
P4,B,METAS DE COMPENSACIÓN,P4190940,"Personas bajo control con antecedentes enfermedad cardiovascular (ECV), excepto IAM y ACV - En tratamiento con Estatina",COL29,AF,32,RANGO ETARIO Y SEXO - 75 a 79 años - Mujeres,RANGO ETARIO Y SEXO,75 a 79 años,Mujeres,,,"['RANGO ETARIO Y SEXO', '75 a 79 años', 'Mujeres']",35
P4,B,METAS DE COMPENSACIÓN,P4190940,"Personas bajo control con antecedentes enfermedad cardiovascular (ECV), excepto IAM y ACV - En tratamiento con Estatina",COL30,AG,33,RANGO ETARIO Y SEXO - 80 y más años - Hombres,RANGO ETARIO Y SEXO,80 y más años,Hombres,,,"['RANGO ETARIO Y SEXO', '80 y más años', 'Hombres']",35
P4,B,METAS DE COMPENSACIÓN,P4190940,"Personas bajo control con antecedentes enfermedad cardiovascular (ECV), excepto IAM y ACV - En tratamiento con Estatina",COL31,AH,34,RANGO ETARIO Y SEXO - 80 y más años - Mujeres,RANGO ETARIO Y SEXO,80 y más años,Mujeres,,,"['RANGO ETARIO Y SEXO', '80 y más años', 'Mujeres']",35
P4,B,METAS DE COMPENSACIÓN,P4190940,"Personas bajo control con antecedentes enfermedad cardiovascular (ECV), excepto IAM y ACV - En tratamiento con Estatina",COL32,AI,35,Pueblos Originarios - Hombres,Pueblos Originarios,Hombres,,,,"['Pueblos Originarios', 'Hombres']",35
P4,B,METAS DE COMPENSACIÓN,P4190940,"Personas bajo control con antecedentes enfermedad cardiovascular (ECV), excepto IAM y ACV - En tratamiento con Estatina",COL33,AJ,36,Pueblos Originarios - Mujeres,Pueblos Originarios,Mujeres,,,,"['Pueblos Originarios', 'Mujeres']",35
P4,B,METAS DE COMPENSACIÓN,P4190940,"Personas bajo control con antecedentes enfermedad cardiovascular (ECV), excepto IAM y ACV - En tratamiento con Estatina",COL34,AK,37,Migrantes - Hombres,Migrantes,Hombres,,,,"['Migrantes', 'Hombres']",35
P4,B,METAS DE COMPENSACIÓN,P4190940,"Personas bajo control con antecedentes enfermedad cardiovascular (ECV), excepto IAM y ACV - En tratamiento con Estatina",COL35,AL,38,Migrantes - Mujeres,Migrantes,Mujeres,,,,"['Migrantes', 'Mujeres']",35
P4,B,METAS DE COMPENSACIÓN,P4301030,"Personas bajo control con antecedentes enfermedad cardiovascular (ECV), excepto IAM y ACV - Fumador actual",COL01,D,4,TOTAL - Ambos sexos,TOTAL,Ambos sexos,,,,"['TOTAL', 'Ambos sexos']",36
P4,B,METAS DE COMPENSACIÓN,P4301030,"Personas bajo control con antecedentes enfermedad cardiovascular (ECV), excepto IAM y ACV - Fumador actual",COL02,E,5,TOTAL - Hombres,TOTAL,Hombres,,,,"['TOTAL', 'Hombres']",36
P4,B,METAS DE COMPENSACIÓN,P4301030,"Personas bajo control con antecedentes enfermedad cardiovascular (ECV), excepto IAM y ACV - Fumador actual",COL03,F,6,TOTAL - Mujeres,TOTAL,Mujeres,,,,"['TOTAL', 'Mujeres']",36
P4,B,METAS DE COMPENSACIÓN,P4301030,"Personas bajo control con antecedentes enfermedad cardiovascular (ECV), excepto IAM y ACV - Fumador actual",COL04,G,7,RANGO ETARIO Y SEXO - 15 a 19 años - Hombres,RANGO ETARIO Y SEXO,15 a 19 años,Hombres,,,"['RANGO ETARIO Y SEXO', '15 a 19 años', 'Hombres']",36
P4,B,METAS DE COMPENSACIÓN,P4301030,"Personas bajo control con antecedentes enfermedad cardiovascular (ECV), excepto IAM y ACV - Fumador actual",COL05,H,8,RANGO ETARIO Y SEXO - 15 a 19 años - Mujeres,RANGO ETARIO Y SEXO,15 a 19 años,Mujeres,,,"['RANGO ETARIO Y SEXO', '15 a 19 años', 'Mujeres']",36
P4,B,METAS DE COMPENSACIÓN,P4301030,"Personas bajo control con antecedentes enfermedad cardiovascular (ECV), excepto IAM y ACV - Fumador actual",COL06,I,9,RANGO ETARIO Y SEXO - 20 a 24 años - Hombres,RANGO ETARIO Y SEXO,20 a 24 años,Hombres,,,"['RANGO ETARIO Y SEXO', '20 a 24 años', 'Hombres']",36
P4,B,METAS DE COMPENSACIÓN,P4301030,"Personas bajo control con antecedentes enfermedad cardiovascular (ECV), excepto IAM y ACV - Fumador actual",COL07,J,10,RANGO ETARIO Y SEXO - 20 a 24 años - Mujeres,RANGO ETARIO Y SEXO,20 a 24 años,Mujeres,,,"['RANGO ETARIO Y SEXO', '20 a 24 años', 'Mujeres']",36
P4,B,METAS DE COMPENSACIÓN,P4301030,"Personas bajo control con antecedentes enfermedad cardiovascular (ECV), excepto IAM y ACV - Fumador actual",COL08,K,11,RANGO ETARIO Y SEXO - 25 a 29 años - Hombres,RANGO ETARIO Y SEXO,25 a 29 años,Hombres,,,"['RANGO ETARIO Y SEXO', '25 a 29 años', 'Hombres']",36
P4,B,METAS DE COMPENSACIÓN,P4301030,"Personas bajo control con antecedentes enfermedad cardiovascular (ECV), excepto IAM y ACV - Fumador actual",COL09,L,12,RANGO ETARIO Y SEXO - 25 a 29 años - Mujeres,RANGO ETARIO Y SEXO,25 a 29 años,Mujeres,,,"['RANGO ETARIO Y SEXO', '25 a 29 años', 'Mujeres']",36
P4,B,METAS DE COMPENSACIÓN,P4301030,"Personas bajo control con antecedentes enfermedad cardiovascular (ECV), excepto IAM y ACV - Fumador actual",COL10,M,13,RANGO ETARIO Y SEXO - 30 a 34 años - Hombres,RANGO ETARIO Y SEXO,30 a 34 años,Hombres,,,"['RANGO ETARIO Y SEXO', '30 a 34 años', 'Hombres']",36
P4,B,METAS DE COMPENSACIÓN,P4301030,"Personas bajo control con antecedentes enfermedad cardiovascular (ECV), excepto IAM y ACV - Fumador actual",COL11,N,14,RANGO ETARIO Y SEXO - 30 a 34 años - Mujeres,RANGO ETARIO Y SEXO,30 a 34 años,Mujeres,,,"['RANGO ETARIO Y SEXO', '30 a 34 años', 'Mujeres']",36
P4,B,METAS DE COMPENSACIÓN,P4301030,"Personas bajo control con antecedentes enfermedad cardiovascular (ECV), excepto IAM y ACV - Fumador actual",COL12,O,15,RANGO ETARIO Y SEXO - 35 a 39 años - Hombres,RANGO ETARIO Y SEXO,35 a 39 años,Hombres,,,"['RANGO ETARIO Y SEXO', '35 a 39 años', 'Hombres']",36
P4,B,METAS DE COMPENSACIÓN,P4301030,"Personas bajo control con antecedentes enfermedad cardiovascular (ECV), excepto IAM y ACV - Fumador actual",COL13,P,16,RANGO ETARIO Y SEXO - 35 a 39 años - Mujeres,RANGO ETARIO Y SEXO,35 a 39 años,Mujeres,,,"['RANGO ETARIO Y SEXO', '35 a 39 años', 'Mujeres']",36
P4,B,METAS DE COMPENSACIÓN,P4301030,"Personas bajo control con antecedentes enfermedad cardiovascular (ECV), excepto IAM y ACV - Fumador actual",COL14,Q,17,RANGO ETARIO Y SEXO - 40 a 44 años - Hombres,RANGO ETARIO Y SEXO,40 a 44 años,Hombres,,,"['RANGO ETARIO Y SEXO', '40 a 44 años', 'Hombres']",36
P4,B,METAS DE COMPENSACIÓN,P4301030,"Personas bajo control con antecedentes enfermedad cardiovascular (ECV), excepto IAM y ACV - Fumador actual",COL15,R,18,RANGO ETARIO Y SEXO - 40 a 44 años - Mujeres,RANGO ETARIO Y SEXO,40 a 44 años,Mujeres,,,"['RANGO ETARIO Y SEXO', '40 a 44 años', 'Mujeres']",36
P4,B,METAS DE COMPENSACIÓN,P4301030,"Personas bajo control con antecedentes enfermedad cardiovascular (ECV), excepto IAM y ACV - Fumador actual",COL16,S,19,RANGO ETARIO Y SEXO - 45 a 49 años - Hombres,RANGO ETARIO Y SEXO,45 a 49 años,Hombres,,,"['RANGO ETARIO Y SEXO', '45 a 49 años', 'Hombres']",36
P4,B,METAS DE COMPENSACIÓN,P4301030,"Personas bajo control con antecedentes enfermedad cardiovascular (ECV), excepto IAM y ACV - Fumador actual",COL17,T,20,RANGO ETARIO Y SEXO - 45 a 49 años - Mujeres,RANGO ETARIO Y SEXO,45 a 49 años,Mujeres,,,"['RANGO ETARIO Y SEXO', '45 a 49 años', 'Mujeres']",36
P4,B,METAS DE COMPENSACIÓN,P4301030,"Personas bajo control con antecedentes enfermedad cardiovascular (ECV), excepto IAM y ACV - Fumador actual",COL18,U,21,RANGO ETARIO Y SEXO - 50 a 54 años - Hombres,RANGO ETARIO Y SEXO,50 a 54 años,Hombres,,,"['RANGO ETARIO Y SEXO', '50 a 54 años', 'Hombres']",36
P4,B,METAS DE COMPENSACIÓN,P4301030,"Personas bajo control con antecedentes enfermedad cardiovascular (ECV), excepto IAM y ACV - Fumador actual",COL19,V,22,RANGO ETARIO Y SEXO - 50 a 54 años - Mujeres,RANGO ETARIO Y SEXO,50 a 54 años,Mujeres,,,"['RANGO ETARIO Y SEXO', '50 a 54 años', 'Mujeres']",36
P4,B,METAS DE COMPENSACIÓN,P4301030,"Personas bajo control con antecedentes enfermedad cardiovascular (ECV), excepto IAM y ACV - Fumador actual",COL20,W,23,RANGO ETARIO Y SEXO - 55 a 59 años - Hombres,RANGO ETARIO Y SEXO,55 a 59 años,Hombres,,,"['RANGO ETARIO Y SEXO', '55 a 59 años', 'Hombres']",36
P4,B,METAS DE COMPENSACIÓN,P4301030,"Personas bajo control con antecedentes enfermedad cardiovascular (ECV), excepto IAM y ACV - Fumador actual",COL21,X,24,RANGO ETARIO Y SEXO - 55 a 59 años - Mujeres,RANGO ETARIO Y SEXO,55 a 59 años,Mujeres,,,"['RANGO ETARIO Y SEXO', '55 a 59 años', 'Mujeres']",36
P4,B,METAS DE COMPENSACIÓN,P4301030,"Personas bajo control con antecedentes enfermedad cardiovascular (ECV), excepto IAM y ACV - Fumador actual",COL22,Y,25,RANGO ETARIO Y SEXO - 60 a 64 años - Hombres,RANGO ETARIO Y SEXO,60 a 64 años,Hombres,,,"['RANGO ETARIO Y SEXO', '60 a 64 años', 'Hombres']",36
P4,B,METAS DE COMPENSACIÓN,P4301030,"Personas bajo control con antecedentes enfermedad cardiovascular (ECV), excepto IAM y ACV - Fumador actual",COL23,Z,26,RANGO ETARIO Y SEXO - 60 a 64 años - Mujeres,RANGO ETARIO Y SEXO,60 a 64 años,Mujeres,,,"['RANGO ETARIO Y SEXO', '60 a 64 años', 'Mujeres']",36
P4,B,METAS DE COMPENSACIÓN,P4301030,"Personas bajo control con antecedentes enfermedad cardiovascular (ECV), excepto IAM y ACV - Fumador actual",COL24,AA,27,RANGO ETARIO Y SEXO - 65 a 69 años - Hombres,RANGO ETARIO Y SEXO,65 a 69 años,Hombres,,,"['RANGO ETARIO Y SEXO', '65 a 69 años', 'Hombres']",36
P4,B,METAS DE COMPENSACIÓN,P4301030,"Personas bajo control con antecedentes enfermedad cardiovascular (ECV), excepto IAM y ACV - Fumador actual",COL25,AB,28,RANGO ETARIO Y SEXO - 65 a 69 años - Mujeres,RANGO ETARIO Y SEXO,65 a 69 años,Mujeres,,,"['RANGO ETARIO Y SEXO', '65 a 69 años', 'Mujeres']",36
P4,B,METAS DE COMPENSACIÓN,P4301030,"Personas bajo control con antecedentes enfermedad cardiovascular (ECV), excepto IAM y ACV - Fumador actual",COL26,AC,29,RANGO ETARIO Y SEXO - 70 a 74 años - Hombres,RANGO ETARIO Y SEXO,70 a 74 años,Hombres,,,"['RANGO ETARIO Y SEXO', '70 a 74 años', 'Hombres']",36
P4,B,METAS DE COMPENSACIÓN,P4301030,"Personas bajo control con antecedentes enfermedad cardiovascular (ECV), excepto IAM y ACV - Fumador actual",COL27,AD,30,RANGO ETARIO Y SEXO - 70 a 74 años - Mujeres,RANGO ETARIO Y SEXO,70 a 74 años,Mujeres,,,"['RANGO ETARIO Y SEXO', '70 a 74 años', 'Mujeres']",36
P4,B,METAS DE COMPENSACIÓN,P4301030,"Personas bajo control con antecedentes enfermedad cardiovascular (ECV), excepto IAM y ACV - Fumador actual",COL28,AE,31,RANGO ETARIO Y SEXO - 75 a 79 años - Hombres,RANGO ETARIO Y SEXO,75 a 79 años,Hombres,,,"['RANGO ETARIO Y SEXO', '75 a 79 años', 'Hombres']",36
P4,B,METAS DE COMPENSACIÓN,P4301030,"Personas bajo control con antecedentes enfermedad cardiovascular (ECV), excepto IAM y ACV - Fumador actual",COL29,AF,32,RANGO ETARIO Y SEXO - 75 a 79 años - Mujeres,RANGO ETARIO Y SEXO,75 a 79 años,Mujeres,,,"['RANGO ETARIO Y SEXO', '75 a 79 años', 'Mujeres']",36
P4,B,METAS DE COMPENSACIÓN,P4301030,"Personas bajo control con antecedentes enfermedad cardiovascular (ECV), excepto IAM y ACV - Fumador actual",COL30,AG,33,RANGO ETARIO Y SEXO - 80 y más años - Hombres,RANGO ETARIO Y SEXO,80 y más años,Hombres,,,"['RANGO ETARIO Y SEXO', '80 y más años', 'Hombres']",36
P4,B,METAS DE COMPENSACIÓN,P4301030,"Personas bajo control con antecedentes enfermedad cardiovascular (ECV), excepto IAM y ACV - Fumador actual",COL31,AH,34,RANGO ETARIO Y SEXO - 80 y más años - Mujeres,RANGO ETARIO Y SEXO,80 y más años,Mujeres,,,"['RANGO ETARIO Y SEXO', '80 y más años', 'Mujeres']",36
P4,B,METAS DE COMPENSACIÓN,P4301030,"Personas bajo control con antecedentes enfermedad cardiovascular (ECV), excepto IAM y ACV - Fumador actual",COL32,AI,35,Pueblos Originarios - Hombres,Pueblos Originarios,Hombres,,,,"['Pueblos Originarios', 'Hombres']",36
P4,B,METAS DE COMPENSACIÓN,P4301030,"Personas bajo control con antecedentes enfermedad cardiovascular (ECV), excepto IAM y ACV - Fumador actual",COL33,AJ,36,Pueblos Originarios - Mujeres,Pueblos Originarios,Mujeres,,,,"['Pueblos Originarios', 'Mujeres']",36
P4,B,METAS DE COMPENSACIÓN,P4301030,"Personas bajo control con antecedentes enfermedad cardiovascular (ECV), excepto IAM y ACV - Fumador actual",COL34,AK,37,Migrantes - Hombres,Migrantes,Hombres,,,,"['Migrantes', 'Hombres']",36
P4,B,METAS DE COMPENSACIÓN,P4301030,"Personas bajo control con antecedentes enfermedad cardiovascular (ECV), excepto IAM y ACV - Fumador actual",COL35,AL,38,Migrantes - Mujeres,Migrantes,Mujeres,,,,"['Migrantes', 'Mujeres']",36
P4,B,METAS DE COMPENSACIÓN,P4401013,Personas bajo control con antecedentes de Infarto agudo al miocardio (IAM) - En tratamiento con Antiagregantes plaquetarios,COL01,D,4,TOTAL - Ambos sexos,TOTAL,Ambos sexos,,,,"['TOTAL', 'Ambos sexos']",37
P4,B,METAS DE COMPENSACIÓN,P4401013,Personas bajo control con antecedentes de Infarto agudo al miocardio (IAM) - En tratamiento con Antiagregantes plaquetarios,COL02,E,5,TOTAL - Hombres,TOTAL,Hombres,,,,"['TOTAL', 'Hombres']",37
P4,B,METAS DE COMPENSACIÓN,P4401013,Personas bajo control con antecedentes de Infarto agudo al miocardio (IAM) - En tratamiento con Antiagregantes plaquetarios,COL03,F,6,TOTAL - Mujeres,TOTAL,Mujeres,,,,"['TOTAL', 'Mujeres']",37
P4,B,METAS DE COMPENSACIÓN,P4401013,Personas bajo control con antecedentes de Infarto agudo al miocardio (IAM) - En tratamiento con Antiagregantes plaquetarios,COL04,G,7,RANGO ETARIO Y SEXO - 15 a 19 años - Hombres,RANGO ETARIO Y SEXO,15 a 19 años,Hombres,,,"['RANGO ETARIO Y SEXO', '15 a 19 años', 'Hombres']",37
P4,B,METAS DE COMPENSACIÓN,P4401013,Personas bajo control con antecedentes de Infarto agudo al miocardio (IAM) - En tratamiento con Antiagregantes plaquetarios,COL05,H,8,RANGO ETARIO Y SEXO - 15 a 19 años - Mujeres,RANGO ETARIO Y SEXO,15 a 19 años,Mujeres,,,"['RANGO ETARIO Y SEXO', '15 a 19 años', 'Mujeres']",37
P4,B,METAS DE COMPENSACIÓN,P4401013,Personas bajo control con antecedentes de Infarto agudo al miocardio (IAM) - En tratamiento con Antiagregantes plaquetarios,COL06,I,9,RANGO ETARIO Y SEXO - 20 a 24 años - Hombres,RANGO ETARIO Y SEXO,20 a 24 años,Hombres,,,"['RANGO ETARIO Y SEXO', '20 a 24 años', 'Hombres']",37
P4,B,METAS DE COMPENSACIÓN,P4401013,Personas bajo control con antecedentes de Infarto agudo al miocardio (IAM) - En tratamiento con Antiagregantes plaquetarios,COL07,J,10,RANGO ETARIO Y SEXO - 20 a 24 años - Mujeres,RANGO ETARIO Y SEXO,20 a 24 años,Mujeres,,,"['RANGO ETARIO Y SEXO', '20 a 24 años', 'Mujeres']",37
P4,B,METAS DE COMPENSACIÓN,P4401013,Personas bajo control con antecedentes de Infarto agudo al miocardio (IAM) - En tratamiento con Antiagregantes plaquetarios,COL08,K,11,RANGO ETARIO Y SEXO - 25 a 29 años - Hombres,RANGO ETARIO Y SEXO,25 a 29 años,Hombres,,,"['RANGO ETARIO Y SEXO', '25 a 29 años', 'Hombres']",37
P4,B,METAS DE COMPENSACIÓN,P4401013,Personas bajo control con antecedentes de Infarto agudo al miocardio (IAM) - En tratamiento con Antiagregantes plaquetarios,COL09,L,12,RANGO ETARIO Y SEXO - 25 a 29 años - Mujeres,RANGO ETARIO Y SEXO,25 a 29 años,Mujeres,,,"['RANGO ETARIO Y SEXO', '25 a 29 años', 'Mujeres']",37
P4,B,METAS DE COMPENSACIÓN,P4401013,Personas bajo control con antecedentes de Infarto agudo al miocardio (IAM) - En tratamiento con Antiagregantes plaquetarios,COL10,M,13,RANGO ETARIO Y SEXO - 30 a 34 años - Hombres,RANGO ETARIO Y SEXO,30 a 34 años,Hombres,,,"['RANGO ETARIO Y SEXO', '30 a 34 años', 'Hombres']",37
P4,B,METAS DE COMPENSACIÓN,P4401013,Personas bajo control con antecedentes de Infarto agudo al miocardio (IAM) - En tratamiento con Antiagregantes plaquetarios,COL11,N,14,RANGO ETARIO Y SEXO - 30 a 34 años - Mujeres,RANGO ETARIO Y SEXO,30 a 34 años,Mujeres,,,"['RANGO ETARIO Y SEXO', '30 a 34 años', 'Mujeres']",37
P4,B,METAS DE COMPENSACIÓN,P4401013,Personas bajo control con antecedentes de Infarto agudo al miocardio (IAM) - En tratamiento con Antiagregantes plaquetarios,COL12,O,15,RANGO ETARIO Y SEXO - 35 a 39 años - Hombres,RANGO ETARIO Y SEXO,35 a 39 años,Hombres,,,"['RANGO ETARIO Y SEXO', '35 a 39 años', 'Hombres']",37
P4,B,METAS DE COMPENSACIÓN,P4401013,Personas bajo control con antecedentes de Infarto agudo al miocardio (IAM) - En tratamiento con Antiagregantes plaquetarios,COL13,P,16,RANGO ETARIO Y SEXO - 35 a 39 años - Mujeres,RANGO ETARIO Y SEXO,35 a 39 años,Mujeres,,,"['RANGO ETARIO Y SEXO', '35 a 39 años', 'Mujeres']",37
P4,B,METAS DE COMPENSACIÓN,P4401013,Personas bajo control con antecedentes de Infarto agudo al miocardio (IAM) - En tratamiento con Antiagregantes plaquetarios,COL14,Q,17,RANGO ETARIO Y SEXO - 40 a 44 años - Hombres,RANGO ETARIO Y SEXO,40 a 44 años,Hombres,,,"['RANGO ETARIO Y SEXO', '40 a 44 años', 'Hombres']",37
P4,B,METAS DE COMPENSACIÓN,P4401013,Personas bajo control con antecedentes de Infarto agudo al miocardio (IAM) - En tratamiento con Antiagregantes plaquetarios,COL15,R,18,RANGO ETARIO Y SEXO - 40 a 44 años - Mujeres,RANGO ETARIO Y SEXO,40 a 44 años,Mujeres,,,"['RANGO ETARIO Y SEXO', '40 a 44 años', 'Mujeres']",37
P4,B,METAS DE COMPENSACIÓN,P4401013,Personas bajo control con antecedentes de Infarto agudo al miocardio (IAM) - En tratamiento con Antiagregantes plaquetarios,COL16,S,19,RANGO ETARIO Y SEXO - 45 a 49 años - Hombres,RANGO ETARIO Y SEXO,45 a 49 años,Hombres,,,"['RANGO ETARIO Y SEXO', '45 a 49 años', 'Hombres']",37
P4,B,METAS DE COMPENSACIÓN,P4401013,Personas bajo control con antecedentes de Infarto agudo al miocardio (IAM) - En tratamiento con Antiagregantes plaquetarios,COL17,T,20,RANGO ETARIO Y SEXO - 45 a 49 años - Mujeres,RANGO ETARIO Y SEXO,45 a 49 años,Mujeres,,,"['RANGO ETARIO Y SEXO', '45 a 49 años', 'Mujeres']",37
P4,B,METAS DE COMPENSACIÓN,P4401013,Personas bajo control con antecedentes de Infarto agudo al miocardio (IAM) - En tratamiento con Antiagregantes plaquetarios,COL18,U,21,RANGO ETARIO Y SEXO - 50 a 54 años - Hombres,RANGO ETARIO Y SEXO,50 a 54 años,Hombres,,,"['RANGO ETARIO Y SEXO', '50 a 54 años', 'Hombres']",37
P4,B,METAS DE COMPENSACIÓN,P4401013,Personas bajo control con antecedentes de Infarto agudo al miocardio (IAM) - En tratamiento con Antiagregantes plaquetarios,COL19,V,22,RANGO ETARIO Y SEXO - 50 a 54 años - Mujeres,RANGO ETARIO Y SEXO,50 a 54 años,Mujeres,,,"['RANGO ETARIO Y SEXO', '50 a 54 años', 'Mujeres']",37
P4,B,METAS DE COMPENSACIÓN,P4401013,Personas bajo control con antecedentes de Infarto agudo al miocardio (IAM) - En tratamiento con Antiagregantes plaquetarios,COL20,W,23,RANGO ETARIO Y SEXO - 55 a 59 años - Hombres,RANGO ETARIO Y SEXO,55 a 59 años,Hombres,,,"['RANGO ETARIO Y SEXO', '55 a 59 años', 'Hombres']",37
P4,B,METAS DE COMPENSACIÓN,P4401013,Personas bajo control con antecedentes de Infarto agudo al miocardio (IAM) - En tratamiento con Antiagregantes plaquetarios,COL21,X,24,RANGO ETARIO Y SEXO - 55 a 59 años - Mujeres,RANGO ETARIO Y SEXO,55 a 59 años,Mujeres,,,"['RANGO ETARIO Y SEXO', '55 a 59 años', 'Mujeres']",37
P4,B,METAS DE COMPENSACIÓN,P4401013,Personas bajo control con antecedentes de Infarto agudo al miocardio (IAM) - En tratamiento con Antiagregantes plaquetarios,COL22,Y,25,RANGO ETARIO Y SEXO - 60 a 64 años - Hombres,RANGO ETARIO Y SEXO,60 a 64 años,Hombres,,,"['RANGO ETARIO Y SEXO', '60 a 64 años', 'Hombres']",37
P4,B,METAS DE COMPENSACIÓN,P4401013,Personas bajo control con antecedentes de Infarto agudo al miocardio (IAM) - En tratamiento con Antiagregantes plaquetarios,COL23,Z,26,RANGO ETARIO Y SEXO - 60 a 64 años - Mujeres,RANGO ETARIO Y SEXO,60 a 64 años,Mujeres,,,"['RANGO ETARIO Y SEXO', '60 a 64 años', 'Mujeres']",37
P4,B,METAS DE COMPENSACIÓN,P4401013,Personas bajo control con antecedentes de Infarto agudo al miocardio (IAM) - En tratamiento con Antiagregantes plaquetarios,COL24,AA,27,RANGO ETARIO Y SEXO - 65 a 69 años - Hombres,RANGO ETARIO Y SEXO,65 a 69 años,Hombres,,,"['RANGO ETARIO Y SEXO', '65 a 69 años', 'Hombres']",37
P4,B,METAS DE COMPENSACIÓN,P4401013,Personas bajo control con antecedentes de Infarto agudo al miocardio (IAM) - En tratamiento con Antiagregantes plaquetarios,COL25,AB,28,RANGO ETARIO Y SEXO - 65 a 69 años - Mujeres,RANGO ETARIO Y SEXO,65 a 69 años,Mujeres,,,"['RANGO ETARIO Y SEXO', '65 a 69 años', 'Mujeres']",37
P4,B,METAS DE COMPENSACIÓN,P4401013,Personas bajo control con antecedentes de Infarto agudo al miocardio (IAM) - En tratamiento con Antiagregantes plaquetarios,COL26,AC,29,RANGO ETARIO Y SEXO - 70 a 74 años - Hombres,RANGO ETARIO Y SEXO,70 a 74 años,Hombres,,,"['RANGO ETARIO Y SEXO', '70 a 74 años', 'Hombres']",37
P4,B,METAS DE COMPENSACIÓN,P4401013,Personas bajo control con antecedentes de Infarto agudo al miocardio (IAM) - En tratamiento con Antiagregantes plaquetarios,COL27,AD,30,RANGO ETARIO Y SEXO - 70 a 74 años - Mujeres,RANGO ETARIO Y SEXO,70 a 74 años,Mujeres,,,"['RANGO ETARIO Y SEXO', '70 a 74 años', 'Mujeres']",37
P4,B,METAS DE COMPENSACIÓN,P4401013,Personas bajo control con antecedentes de Infarto agudo al miocardio (IAM) - En tratamiento con Antiagregantes plaquetarios,COL28,AE,31,RANGO ETARIO Y SEXO - 75 a 79 años - Hombres,RANGO ETARIO Y SEXO,75 a 79 años,Hombres,,,"['RANGO ETARIO Y SEXO', '75 a 79 años', 'Hombres']",37
P4,B,METAS DE COMPENSACIÓN,P4401013,Personas bajo control con antecedentes de Infarto agudo al miocardio (IAM) - En tratamiento con Antiagregantes plaquetarios,COL29,AF,32,RANGO ETARIO Y SEXO - 75 a 79 años - Mujeres,RANGO ETARIO Y SEXO,75 a 79 años,Mujeres,,,"['RANGO ETARIO Y SEXO', '75 a 79 años', 'Mujeres']",37
P4,B,METAS DE COMPENSACIÓN,P4401013,Personas bajo control con antecedentes de Infarto agudo al miocardio (IAM) - En tratamiento con Antiagregantes plaquetarios,COL30,AG,33,RANGO ETARIO Y SEXO - 80 y más años - Hombres,RANGO ETARIO Y SEXO,80 y más años,Hombres,,,"['RANGO ETARIO Y SEXO', '80 y más años', 'Hombres']",37
P4,B,METAS DE COMPENSACIÓN,P4401013,Personas bajo control con antecedentes de Infarto agudo al miocardio (IAM) - En tratamiento con Antiagregantes plaquetarios,COL31,AH,34,RANGO ETARIO Y SEXO - 80 y más años - Mujeres,RANGO ETARIO Y SEXO,80 y más años,Mujeres,,,"['RANGO ETARIO Y SEXO', '80 y más años', 'Mujeres']",37
P4,B,METAS DE COMPENSACIÓN,P4401013,Personas bajo control con antecedentes de Infarto agudo al miocardio (IAM) - En tratamiento con Antiagregantes plaquetarios,COL32,AI,35,Pueblos Originarios - Hombres,Pueblos Originarios,Hombres,,,,"['Pueblos Originarios', 'Hombres']",37
P4,B,METAS DE COMPENSACIÓN,P4401013,Personas bajo control con antecedentes de Infarto agudo al miocardio (IAM) - En tratamiento con Antiagregantes plaquetarios,COL33,AJ,36,Pueblos Originarios - Mujeres,Pueblos Originarios,Mujeres,,,,"['Pueblos Originarios', 'Mujeres']",37
P4,B,METAS DE COMPENSACIÓN,P4401013,Personas bajo control con antecedentes de Infarto agudo al miocardio (IAM) - En tratamiento con Antiagregantes plaquetarios,COL34,AK,37,Migrantes - Hombres,Migrantes,Hombres,,,,"['Migrantes', 'Hombres']",37
P4,B,METAS DE COMPENSACIÓN,P4401013,Personas bajo control con antecedentes de Infarto agudo al miocardio (IAM) - En tratamiento con Antiagregantes plaquetarios,COL35,AL,38,Migrantes - Mujeres,Migrantes,Mujeres,,,,"['Migrantes', 'Mujeres']",37
P4,B,METAS DE COMPENSACIÓN,P4401014,Personas bajo control con antecedentes de Infarto agudo al miocardio (IAM) - En tratamiento con Estatina,COL01,D,4,TOTAL - Ambos sexos,TOTAL,Ambos sexos,,,,"['TOTAL', 'Ambos sexos']",38
P4,B,METAS DE COMPENSACIÓN,P4401014,Personas bajo control con antecedentes de Infarto agudo al miocardio (IAM) - En tratamiento con Estatina,COL02,E,5,TOTAL - Hombres,TOTAL,Hombres,,,,"['TOTAL', 'Hombres']",38
P4,B,METAS DE COMPENSACIÓN,P4401014,Personas bajo control con antecedentes de Infarto agudo al miocardio (IAM) - En tratamiento con Estatina,COL03,F,6,TOTAL - Mujeres,TOTAL,Mujeres,,,,"['TOTAL', 'Mujeres']",38
P4,B,METAS DE COMPENSACIÓN,P4401014,Personas bajo control con antecedentes de Infarto agudo al miocardio (IAM) - En tratamiento con Estatina,COL04,G,7,RANGO ETARIO Y SEXO - 15 a 19 años - Hombres,RANGO ETARIO Y SEXO,15 a 19 años,Hombres,,,"['RANGO ETARIO Y SEXO', '15 a 19 años', 'Hombres']",38
P4,B,METAS DE COMPENSACIÓN,P4401014,Personas bajo control con antecedentes de Infarto agudo al miocardio (IAM) - En tratamiento con Estatina,COL05,H,8,RANGO ETARIO Y SEXO - 15 a 19 años - Mujeres,RANGO ETARIO Y SEXO,15 a 19 años,Mujeres,,,"['RANGO ETARIO Y SEXO', '15 a 19 años', 'Mujeres']",38
P4,B,METAS DE COMPENSACIÓN,P4401014,Personas bajo control con antecedentes de Infarto agudo al miocardio (IAM) - En tratamiento con Estatina,COL06,I,9,RANGO ETARIO Y SEXO - 20 a 24 años - Hombres,RANGO ETARIO Y SEXO,20 a 24 años,Hombres,,,"['RANGO ETARIO Y SEXO', '20 a 24 años', 'Hombres']",38
P4,B,METAS DE COMPENSACIÓN,P4401014,Personas bajo control con antecedentes de Infarto agudo al miocardio (IAM) - En tratamiento con Estatina,COL07,J,10,RANGO ETARIO Y SEXO - 20 a 24 años - Mujeres,RANGO ETARIO Y SEXO,20 a 24 años,Mujeres,,,"['RANGO ETARIO Y SEXO', '20 a 24 años', 'Mujeres']",38
P4,B,METAS DE COMPENSACIÓN,P4401014,Personas bajo control con antecedentes de Infarto agudo al miocardio (IAM) - En tratamiento con Estatina,COL08,K,11,RANGO ETARIO Y SEXO - 25 a 29 años - Hombres,RANGO ETARIO Y SEXO,25 a 29 años,Hombres,,,"['RANGO ETARIO Y SEXO', '25 a 29 años', 'Hombres']",38
P4,B,METAS DE COMPENSACIÓN,P4401014,Personas bajo control con antecedentes de Infarto agudo al miocardio (IAM) - En tratamiento con Estatina,COL09,L,12,RANGO ETARIO Y SEXO - 25 a 29 años - Mujeres,RANGO ETARIO Y SEXO,25 a 29 años,Mujeres,,,"['RANGO ETARIO Y SEXO', '25 a 29 años', 'Mujeres']",38
P4,B,METAS DE COMPENSACIÓN,P4401014,Personas bajo control con antecedentes de Infarto agudo al miocardio (IAM) - En tratamiento con Estatina,COL10,M,13,RANGO ETARIO Y SEXO - 30 a 34 años - Hombres,RANGO ETARIO Y SEXO,30 a 34 años,Hombres,,,"['RANGO ETARIO Y SEXO', '30 a 34 años', 'Hombres']",38
P4,B,METAS DE COMPENSACIÓN,P4401014,Personas bajo control con antecedentes de Infarto agudo al miocardio (IAM) - En tratamiento con Estatina,COL11,N,14,RANGO ETARIO Y SEXO - 30 a 34 años - Mujeres,RANGO ETARIO Y SEXO,30 a 34 años,Mujeres,,,"['RANGO ETARIO Y SEXO', '30 a 34 años', 'Mujeres']",38
P4,B,METAS DE COMPENSACIÓN,P4401014,Personas bajo control con antecedentes de Infarto agudo al miocardio (IAM) - En tratamiento con Estatina,COL12,O,15,RANGO ETARIO Y SEXO - 35 a 39 años - Hombres,RANGO ETARIO Y SEXO,35 a 39 años,Hombres,,,"['RANGO ETARIO Y SEXO', '35 a 39 años', 'Hombres']",38
P4,B,METAS DE COMPENSACIÓN,P4401014,Personas bajo control con antecedentes de Infarto agudo al miocardio (IAM) - En tratamiento con Estatina,COL13,P,16,RANGO ETARIO Y SEXO - 35 a 39 años - Mujeres,RANGO ETARIO Y SEXO,35 a 39 años,Mujeres,,,"['RANGO ETARIO Y SEXO', '35 a 39 años', 'Mujeres']",38
P4,B,METAS DE COMPENSACIÓN,P4401014,Personas bajo control con antecedentes de Infarto agudo al miocardio (IAM) - En tratamiento con Estatina,COL14,Q,17,RANGO ETARIO Y SEXO - 40 a 44 años - Hombres,RANGO ETARIO Y SEXO,40 a 44 años,Hombres,,,"['RANGO ETARIO Y SEXO', '40 a 44 años', 'Hombres']",38
P4,B,METAS DE COMPENSACIÓN,P4401014,Personas bajo control con antecedentes de Infarto agudo al miocardio (IAM) - En tratamiento con Estatina,COL15,R,18,RANGO ETARIO Y SEXO - 40 a 44 años - Mujeres,RANGO ETARIO Y SEXO,40 a 44 años,Mujeres,,,"['RANGO ETARIO Y SEXO', '40 a 44 años', 'Mujeres']",38
P4,B,METAS DE COMPENSACIÓN,P4401014,Personas bajo control con antecedentes de Infarto agudo al miocardio (IAM) - En tratamiento con Estatina,COL16,S,19,RANGO ETARIO Y SEXO - 45 a 49 años - Hombres,RANGO ETARIO Y SEXO,45 a 49 años,Hombres,,,"['RANGO ETARIO Y SEXO', '45 a 49 años', 'Hombres']",38
P4,B,METAS DE COMPENSACIÓN,P4401014,Personas bajo control con antecedentes de Infarto agudo al miocardio (IAM) - En tratamiento con Estatina,COL17,T,20,RANGO ETARIO Y SEXO - 45 a 49 años - Mujeres,RANGO ETARIO Y SEXO,45 a 49 años,Mujeres,,,"['RANGO ETARIO Y SEXO', '45 a 49 años', 'Mujeres']",38
P4,B,METAS DE COMPENSACIÓN,P4401014,Personas bajo control con antecedentes de Infarto agudo al miocardio (IAM) - En tratamiento con Estatina,COL18,U,21,RANGO ETARIO Y SEXO - 50 a 54 años - Hombres,RANGO ETARIO Y SEXO,50 a 54 años,Hombres,,,"['RANGO ETARIO Y SEXO', '50 a 54 años', 'Hombres']",38
P4,B,METAS DE COMPENSACIÓN,P4401014,Personas bajo control con antecedentes de Infarto agudo al miocardio (IAM) - En tratamiento con Estatina,COL19,V,22,RANGO ETARIO Y SEXO - 50 a 54 años - Mujeres,RANGO ETARIO Y SEXO,50 a 54 años,Mujeres,,,"['RANGO ETARIO Y SEXO', '50 a 54 años', 'Mujeres']",38
P4,B,METAS DE COMPENSACIÓN,P4401014,Personas bajo control con antecedentes de Infarto agudo al miocardio (IAM) - En tratamiento con Estatina,COL20,W,23,RANGO ETARIO Y SEXO - 55 a 59 años - Hombres,RANGO ETARIO Y SEXO,55 a 59 años,Hombres,,,"['RANGO ETARIO Y SEXO', '55 a 59 años', 'Hombres']",38
P4,B,METAS DE COMPENSACIÓN,P4401014,Personas bajo control con antecedentes de Infarto agudo al miocardio (IAM) - En tratamiento con Estatina,COL21,X,24,RANGO ETARIO Y SEXO - 55 a 59 años - Mujeres,RANGO ETARIO Y SEXO,55 a 59 años,Mujeres,,,"['RANGO ETARIO Y SEXO', '55 a 59 años', 'Mujeres']",38
P4,B,METAS DE COMPENSACIÓN,P4401014,Personas bajo control con antecedentes de Infarto agudo al miocardio (IAM) - En tratamiento con Estatina,COL22,Y,25,RANGO ETARIO Y SEXO - 60 a 64 años - Hombres,RANGO ETARIO Y SEXO,60 a 64 años,Hombres,,,"['RANGO ETARIO Y SEXO', '60 a 64 años', 'Hombres']",38
P4,B,METAS DE COMPENSACIÓN,P4401014,Personas bajo control con antecedentes de Infarto agudo al miocardio (IAM) - En tratamiento con Estatina,COL23,Z,26,RANGO ETARIO Y SEXO - 60 a 64 años - Mujeres,RANGO ETARIO Y SEXO,60 a 64 años,Mujeres,,,"['RANGO ETARIO Y SEXO', '60 a 64 años', 'Mujeres']",38
P4,B,METAS DE COMPENSACIÓN,P4401014,Personas bajo control con antecedentes de Infarto agudo al miocardio (IAM) - En tratamiento con Estatina,COL24,AA,27,RANGO ETARIO Y SEXO - 65 a 69 años - Hombres,RANGO ETARIO Y SEXO,65 a 69 años,Hombres,,,"['RANGO ETARIO Y SEXO', '65 a 69 años', 'Hombres']",38
P4,B,METAS DE COMPENSACIÓN,P4401014,Personas bajo control con antecedentes de Infarto agudo al miocardio (IAM) - En tratamiento con Estatina,COL25,AB,28,RANGO ETARIO Y SEXO - 65 a 69 años - Mujeres,RANGO ETARIO Y SEXO,65 a 69 años,Mujeres,,,"['RANGO ETARIO Y SEXO', '65 a 69 años', 'Mujeres']",38
P4,B,METAS DE COMPENSACIÓN,P4401014,Personas bajo control con antecedentes de Infarto agudo al miocardio (IAM) - En tratamiento con Estatina,COL26,AC,29,RANGO ETARIO Y SEXO - 70 a 74 años - Hombres,RANGO ETARIO Y SEXO,70 a 74 años,Hombres,,,"['RANGO ETARIO Y SEXO', '70 a 74 años', 'Hombres']",38
P4,B,METAS DE COMPENSACIÓN,P4401014,Personas bajo control con antecedentes de Infarto agudo al miocardio (IAM) - En tratamiento con Estatina,COL27,AD,30,RANGO ETARIO Y SEXO - 70 a 74 años - Mujeres,RANGO ETARIO Y SEXO,70 a 74 años,Mujeres,,,"['RANGO ETARIO Y SEXO', '70 a 74 años', 'Mujeres']",38
P4,B,METAS DE COMPENSACIÓN,P4401014,Personas bajo control con antecedentes de Infarto agudo al miocardio (IAM) - En tratamiento con Estatina,COL28,AE,31,RANGO ETARIO Y SEXO - 75 a 79 años - Hombres,RANGO ETARIO Y SEXO,75 a 79 años,Hombres,,,"['RANGO ETARIO Y SEXO', '75 a 79 años', 'Hombres']",38
P4,B,METAS DE COMPENSACIÓN,P4401014,Personas bajo control con antecedentes de Infarto agudo al miocardio (IAM) - En tratamiento con Estatina,COL29,AF,32,RANGO ETARIO Y SEXO - 75 a 79 años - Mujeres,RANGO ETARIO Y SEXO,75 a 79 años,Mujeres,,,"['RANGO ETARIO Y SEXO', '75 a 79 años', 'Mujeres']",38
P4,B,METAS DE COMPENSACIÓN,P4401014,Personas bajo control con antecedentes de Infarto agudo al miocardio (IAM) - En tratamiento con Estatina,COL30,AG,33,RANGO ETARIO Y SEXO - 80 y más años - Hombres,RANGO ETARIO Y SEXO,80 y más años,Hombres,,,"['RANGO ETARIO Y SEXO', '80 y más años', 'Hombres']",38
P4,B,METAS DE COMPENSACIÓN,P4401014,Personas bajo control con antecedentes de Infarto agudo al miocardio (IAM) - En tratamiento con Estatina,COL31,AH,34,RANGO ETARIO Y SEXO - 80 y más años - Mujeres,RANGO ETARIO Y SEXO,80 y más años,Mujeres,,,"['RANGO ETARIO Y SEXO', '80 y más años', 'Mujeres']",38
P4,B,METAS DE COMPENSACIÓN,P4401014,Personas bajo control con antecedentes de Infarto agudo al miocardio (IAM) - En tratamiento con Estatina,COL32,AI,35,Pueblos Originarios - Hombres,Pueblos Originarios,Hombres,,,,"['Pueblos Originarios', 'Hombres']",38
P4,B,METAS DE COMPENSACIÓN,P4401014,Personas bajo control con antecedentes de Infarto agudo al miocardio (IAM) - En tratamiento con Estatina,COL33,AJ,36,Pueblos Originarios - Mujeres,Pueblos Originarios,Mujeres,,,,"['Pueblos Originarios', 'Mujeres']",38
P4,B,METAS DE COMPENSACIÓN,P4401014,Personas bajo control con antecedentes de Infarto agudo al miocardio (IAM) - En tratamiento con Estatina,COL34,AK,37,Migrantes - Hombres,Migrantes,Hombres,,,,"['Migrantes', 'Hombres']",38
P4,B,METAS DE COMPENSACIÓN,P4401014,Personas bajo control con antecedentes de Infarto agudo al miocardio (IAM) - En tratamiento con Estatina,COL35,AL,38,Migrantes - Mujeres,Migrantes,Mujeres,,,,"['Migrantes', 'Mujeres']",38
P4,B,METAS DE COMPENSACIÓN,P4401015,Personas bajo control con antecedentes de Infarto agudo al miocardio (IAM) - Fumador actual,COL01,D,4,TOTAL - Ambos sexos,TOTAL,Ambos sexos,,,,"['TOTAL', 'Ambos sexos']",39
P4,B,METAS DE COMPENSACIÓN,P4401015,Personas bajo control con antecedentes de Infarto agudo al miocardio (IAM) - Fumador actual,COL02,E,5,TOTAL - Hombres,TOTAL,Hombres,,,,"['TOTAL', 'Hombres']",39
P4,B,METAS DE COMPENSACIÓN,P4401015,Personas bajo control con antecedentes de Infarto agudo al miocardio (IAM) - Fumador actual,COL03,F,6,TOTAL - Mujeres,TOTAL,Mujeres,,,,"['TOTAL', 'Mujeres']",39
P4,B,METAS DE COMPENSACIÓN,P4401015,Personas bajo control con antecedentes de Infarto agudo al miocardio (IAM) - Fumador actual,COL04,G,7,RANGO ETARIO Y SEXO - 15 a 19 años - Hombres,RANGO ETARIO Y SEXO,15 a 19 años,Hombres,,,"['RANGO ETARIO Y SEXO', '15 a 19 años', 'Hombres']",39
P4,B,METAS DE COMPENSACIÓN,P4401015,Personas bajo control con antecedentes de Infarto agudo al miocardio (IAM) - Fumador actual,COL05,H,8,RANGO ETARIO Y SEXO - 15 a 19 años - Mujeres,RANGO ETARIO Y SEXO,15 a 19 años,Mujeres,,,"['RANGO ETARIO Y SEXO', '15 a 19 años', 'Mujeres']",39
P4,B,METAS DE COMPENSACIÓN,P4401015,Personas bajo control con antecedentes de Infarto agudo al miocardio (IAM) - Fumador actual,COL06,I,9,RANGO ETARIO Y SEXO - 20 a 24 años - Hombres,RANGO ETARIO Y SEXO,20 a 24 años,Hombres,,,"['RANGO ETARIO Y SEXO', '20 a 24 años', 'Hombres']",39
P4,B,METAS DE COMPENSACIÓN,P4401015,Personas bajo control con antecedentes de Infarto agudo al miocardio (IAM) - Fumador actual,COL07,J,10,RANGO ETARIO Y SEXO - 20 a 24 años - Mujeres,RANGO ETARIO Y SEXO,20 a 24 años,Mujeres,,,"['RANGO ETARIO Y SEXO', '20 a 24 años', 'Mujeres']",39
P4,B,METAS DE COMPENSACIÓN,P4401015,Personas bajo control con antecedentes de Infarto agudo al miocardio (IAM) - Fumador actual,COL08,K,11,RANGO ETARIO Y SEXO - 25 a 29 años - Hombres,RANGO ETARIO Y SEXO,25 a 29 años,Hombres,,,"['RANGO ETARIO Y SEXO', '25 a 29 años', 'Hombres']",39
P4,B,METAS DE COMPENSACIÓN,P4401015,Personas bajo control con antecedentes de Infarto agudo al miocardio (IAM) - Fumador actual,COL09,L,12,RANGO ETARIO Y SEXO - 25 a 29 años - Mujeres,RANGO ETARIO Y SEXO,25 a 29 años,Mujeres,,,"['RANGO ETARIO Y SEXO', '25 a 29 años', 'Mujeres']",39
P4,B,METAS DE COMPENSACIÓN,P4401015,Personas bajo control con antecedentes de Infarto agudo al miocardio (IAM) - Fumador actual,COL10,M,13,RANGO ETARIO Y SEXO - 30 a 34 años - Hombres,RANGO ETARIO Y SEXO,30 a 34 años,Hombres,,,"['RANGO ETARIO Y SEXO', '30 a 34 años', 'Hombres']",39
P4,B,METAS DE COMPENSACIÓN,P4401015,Personas bajo control con antecedentes de Infarto agudo al miocardio (IAM) - Fumador actual,COL11,N,14,RANGO ETARIO Y SEXO - 30 a 34 años - Mujeres,RANGO ETARIO Y SEXO,30 a 34 años,Mujeres,,,"['RANGO ETARIO Y SEXO', '30 a 34 años', 'Mujeres']",39
P4,B,METAS DE COMPENSACIÓN,P4401015,Personas bajo control con antecedentes de Infarto agudo al miocardio (IAM) - Fumador actual,COL12,O,15,RANGO ETARIO Y SEXO - 35 a 39 años - Hombres,RANGO ETARIO Y SEXO,35 a 39 años,Hombres,,,"['RANGO ETARIO Y SEXO', '35 a 39 años', 'Hombres']",39
P4,B,METAS DE COMPENSACIÓN,P4401015,Personas bajo control con antecedentes de Infarto agudo al miocardio (IAM) - Fumador actual,COL13,P,16,RANGO ETARIO Y SEXO - 35 a 39 años - Mujeres,RANGO ETARIO Y SEXO,35 a 39 años,Mujeres,,,"['RANGO ETARIO Y SEXO', '35 a 39 años', 'Mujeres']",39
P4,B,METAS DE COMPENSACIÓN,P4401015,Personas bajo control con antecedentes de Infarto agudo al miocardio (IAM) - Fumador actual,COL14,Q,17,RANGO ETARIO Y SEXO - 40 a 44 años - Hombres,RANGO ETARIO Y SEXO,40 a 44 años,Hombres,,,"['RANGO ETARIO Y SEXO', '40 a 44 años', 'Hombres']",39
P4,B,METAS DE COMPENSACIÓN,P4401015,Personas bajo control con antecedentes de Infarto agudo al miocardio (IAM) - Fumador actual,COL15,R,18,RANGO ETARIO Y SEXO - 40 a 44 años - Mujeres,RANGO ETARIO Y SEXO,40 a 44 años,Mujeres,,,"['RANGO ETARIO Y SEXO', '40 a 44 años', 'Mujeres']",39
P4,B,METAS DE COMPENSACIÓN,P4401015,Personas bajo control con antecedentes de Infarto agudo al miocardio (IAM) - Fumador actual,COL16,S,19,RANGO ETARIO Y SEXO - 45 a 49 años - Hombres,RANGO ETARIO Y SEXO,45 a 49 años,Hombres,,,"['RANGO ETARIO Y SEXO', '45 a 49 años', 'Hombres']",39
P4,B,METAS DE COMPENSACIÓN,P4401015,Personas bajo control con antecedentes de Infarto agudo al miocardio (IAM) - Fumador actual,COL17,T,20,RANGO ETARIO Y SEXO - 45 a 49 años - Mujeres,RANGO ETARIO Y SEXO,45 a 49 años,Mujeres,,,"['RANGO ETARIO Y SEXO', '45 a 49 años', 'Mujeres']",39
P4,B,METAS DE COMPENSACIÓN,P4401015,Personas bajo control con antecedentes de Infarto agudo al miocardio (IAM) - Fumador actual,COL18,U,21,RANGO ETARIO Y SEXO - 50 a 54 años - Hombres,RANGO ETARIO Y SEXO,50 a 54 años,Hombres,,,"['RANGO ETARIO Y SEXO', '50 a 54 años', 'Hombres']",39
P4,B,METAS DE COMPENSACIÓN,P4401015,Personas bajo control con antecedentes de Infarto agudo al miocardio (IAM) - Fumador actual,COL19,V,22,RANGO ETARIO Y SEXO - 50 a 54 años - Mujeres,RANGO ETARIO Y SEXO,50 a 54 años,Mujeres,,,"['RANGO ETARIO Y SEXO', '50 a 54 años', 'Mujeres']",39
P4,B,METAS DE COMPENSACIÓN,P4401015,Personas bajo control con antecedentes de Infarto agudo al miocardio (IAM) - Fumador actual,COL20,W,23,RANGO ETARIO Y SEXO - 55 a 59 años - Hombres,RANGO ETARIO Y SEXO,55 a 59 años,Hombres,,,"['RANGO ETARIO Y SEXO', '55 a 59 años', 'Hombres']",39
P4,B,METAS DE COMPENSACIÓN,P4401015,Personas bajo control con antecedentes de Infarto agudo al miocardio (IAM) - Fumador actual,COL21,X,24,RANGO ETARIO Y SEXO - 55 a 59 años - Mujeres,RANGO ETARIO Y SEXO,55 a 59 años,Mujeres,,,"['RANGO ETARIO Y SEXO', '55 a 59 años', 'Mujeres']",39
P4,B,METAS DE COMPENSACIÓN,P4401015,Personas bajo control con antecedentes de Infarto agudo al miocardio (IAM) - Fumador actual,COL22,Y,25,RANGO ETARIO Y SEXO - 60 a 64 años - Hombres,RANGO ETARIO Y SEXO,60 a 64 años,Hombres,,,"['RANGO ETARIO Y SEXO', '60 a 64 años', 'Hombres']",39
P4,B,METAS DE COMPENSACIÓN,P4401015,Personas bajo control con antecedentes de Infarto agudo al miocardio (IAM) - Fumador actual,COL23,Z,26,RANGO ETARIO Y SEXO - 60 a 64 años - Mujeres,RANGO ETARIO Y SEXO,60 a 64 años,Mujeres,,,"['RANGO ETARIO Y SEXO', '60 a 64 años', 'Mujeres']",39
P4,B,METAS DE COMPENSACIÓN,P4401015,Personas bajo control con antecedentes de Infarto agudo al miocardio (IAM) - Fumador actual,COL24,AA,27,RANGO ETARIO Y SEXO - 65 a 69 años - Hombres,RANGO ETARIO Y SEXO,65 a 69 años,Hombres,,,"['RANGO ETARIO Y SEXO', '65 a 69 años', 'Hombres']",39
P4,B,METAS DE COMPENSACIÓN,P4401015,Personas bajo control con antecedentes de Infarto agudo al miocardio (IAM) - Fumador actual,COL25,AB,28,RANGO ETARIO Y SEXO - 65 a 69 años - Mujeres,RANGO ETARIO Y SEXO,65 a 69 años,Mujeres,,,"['RANGO ETARIO Y SEXO', '65 a 69 años', 'Mujeres']",39
P4,B,METAS DE COMPENSACIÓN,P4401015,Personas bajo control con antecedentes de Infarto agudo al miocardio (IAM) - Fumador actual,COL26,AC,29,RANGO ETARIO Y SEXO - 70 a 74 años - Hombres,RANGO ETARIO Y SEXO,70 a 74 años,Hombres,,,"['RANGO ETARIO Y SEXO', '70 a 74 años', 'Hombres']",39
P4,B,METAS DE COMPENSACIÓN,P4401015,Personas bajo control con antecedentes de Infarto agudo al miocardio (IAM) - Fumador actual,COL27,AD,30,RANGO ETARIO Y SEXO - 70 a 74 años - Mujeres,RANGO ETARIO Y SEXO,70 a 74 años,Mujeres,,,"['RANGO ETARIO Y SEXO', '70 a 74 años', 'Mujeres']",39
P4,B,METAS DE COMPENSACIÓN,P4401015,Personas bajo control con antecedentes de Infarto agudo al miocardio (IAM) - Fumador actual,COL28,AE,31,RANGO ETARIO Y SEXO - 75 a 79 años - Hombres,RANGO ETARIO Y SEXO,75 a 79 años,Hombres,,,"['RANGO ETARIO Y SEXO', '75 a 79 años', 'Hombres']",39
P4,B,METAS DE COMPENSACIÓN,P4401015,Personas bajo control con antecedentes de Infarto agudo al miocardio (IAM) - Fumador actual,COL29,AF,32,RANGO ETARIO Y SEXO - 75 a 79 años - Mujeres,RANGO ETARIO Y SEXO,75 a 79 años,Mujeres,,,"['RANGO ETARIO Y SEXO', '75 a 79 años', 'Mujeres']",39
P4,B,METAS DE COMPENSACIÓN,P4401015,Personas bajo control con antecedentes de Infarto agudo al miocardio (IAM) - Fumador actual,COL30,AG,33,RANGO ETARIO Y SEXO - 80 y más años - Hombres,RANGO ETARIO Y SEXO,80 y más años,Hombres,,,"['RANGO ETARIO Y SEXO', '80 y más años', 'Hombres']",39
P4,B,METAS DE COMPENSACIÓN,P4401015,Personas bajo control con antecedentes de Infarto agudo al miocardio (IAM) - Fumador actual,COL31,AH,34,RANGO ETARIO Y SEXO - 80 y más años - Mujeres,RANGO ETARIO Y SEXO,80 y más años,Mujeres,,,"['RANGO ETARIO Y SEXO', '80 y más años', 'Mujeres']",39
P4,B,METAS DE COMPENSACIÓN,P4401015,Personas bajo control con antecedentes de Infarto agudo al miocardio (IAM) - Fumador actual,COL32,AI,35,Pueblos Originarios - Hombres,Pueblos Originarios,Hombres,,,,"['Pueblos Originarios', 'Hombres']",39
P4,B,METAS DE COMPENSACIÓN,P4401015,Personas bajo control con antecedentes de Infarto agudo al miocardio (IAM) - Fumador actual,COL33,AJ,36,Pueblos Originarios - Mujeres,Pueblos Originarios,Mujeres,,,,"['Pueblos Originarios', 'Mujeres']",39
P4,B,METAS DE COMPENSACIÓN,P4401015,Personas bajo control con antecedentes de Infarto agudo al miocardio (IAM) - Fumador actual,COL34,AK,37,Migrantes - Hombres,Migrantes,Hombres,,,,"['Migrantes', 'Hombres']",39
P4,B,METAS DE COMPENSACIÓN,P4401015,Personas bajo control con antecedentes de Infarto agudo al miocardio (IAM) - Fumador actual,COL35,AL,38,Migrantes - Mujeres,Migrantes,Mujeres,,,,"['Migrantes', 'Mujeres']",39
P4,B,METAS DE COMPENSACIÓN,P4401016,Personas bajo control con Antecedentes de Ataque Cerebrovascular (ACV) - En tratamiento con Antiagregantes plaquetarios,COL01,D,4,TOTAL - Ambos sexos,TOTAL,Ambos sexos,,,,"['TOTAL', 'Ambos sexos']",40
P4,B,METAS DE COMPENSACIÓN,P4401016,Personas bajo control con Antecedentes de Ataque Cerebrovascular (ACV) - En tratamiento con Antiagregantes plaquetarios,COL02,E,5,TOTAL - Hombres,TOTAL,Hombres,,,,"['TOTAL', 'Hombres']",40
P4,B,METAS DE COMPENSACIÓN,P4401016,Personas bajo control con Antecedentes de Ataque Cerebrovascular (ACV) - En tratamiento con Antiagregantes plaquetarios,COL03,F,6,TOTAL - Mujeres,TOTAL,Mujeres,,,,"['TOTAL', 'Mujeres']",40
P4,B,METAS DE COMPENSACIÓN,P4401016,Personas bajo control con Antecedentes de Ataque Cerebrovascular (ACV) - En tratamiento con Antiagregantes plaquetarios,COL04,G,7,RANGO ETARIO Y SEXO - 15 a 19 años - Hombres,RANGO ETARIO Y SEXO,15 a 19 años,Hombres,,,"['RANGO ETARIO Y SEXO', '15 a 19 años', 'Hombres']",40
P4,B,METAS DE COMPENSACIÓN,P4401016,Personas bajo control con Antecedentes de Ataque Cerebrovascular (ACV) - En tratamiento con Antiagregantes plaquetarios,COL05,H,8,RANGO ETARIO Y SEXO - 15 a 19 años - Mujeres,RANGO ETARIO Y SEXO,15 a 19 años,Mujeres,,,"['RANGO ETARIO Y SEXO', '15 a 19 años', 'Mujeres']",40
P4,B,METAS DE COMPENSACIÓN,P4401016,Personas bajo control con Antecedentes de Ataque Cerebrovascular (ACV) - En tratamiento con Antiagregantes plaquetarios,COL06,I,9,RANGO ETARIO Y SEXO - 20 a 24 años - Hombres,RANGO ETARIO Y SEXO,20 a 24 años,Hombres,,,"['RANGO ETARIO Y SEXO', '20 a 24 años', 'Hombres']",40
P4,B,METAS DE COMPENSACIÓN,P4401016,Personas bajo control con Antecedentes de Ataque Cerebrovascular (ACV) - En tratamiento con Antiagregantes plaquetarios,COL07,J,10,RANGO ETARIO Y SEXO - 20 a 24 años - Mujeres,RANGO ETARIO Y SEXO,20 a 24 años,Mujeres,,,"['RANGO ETARIO Y SEXO', '20 a 24 años', 'Mujeres']",40
P4,B,METAS DE COMPENSACIÓN,P4401016,Personas bajo control con Antecedentes de Ataque Cerebrovascular (ACV) - En tratamiento con Antiagregantes plaquetarios,COL08,K,11,RANGO ETARIO Y SEXO - 25 a 29 años - Hombres,RANGO ETARIO Y SEXO,25 a 29 años,Hombres,,,"['RANGO ETARIO Y SEXO', '25 a 29 años', 'Hombres']",40
P4,B,METAS DE COMPENSACIÓN,P4401016,Personas bajo control con Antecedentes de Ataque Cerebrovascular (ACV) - En tratamiento con Antiagregantes plaquetarios,COL09,L,12,RANGO ETARIO Y SEXO - 25 a 29 años - Mujeres,RANGO ETARIO Y SEXO,25 a 29 años,Mujeres,,,"['RANGO ETARIO Y SEXO', '25 a 29 años', 'Mujeres']",40
P4,B,METAS DE COMPENSACIÓN,P4401016,Personas bajo control con Antecedentes de Ataque Cerebrovascular (ACV) - En tratamiento con Antiagregantes plaquetarios,COL10,M,13,RANGO ETARIO Y SEXO - 30 a 34 años - Hombres,RANGO ETARIO Y SEXO,30 a 34 años,Hombres,,,"['RANGO ETARIO Y SEXO', '30 a 34 años', 'Hombres']",40
P4,B,METAS DE COMPENSACIÓN,P4401016,Personas bajo control con Antecedentes de Ataque Cerebrovascular (ACV) - En tratamiento con Antiagregantes plaquetarios,COL11,N,14,RANGO ETARIO Y SEXO - 30 a 34 años - Mujeres,RANGO ETARIO Y SEXO,30 a 34 años,Mujeres,,,"['RANGO ETARIO Y SEXO', '30 a 34 años', 'Mujeres']",40
P4,B,METAS DE COMPENSACIÓN,P4401016,Personas bajo control con Antecedentes de Ataque Cerebrovascular (ACV) - En tratamiento con Antiagregantes plaquetarios,COL12,O,15,RANGO ETARIO Y SEXO - 35 a 39 años - Hombres,RANGO ETARIO Y SEXO,35 a 39 años,Hombres,,,"['RANGO ETARIO Y SEXO', '35 a 39 años', 'Hombres']",40
P4,B,METAS DE COMPENSACIÓN,P4401016,Personas bajo control con Antecedentes de Ataque Cerebrovascular (ACV) - En tratamiento con Antiagregantes plaquetarios,COL13,P,16,RANGO ETARIO Y SEXO - 35 a 39 años - Mujeres,RANGO ETARIO Y SEXO,35 a 39 años,Mujeres,,,"['RANGO ETARIO Y SEXO', '35 a 39 años', 'Mujeres']",40
P4,B,METAS DE COMPENSACIÓN,P4401016,Personas bajo control con Antecedentes de Ataque Cerebrovascular (ACV) - En tratamiento con Antiagregantes plaquetarios,COL14,Q,17,RANGO ETARIO Y SEXO - 40 a 44 años - Hombres,RANGO ETARIO Y SEXO,40 a 44 años,Hombres,,,"['RANGO ETARIO Y SEXO', '40 a 44 años', 'Hombres']",40
P4,B,METAS DE COMPENSACIÓN,P4401016,Personas bajo control con Antecedentes de Ataque Cerebrovascular (ACV) - En tratamiento con Antiagregantes plaquetarios,COL15,R,18,RANGO ETARIO Y SEXO - 40 a 44 años - Mujeres,RANGO ETARIO Y SEXO,40 a 44 años,Mujeres,,,"['RANGO ETARIO Y SEXO', '40 a 44 años', 'Mujeres']",40
P4,B,METAS DE COMPENSACIÓN,P4401016,Personas bajo control con Antecedentes de Ataque Cerebrovascular (ACV) - En tratamiento con Antiagregantes plaquetarios,COL16,S,19,RANGO ETARIO Y SEXO - 45 a 49 años - Hombres,RANGO ETARIO Y SEXO,45 a 49 años,Hombres,,,"['RANGO ETARIO Y SEXO', '45 a 49 años', 'Hombres']",40
P4,B,METAS DE COMPENSACIÓN,P4401016,Personas bajo control con Antecedentes de Ataque Cerebrovascular (ACV) - En tratamiento con Antiagregantes plaquetarios,COL17,T,20,RANGO ETARIO Y SEXO - 45 a 49 años - Mujeres,RANGO ETARIO Y SEXO,45 a 49 años,Mujeres,,,"['RANGO ETARIO Y SEXO', '45 a 49 años', 'Mujeres']",40
P4,B,METAS DE COMPENSACIÓN,P4401016,Personas bajo control con Antecedentes de Ataque Cerebrovascular (ACV) - En tratamiento con Antiagregantes plaquetarios,COL18,U,21,RANGO ETARIO Y SEXO - 50 a 54 años - Hombres,RANGO ETARIO Y SEXO,50 a 54 años,Hombres,,,"['RANGO ETARIO Y SEXO', '50 a 54 años', 'Hombres']",40
P4,B,METAS DE COMPENSACIÓN,P4401016,Personas bajo control con Antecedentes de Ataque Cerebrovascular (ACV) - En tratamiento con Antiagregantes plaquetarios,COL19,V,22,RANGO ETARIO Y SEXO - 50 a 54 años - Mujeres,RANGO ETARIO Y SEXO,50 a 54 años,Mujeres,,,"['RANGO ETARIO Y SEXO', '50 a 54 años', 'Mujeres']",40
P4,B,METAS DE COMPENSACIÓN,P4401016,Personas bajo control con Antecedentes de Ataque Cerebrovascular (ACV) - En tratamiento con Antiagregantes plaquetarios,COL20,W,23,RANGO ETARIO Y SEXO - 55 a 59 años - Hombres,RANGO ETARIO Y SEXO,55 a 59 años,Hombres,,,"['RANGO ETARIO Y SEXO', '55 a 59 años', 'Hombres']",40
P4,B,METAS DE COMPENSACIÓN,P4401016,Personas bajo control con Antecedentes de Ataque Cerebrovascular (ACV) - En tratamiento con Antiagregantes plaquetarios,COL21,X,24,RANGO ETARIO Y SEXO - 55 a 59 años - Mujeres,RANGO ETARIO Y SEXO,55 a 59 años,Mujeres,,,"['RANGO ETARIO Y SEXO', '55 a 59 años', 'Mujeres']",40
P4,B,METAS DE COMPENSACIÓN,P4401016,Personas bajo control con Antecedentes de Ataque Cerebrovascular (ACV) - En tratamiento con Antiagregantes plaquetarios,COL22,Y,25,RANGO ETARIO Y SEXO - 60 a 64 años - Hombres,RANGO ETARIO Y SEXO,60 a 64 años,Hombres,,,"['RANGO ETARIO Y SEXO', '60 a 64 años', 'Hombres']",40
P4,B,METAS DE COMPENSACIÓN,P4401016,Personas bajo control con Antecedentes de Ataque Cerebrovascular (ACV) - En tratamiento con Antiagregantes plaquetarios,COL23,Z,26,RANGO ETARIO Y SEXO - 60 a 64 años - Mujeres,RANGO ETARIO Y SEXO,60 a 64 años,Mujeres,,,"['RANGO ETARIO Y SEXO', '60 a 64 años', 'Mujeres']",40
P4,B,METAS DE COMPENSACIÓN,P4401016,Personas bajo control con Antecedentes de Ataque Cerebrovascular (ACV) - En tratamiento con Antiagregantes plaquetarios,COL24,AA,27,RANGO ETARIO Y SEXO - 65 a 69 años - Hombres,RANGO ETARIO Y SEXO,65 a 69 años,Hombres,,,"['RANGO ETARIO Y SEXO', '65 a 69 años', 'Hombres']",40
P4,B,METAS DE COMPENSACIÓN,P4401016,Personas bajo control con Antecedentes de Ataque Cerebrovascular (ACV) - En tratamiento con Antiagregantes plaquetarios,COL25,AB,28,RANGO ETARIO Y SEXO - 65 a 69 años - Mujeres,RANGO ETARIO Y SEXO,65 a 69 años,Mujeres,,,"['RANGO ETARIO Y SEXO', '65 a 69 años', 'Mujeres']",40
P4,B,METAS DE COMPENSACIÓN,P4401016,Personas bajo control con Antecedentes de Ataque Cerebrovascular (ACV) - En tratamiento con Antiagregantes plaquetarios,COL26,AC,29,RANGO ETARIO Y SEXO - 70 a 74 años - Hombres,RANGO ETARIO Y SEXO,70 a 74 años,Hombres,,,"['RANGO ETARIO Y SEXO', '70 a 74 años', 'Hombres']",40
P4,B,METAS DE COMPENSACIÓN,P4401016,Personas bajo control con Antecedentes de Ataque Cerebrovascular (ACV) - En tratamiento con Antiagregantes plaquetarios,COL27,AD,30,RANGO ETARIO Y SEXO - 70 a 74 años - Mujeres,RANGO ETARIO Y SEXO,70 a 74 años,Mujeres,,,"['RANGO ETARIO Y SEXO', '70 a 74 años', 'Mujeres']",40
P4,B,METAS DE COMPENSACIÓN,P4401016,Personas bajo control con Antecedentes de Ataque Cerebrovascular (ACV) - En tratamiento con Antiagregantes plaquetarios,COL28,AE,31,RANGO ETARIO Y SEXO - 75 a 79 años - Hombres,RANGO ETARIO Y SEXO,75 a 79 años,Hombres,,,"['RANGO ETARIO Y SEXO', '75 a 79 años', 'Hombres']",40
P4,B,METAS DE COMPENSACIÓN,P4401016,Personas bajo control con Antecedentes de Ataque Cerebrovascular (ACV) - En tratamiento con Antiagregantes plaquetarios,COL29,AF,32,RANGO ETARIO Y SEXO - 75 a 79 años - Mujeres,RANGO ETARIO Y SEXO,75 a 79 años,Mujeres,,,"['RANGO ETARIO Y SEXO', '75 a 79 años', 'Mujeres']",40
P4,B,METAS DE COMPENSACIÓN,P4401016,Personas bajo control con Antecedentes de Ataque Cerebrovascular (ACV) - En tratamiento con Antiagregantes plaquetarios,COL30,AG,33,RANGO ETARIO Y SEXO - 80 y más años - Hombres,RANGO ETARIO Y SEXO,80 y más años,Hombres,,,"['RANGO ETARIO Y SEXO', '80 y más años', 'Hombres']",40
P4,B,METAS DE COMPENSACIÓN,P4401016,Personas bajo control con Antecedentes de Ataque Cerebrovascular (ACV) - En tratamiento con Antiagregantes plaquetarios,COL31,AH,34,RANGO ETARIO Y SEXO - 80 y más años - Mujeres,RANGO ETARIO Y SEXO,80 y más años,Mujeres,,,"['RANGO ETARIO Y SEXO', '80 y más años', 'Mujeres']",40
P4,B,METAS DE COMPENSACIÓN,P4401016,Personas bajo control con Antecedentes de Ataque Cerebrovascular (ACV) - En tratamiento con Antiagregantes plaquetarios,COL32,AI,35,Pueblos Originarios - Hombres,Pueblos Originarios,Hombres,,,,"['Pueblos Originarios', 'Hombres']",40
P4,B,METAS DE COMPENSACIÓN,P4401016,Personas bajo control con Antecedentes de Ataque Cerebrovascular (ACV) - En tratamiento con Antiagregantes plaquetarios,COL33,AJ,36,Pueblos Originarios - Mujeres,Pueblos Originarios,Mujeres,,,,"['Pueblos Originarios', 'Mujeres']",40
P4,B,METAS DE COMPENSACIÓN,P4401016,Personas bajo control con Antecedentes de Ataque Cerebrovascular (ACV) - En tratamiento con Antiagregantes plaquetarios,COL34,AK,37,Migrantes - Hombres,Migrantes,Hombres,,,,"['Migrantes', 'Hombres']",40
P4,B,METAS DE COMPENSACIÓN,P4401016,Personas bajo control con Antecedentes de Ataque Cerebrovascular (ACV) - En tratamiento con Antiagregantes plaquetarios,COL35,AL,38,Migrantes - Mujeres,Migrantes,Mujeres,,,,"['Migrantes', 'Mujeres']",40
P4,B,METAS DE COMPENSACIÓN,P4401017,Personas bajo control con Antecedentes de Ataque Cerebrovascular (ACV) - En tratamiento con Estatina,COL01,D,4,TOTAL - Ambos sexos,TOTAL,Ambos sexos,,,,"['TOTAL', 'Ambos sexos']",41
P4,B,METAS DE COMPENSACIÓN,P4401017,Personas bajo control con Antecedentes de Ataque Cerebrovascular (ACV) - En tratamiento con Estatina,COL02,E,5,TOTAL - Hombres,TOTAL,Hombres,,,,"['TOTAL', 'Hombres']",41
P4,B,METAS DE COMPENSACIÓN,P4401017,Personas bajo control con Antecedentes de Ataque Cerebrovascular (ACV) - En tratamiento con Estatina,COL03,F,6,TOTAL - Mujeres,TOTAL,Mujeres,,,,"['TOTAL', 'Mujeres']",41
P4,B,METAS DE COMPENSACIÓN,P4401017,Personas bajo control con Antecedentes de Ataque Cerebrovascular (ACV) - En tratamiento con Estatina,COL04,G,7,RANGO ETARIO Y SEXO - 15 a 19 años - Hombres,RANGO ETARIO Y SEXO,15 a 19 años,Hombres,,,"['RANGO ETARIO Y SEXO', '15 a 19 años', 'Hombres']",41
P4,B,METAS DE COMPENSACIÓN,P4401017,Personas bajo control con Antecedentes de Ataque Cerebrovascular (ACV) - En tratamiento con Estatina,COL05,H,8,RANGO ETARIO Y SEXO - 15 a 19 años - Mujeres,RANGO ETARIO Y SEXO,15 a 19 años,Mujeres,,,"['RANGO ETARIO Y SEXO', '15 a 19 años', 'Mujeres']",41
P4,B,METAS DE COMPENSACIÓN,P4401017,Personas bajo control con Antecedentes de Ataque Cerebrovascular (ACV) - En tratamiento con Estatina,COL06,I,9,RANGO ETARIO Y SEXO - 20 a 24 años - Hombres,RANGO ETARIO Y SEXO,20 a 24 años,Hombres,,,"['RANGO ETARIO Y SEXO', '20 a 24 años', 'Hombres']",41
P4,B,METAS DE COMPENSACIÓN,P4401017,Personas bajo control con Antecedentes de Ataque Cerebrovascular (ACV) - En tratamiento con Estatina,COL07,J,10,RANGO ETARIO Y SEXO - 20 a 24 años - Mujeres,RANGO ETARIO Y SEXO,20 a 24 años,Mujeres,,,"['RANGO ETARIO Y SEXO', '20 a 24 años', 'Mujeres']",41
P4,B,METAS DE COMPENSACIÓN,P4401017,Personas bajo control con Antecedentes de Ataque Cerebrovascular (ACV) - En tratamiento con Estatina,COL08,K,11,RANGO ETARIO Y SEXO - 25 a 29 años - Hombres,RANGO ETARIO Y SEXO,25 a 29 años,Hombres,,,"['RANGO ETARIO Y SEXO', '25 a 29 años', 'Hombres']",41
P4,B,METAS DE COMPENSACIÓN,P4401017,Personas bajo control con Antecedentes de Ataque Cerebrovascular (ACV) - En tratamiento con Estatina,COL09,L,12,RANGO ETARIO Y SEXO - 25 a 29 años - Mujeres,RANGO ETARIO Y SEXO,25 a 29 años,Mujeres,,,"['RANGO ETARIO Y SEXO', '25 a 29 años', 'Mujeres']",41
P4,B,METAS DE COMPENSACIÓN,P4401017,Personas bajo control con Antecedentes de Ataque Cerebrovascular (ACV) - En tratamiento con Estatina,COL10,M,13,RANGO ETARIO Y SEXO - 30 a 34 años - Hombres,RANGO ETARIO Y SEXO,30 a 34 años,Hombres,,,"['RANGO ETARIO Y SEXO', '30 a 34 años', 'Hombres']",41
P4,B,METAS DE COMPENSACIÓN,P4401017,Personas bajo control con Antecedentes de Ataque Cerebrovascular (ACV) - En tratamiento con Estatina,COL11,N,14,RANGO ETARIO Y SEXO - 30 a 34 años - Mujeres,RANGO ETARIO Y SEXO,30 a 34 años,Mujeres,,,"['RANGO ETARIO Y SEXO', '30 a 34 años', 'Mujeres']",41
P4,B,METAS DE COMPENSACIÓN,P4401017,Personas bajo control con Antecedentes de Ataque Cerebrovascular (ACV) - En tratamiento con Estatina,COL12,O,15,RANGO ETARIO Y SEXO - 35 a 39 años - Hombres,RANGO ETARIO Y SEXO,35 a 39 años,Hombres,,,"['RANGO ETARIO Y SEXO', '35 a 39 años', 'Hombres']",41
P4,B,METAS DE COMPENSACIÓN,P4401017,Personas bajo control con Antecedentes de Ataque Cerebrovascular (ACV) - En tratamiento con Estatina,COL13,P,16,RANGO ETARIO Y SEXO - 35 a 39 años - Mujeres,RANGO ETARIO Y SEXO,35 a 39 años,Mujeres,,,"['RANGO ETARIO Y SEXO', '35 a 39 años', 'Mujeres']",41
P4,B,METAS DE COMPENSACIÓN,P4401017,Personas bajo control con Antecedentes de Ataque Cerebrovascular (ACV) - En tratamiento con Estatina,COL14,Q,17,RANGO ETARIO Y SEXO - 40 a 44 años - Hombres,RANGO ETARIO Y SEXO,40 a 44 años,Hombres,,,"['RANGO ETARIO Y SEXO', '40 a 44 años', 'Hombres']",41
P4,B,METAS DE COMPENSACIÓN,P4401017,Personas bajo control con Antecedentes de Ataque Cerebrovascular (ACV) - En tratamiento con Estatina,COL15,R,18,RANGO ETARIO Y SEXO - 40 a 44 años - Mujeres,RANGO ETARIO Y SEXO,40 a 44 años,Mujeres,,,"['RANGO ETARIO Y SEXO', '40 a 44 años', 'Mujeres']",41
P4,B,METAS DE COMPENSACIÓN,P4401017,Personas bajo control con Antecedentes de Ataque Cerebrovascular (ACV) - En tratamiento con Estatina,COL16,S,19,RANGO ETARIO Y SEXO - 45 a 49 años - Hombres,RANGO ETARIO Y SEXO,45 a 49 años,Hombres,,,"['RANGO ETARIO Y SEXO', '45 a 49 años', 'Hombres']",41
P4,B,METAS DE COMPENSACIÓN,P4401017,Personas bajo control con Antecedentes de Ataque Cerebrovascular (ACV) - En tratamiento con Estatina,COL17,T,20,RANGO ETARIO Y SEXO - 45 a 49 años - Mujeres,RANGO ETARIO Y SEXO,45 a 49 años,Mujeres,,,"['RANGO ETARIO Y SEXO', '45 a 49 años', 'Mujeres']",41
P4,B,METAS DE COMPENSACIÓN,P4401017,Personas bajo control con Antecedentes de Ataque Cerebrovascular (ACV) - En tratamiento con Estatina,COL18,U,21,RANGO ETARIO Y SEXO - 50 a 54 años - Hombres,RANGO ETARIO Y SEXO,50 a 54 años,Hombres,,,"['RANGO ETARIO Y SEXO', '50 a 54 años', 'Hombres']",41
P4,B,METAS DE COMPENSACIÓN,P4401017,Personas bajo control con Antecedentes de Ataque Cerebrovascular (ACV) - En tratamiento con Estatina,COL19,V,22,RANGO ETARIO Y SEXO - 50 a 54 años - Mujeres,RANGO ETARIO Y SEXO,50 a 54 años,Mujeres,,,"['RANGO ETARIO Y SEXO', '50 a 54 años', 'Mujeres']",41
P4,B,METAS DE COMPENSACIÓN,P4401017,Personas bajo control con Antecedentes de Ataque Cerebrovascular (ACV) - En tratamiento con Estatina,COL20,W,23,RANGO ETARIO Y SEXO - 55 a 59 años - Hombres,RANGO ETARIO Y SEXO,55 a 59 años,Hombres,,,"['RANGO ETARIO Y SEXO', '55 a 59 años', 'Hombres']",41
P4,B,METAS DE COMPENSACIÓN,P4401017,Personas bajo control con Antecedentes de Ataque Cerebrovascular (ACV) - En tratamiento con Estatina,COL21,X,24,RANGO ETARIO Y SEXO - 55 a 59 años - Mujeres,RANGO ETARIO Y SEXO,55 a 59 años,Mujeres,,,"['RANGO ETARIO Y SEXO', '55 a 59 años', 'Mujeres']",41
P4,B,METAS DE COMPENSACIÓN,P4401017,Personas bajo control con Antecedentes de Ataque Cerebrovascular (ACV) - En tratamiento con Estatina,COL22,Y,25,RANGO ETARIO Y SEXO - 60 a 64 años - Hombres,RANGO ETARIO Y SEXO,60 a 64 años,Hombres,,,"['RANGO ETARIO Y SEXO', '60 a 64 años', 'Hombres']",41
P4,B,METAS DE COMPENSACIÓN,P4401017,Personas bajo control con Antecedentes de Ataque Cerebrovascular (ACV) - En tratamiento con Estatina,COL23,Z,26,RANGO ETARIO Y SEXO - 60 a 64 años - Mujeres,RANGO ETARIO Y SEXO,60 a 64 años,Mujeres,,,"['RANGO ETARIO Y SEXO', '60 a 64 años', 'Mujeres']",41
P4,B,METAS DE COMPENSACIÓN,P4401017,Personas bajo control con Antecedentes de Ataque Cerebrovascular (ACV) - En tratamiento con Estatina,COL24,AA,27,RANGO ETARIO Y SEXO - 65 a 69 años - Hombres,RANGO ETARIO Y SEXO,65 a 69 años,Hombres,,,"['RANGO ETARIO Y SEXO', '65 a 69 años', 'Hombres']",41
P4,B,METAS DE COMPENSACIÓN,P4401017,Personas bajo control con Antecedentes de Ataque Cerebrovascular (ACV) - En tratamiento con Estatina,COL25,AB,28,RANGO ETARIO Y SEXO - 65 a 69 años - Mujeres,RANGO ETARIO Y SEXO,65 a 69 años,Mujeres,,,"['RANGO ETARIO Y SEXO', '65 a 69 años', 'Mujeres']",41
P4,B,METAS DE COMPENSACIÓN,P4401017,Personas bajo control con Antecedentes de Ataque Cerebrovascular (ACV) - En tratamiento con Estatina,COL26,AC,29,RANGO ETARIO Y SEXO - 70 a 74 años - Hombres,RANGO ETARIO Y SEXO,70 a 74 años,Hombres,,,"['RANGO ETARIO Y SEXO', '70 a 74 años', 'Hombres']",41
P4,B,METAS DE COMPENSACIÓN,P4401017,Personas bajo control con Antecedentes de Ataque Cerebrovascular (ACV) - En tratamiento con Estatina,COL27,AD,30,RANGO ETARIO Y SEXO - 70 a 74 años - Mujeres,RANGO ETARIO Y SEXO,70 a 74 años,Mujeres,,,"['RANGO ETARIO Y SEXO', '70 a 74 años', 'Mujeres']",41
P4,B,METAS DE COMPENSACIÓN,P4401017,Personas bajo control con Antecedentes de Ataque Cerebrovascular (ACV) - En tratamiento con Estatina,COL28,AE,31,RANGO ETARIO Y SEXO - 75 a 79 años - Hombres,RANGO ETARIO Y SEXO,75 a 79 años,Hombres,,,"['RANGO ETARIO Y SEXO', '75 a 79 años', 'Hombres']",41
P4,B,METAS DE COMPENSACIÓN,P4401017,Personas bajo control con Antecedentes de Ataque Cerebrovascular (ACV) - En tratamiento con Estatina,COL29,AF,32,RANGO ETARIO Y SEXO - 75 a 79 años - Mujeres,RANGO ETARIO Y SEXO,75 a 79 años,Mujeres,,,"['RANGO ETARIO Y SEXO', '75 a 79 años', 'Mujeres']",41
P4,B,METAS DE COMPENSACIÓN,P4401017,Personas bajo control con Antecedentes de Ataque Cerebrovascular (ACV) - En tratamiento con Estatina,COL30,AG,33,RANGO ETARIO Y SEXO - 80 y más años - Hombres,RANGO ETARIO Y SEXO,80 y más años,Hombres,,,"['RANGO ETARIO Y SEXO', '80 y más años', 'Hombres']",41
P4,B,METAS DE COMPENSACIÓN,P4401017,Personas bajo control con Antecedentes de Ataque Cerebrovascular (ACV) - En tratamiento con Estatina,COL31,AH,34,RANGO ETARIO Y SEXO - 80 y más años - Mujeres,RANGO ETARIO Y SEXO,80 y más años,Mujeres,,,"['RANGO ETARIO Y SEXO', '80 y más años', 'Mujeres']",41
P4,B,METAS DE COMPENSACIÓN,P4401017,Personas bajo control con Antecedentes de Ataque Cerebrovascular (ACV) - En tratamiento con Estatina,COL32,AI,35,Pueblos Originarios - Hombres,Pueblos Originarios,Hombres,,,,"['Pueblos Originarios', 'Hombres']",41
P4,B,METAS DE COMPENSACIÓN,P4401017,Personas bajo control con Antecedentes de Ataque Cerebrovascular (ACV) - En tratamiento con Estatina,COL33,AJ,36,Pueblos Originarios - Mujeres,Pueblos Originarios,Mujeres,,,,"['Pueblos Originarios', 'Mujeres']",41
P4,B,METAS DE COMPENSACIÓN,P4401017,Personas bajo control con Antecedentes de Ataque Cerebrovascular (ACV) - En tratamiento con Estatina,COL34,AK,37,Migrantes - Hombres,Migrantes,Hombres,,,,"['Migrantes', 'Hombres']",41
P4,B,METAS DE COMPENSACIÓN,P4401017,Personas bajo control con Antecedentes de Ataque Cerebrovascular (ACV) - En tratamiento con Estatina,COL35,AL,38,Migrantes - Mujeres,Migrantes,Mujeres,,,,"['Migrantes', 'Mujeres']",41
P4,B,METAS DE COMPENSACIÓN,P4401018,Personas bajo control con Antecedentes de Ataque Cerebrovascular (ACV) - Fumador actual,COL01,D,4,TOTAL - Ambos sexos,TOTAL,Ambos sexos,,,,"['TOTAL', 'Ambos sexos']",42
P4,B,METAS DE COMPENSACIÓN,P4401018,Personas bajo control con Antecedentes de Ataque Cerebrovascular (ACV) - Fumador actual,COL02,E,5,TOTAL - Hombres,TOTAL,Hombres,,,,"['TOTAL', 'Hombres']",42
P4,B,METAS DE COMPENSACIÓN,P4401018,Personas bajo control con Antecedentes de Ataque Cerebrovascular (ACV) - Fumador actual,COL03,F,6,TOTAL - Mujeres,TOTAL,Mujeres,,,,"['TOTAL', 'Mujeres']",42
P4,B,METAS DE COMPENSACIÓN,P4401018,Personas bajo control con Antecedentes de Ataque Cerebrovascular (ACV) - Fumador actual,COL04,G,7,RANGO ETARIO Y SEXO - 15 a 19 años - Hombres,RANGO ETARIO Y SEXO,15 a 19 años,Hombres,,,"['RANGO ETARIO Y SEXO', '15 a 19 años', 'Hombres']",42
P4,B,METAS DE COMPENSACIÓN,P4401018,Personas bajo control con Antecedentes de Ataque Cerebrovascular (ACV) - Fumador actual,COL05,H,8,RANGO ETARIO Y SEXO - 15 a 19 años - Mujeres,RANGO ETARIO Y SEXO,15 a 19 años,Mujeres,,,"['RANGO ETARIO Y SEXO', '15 a 19 años', 'Mujeres']",42
P4,B,METAS DE COMPENSACIÓN,P4401018,Personas bajo control con Antecedentes de Ataque Cerebrovascular (ACV) - Fumador actual,COL06,I,9,RANGO ETARIO Y SEXO - 20 a 24 años - Hombres,RANGO ETARIO Y SEXO,20 a 24 años,Hombres,,,"['RANGO ETARIO Y SEXO', '20 a 24 años', 'Hombres']",42
P4,B,METAS DE COMPENSACIÓN,P4401018,Personas bajo control con Antecedentes de Ataque Cerebrovascular (ACV) - Fumador actual,COL07,J,10,RANGO ETARIO Y SEXO - 20 a 24 años - Mujeres,RANGO ETARIO Y SEXO,20 a 24 años,Mujeres,,,"['RANGO ETARIO Y SEXO', '20 a 24 años', 'Mujeres']",42
P4,B,METAS DE COMPENSACIÓN,P4401018,Personas bajo control con Antecedentes de Ataque Cerebrovascular (ACV) - Fumador actual,COL08,K,11,RANGO ETARIO Y SEXO - 25 a 29 años - Hombres,RANGO ETARIO Y SEXO,25 a 29 años,Hombres,,,"['RANGO ETARIO Y SEXO', '25 a 29 años', 'Hombres']",42
P4,B,METAS DE COMPENSACIÓN,P4401018,Personas bajo control con Antecedentes de Ataque Cerebrovascular (ACV) - Fumador actual,COL09,L,12,RANGO ETARIO Y SEXO - 25 a 29 años - Mujeres,RANGO ETARIO Y SEXO,25 a 29 años,Mujeres,,,"['RANGO ETARIO Y SEXO', '25 a 29 años', 'Mujeres']",42
P4,B,METAS DE COMPENSACIÓN,P4401018,Personas bajo control con Antecedentes de Ataque Cerebrovascular (ACV) - Fumador actual,COL10,M,13,RANGO ETARIO Y SEXO - 30 a 34 años - Hombres,RANGO ETARIO Y SEXO,30 a 34 años,Hombres,,,"['RANGO ETARIO Y SEXO', '30 a 34 años', 'Hombres']",42
P4,B,METAS DE COMPENSACIÓN,P4401018,Personas bajo control con Antecedentes de Ataque Cerebrovascular (ACV) - Fumador actual,COL11,N,14,RANGO ETARIO Y SEXO - 30 a 34 años - Mujeres,RANGO ETARIO Y SEXO,30 a 34 años,Mujeres,,,"['RANGO ETARIO Y SEXO', '30 a 34 años', 'Mujeres']",42
P4,B,METAS DE COMPENSACIÓN,P4401018,Personas bajo control con Antecedentes de Ataque Cerebrovascular (ACV) - Fumador actual,COL12,O,15,RANGO ETARIO Y SEXO - 35 a 39 años - Hombres,RANGO ETARIO Y SEXO,35 a 39 años,Hombres,,,"['RANGO ETARIO Y SEXO', '35 a 39 años', 'Hombres']",42
P4,B,METAS DE COMPENSACIÓN,P4401018,Personas bajo control con Antecedentes de Ataque Cerebrovascular (ACV) - Fumador actual,COL13,P,16,RANGO ETARIO Y SEXO - 35 a 39 años - Mujeres,RANGO ETARIO Y SEXO,35 a 39 años,Mujeres,,,"['RANGO ETARIO Y SEXO', '35 a 39 años', 'Mujeres']",42
P4,B,METAS DE COMPENSACIÓN,P4401018,Personas bajo control con Antecedentes de Ataque Cerebrovascular (ACV) - Fumador actual,COL14,Q,17,RANGO ETARIO Y SEXO - 40 a 44 años - Hombres,RANGO ETARIO Y SEXO,40 a 44 años,Hombres,,,"['RANGO ETARIO Y SEXO', '40 a 44 años', 'Hombres']",42
P4,B,METAS DE COMPENSACIÓN,P4401018,Personas bajo control con Antecedentes de Ataque Cerebrovascular (ACV) - Fumador actual,COL15,R,18,RANGO ETARIO Y SEXO - 40 a 44 años - Mujeres,RANGO ETARIO Y SEXO,40 a 44 años,Mujeres,,,"['RANGO ETARIO Y SEXO', '40 a 44 años', 'Mujeres']",42
P4,B,METAS DE COMPENSACIÓN,P4401018,Personas bajo control con Antecedentes de Ataque Cerebrovascular (ACV) - Fumador actual,COL16,S,19,RANGO ETARIO Y SEXO - 45 a 49 años - Hombres,RANGO ETARIO Y SEXO,45 a 49 años,Hombres,,,"['RANGO ETARIO Y SEXO', '45 a 49 años', 'Hombres']",42
P4,B,METAS DE COMPENSACIÓN,P4401018,Personas bajo control con Antecedentes de Ataque Cerebrovascular (ACV) - Fumador actual,COL17,T,20,RANGO ETARIO Y SEXO - 45 a 49 años - Mujeres,RANGO ETARIO Y SEXO,45 a 49 años,Mujeres,,,"['RANGO ETARIO Y SEXO', '45 a 49 años', 'Mujeres']",42
P4,B,METAS DE COMPENSACIÓN,P4401018,Personas bajo control con Antecedentes de Ataque Cerebrovascular (ACV) - Fumador actual,COL18,U,21,RANGO ETARIO Y SEXO - 50 a 54 años - Hombres,RANGO ETARIO Y SEXO,50 a 54 años,Hombres,,,"['RANGO ETARIO Y SEXO', '50 a 54 años', 'Hombres']",42
P4,B,METAS DE COMPENSACIÓN,P4401018,Personas bajo control con Antecedentes de Ataque Cerebrovascular (ACV) - Fumador actual,COL19,V,22,RANGO ETARIO Y SEXO - 50 a 54 años - Mujeres,RANGO ETARIO Y SEXO,50 a 54 años,Mujeres,,,"['RANGO ETARIO Y SEXO', '50 a 54 años', 'Mujeres']",42
P4,B,METAS DE COMPENSACIÓN,P4401018,Personas bajo control con Antecedentes de Ataque Cerebrovascular (ACV) - Fumador actual,COL20,W,23,RANGO ETARIO Y SEXO - 55 a 59 años - Hombres,RANGO ETARIO Y SEXO,55 a 59 años,Hombres,,,"['RANGO ETARIO Y SEXO', '55 a 59 años', 'Hombres']",42
P4,B,METAS DE COMPENSACIÓN,P4401018,Personas bajo control con Antecedentes de Ataque Cerebrovascular (ACV) - Fumador actual,COL21,X,24,RANGO ETARIO Y SEXO - 55 a 59 años - Mujeres,RANGO ETARIO Y SEXO,55 a 59 años,Mujeres,,,"['RANGO ETARIO Y SEXO', '55 a 59 años', 'Mujeres']",42
P4,B,METAS DE COMPENSACIÓN,P4401018,Personas bajo control con Antecedentes de Ataque Cerebrovascular (ACV) - Fumador actual,COL22,Y,25,RANGO ETARIO Y SEXO - 60 a 64 años - Hombres,RANGO ETARIO Y SEXO,60 a 64 años,Hombres,,,"['RANGO ETARIO Y SEXO', '60 a 64 años', 'Hombres']",42
P4,B,METAS DE COMPENSACIÓN,P4401018,Personas bajo control con Antecedentes de Ataque Cerebrovascular (ACV) - Fumador actual,COL23,Z,26,RANGO ETARIO Y SEXO - 60 a 64 años - Mujeres,RANGO ETARIO Y SEXO,60 a 64 años,Mujeres,,,"['RANGO ETARIO Y SEXO', '60 a 64 años', 'Mujeres']",42
P4,B,METAS DE COMPENSACIÓN,P4401018,Personas bajo control con Antecedentes de Ataque Cerebrovascular (ACV) - Fumador actual,COL24,AA,27,RANGO ETARIO Y SEXO - 65 a 69 años - Hombres,RANGO ETARIO Y SEXO,65 a 69 años,Hombres,,,"['RANGO ETARIO Y SEXO', '65 a 69 años', 'Hombres']",42
P4,B,METAS DE COMPENSACIÓN,P4401018,Personas bajo control con Antecedentes de Ataque Cerebrovascular (ACV) - Fumador actual,COL25,AB,28,RANGO ETARIO Y SEXO - 65 a 69 años - Mujeres,RANGO ETARIO Y SEXO,65 a 69 años,Mujeres,,,"['RANGO ETARIO Y SEXO', '65 a 69 años', 'Mujeres']",42
P4,B,METAS DE COMPENSACIÓN,P4401018,Personas bajo control con Antecedentes de Ataque Cerebrovascular (ACV) - Fumador actual,COL26,AC,29,RANGO ETARIO Y SEXO - 70 a 74 años - Hombres,RANGO ETARIO Y SEXO,70 a 74 años,Hombres,,,"['RANGO ETARIO Y SEXO', '70 a 74 años', 'Hombres']",42
P4,B,METAS DE COMPENSACIÓN,P4401018,Personas bajo control con Antecedentes de Ataque Cerebrovascular (ACV) - Fumador actual,COL27,AD,30,RANGO ETARIO Y SEXO - 70 a 74 años - Mujeres,RANGO ETARIO Y SEXO,70 a 74 años,Mujeres,,,"['RANGO ETARIO Y SEXO', '70 a 74 años', 'Mujeres']",42
P4,B,METAS DE COMPENSACIÓN,P4401018,Personas bajo control con Antecedentes de Ataque Cerebrovascular (ACV) - Fumador actual,COL28,AE,31,RANGO ETARIO Y SEXO - 75 a 79 años - Hombres,RANGO ETARIO Y SEXO,75 a 79 años,Hombres,,,"['RANGO ETARIO Y SEXO', '75 a 79 años', 'Hombres']",42
P4,B,METAS DE COMPENSACIÓN,P4401018,Personas bajo control con Antecedentes de Ataque Cerebrovascular (ACV) - Fumador actual,COL29,AF,32,RANGO ETARIO Y SEXO - 75 a 79 años - Mujeres,RANGO ETARIO Y SEXO,75 a 79 años,Mujeres,,,"['RANGO ETARIO Y SEXO', '75 a 79 años', 'Mujeres']",42
P4,B,METAS DE COMPENSACIÓN,P4401018,Personas bajo control con Antecedentes de Ataque Cerebrovascular (ACV) - Fumador actual,COL30,AG,33,RANGO ETARIO Y SEXO - 80 y más años - Hombres,RANGO ETARIO Y SEXO,80 y más años,Hombres,,,"['RANGO ETARIO Y SEXO', '80 y más años', 'Hombres']",42
P4,B,METAS DE COMPENSACIÓN,P4401018,Personas bajo control con Antecedentes de Ataque Cerebrovascular (ACV) - Fumador actual,COL31,AH,34,RANGO ETARIO Y SEXO - 80 y más años - Mujeres,RANGO ETARIO Y SEXO,80 y más años,Mujeres,,,"['RANGO ETARIO Y SEXO', '80 y más años', 'Mujeres']",42
P4,B,METAS DE COMPENSACIÓN,P4401018,Personas bajo control con Antecedentes de Ataque Cerebrovascular (ACV) - Fumador actual,COL32,AI,35,Pueblos Originarios - Hombres,Pueblos Originarios,Hombres,,,,"['Pueblos Originarios', 'Hombres']",42
P4,B,METAS DE COMPENSACIÓN,P4401018,Personas bajo control con Antecedentes de Ataque Cerebrovascular (ACV) - Fumador actual,COL33,AJ,36,Pueblos Originarios - Mujeres,Pueblos Originarios,Mujeres,,,,"['Pueblos Originarios', 'Mujeres']",42
P4,B,METAS DE COMPENSACIÓN,P4401018,Personas bajo control con Antecedentes de Ataque Cerebrovascular (ACV) - Fumador actual,COL34,AK,37,Migrantes - Hombres,Migrantes,Hombres,,,,"['Migrantes', 'Hombres']",42
P4,B,METAS DE COMPENSACIÓN,P4401018,Personas bajo control con Antecedentes de Ataque Cerebrovascular (ACV) - Fumador actual,COL35,AL,38,Migrantes - Mujeres,Migrantes,Mujeres,,,,"['Migrantes', 'Mujeres']",42
P4,C,VARIABLES DE SEGUIMIENTO DEL PSCV AL CORTE,P4190805,"Con razón albúmina creatinina (RAC), vigente",COL01,D,4,TOTAL - Ambos sexos,TOTAL,Ambos sexos,,,,"['TOTAL', 'Ambos sexos']",48
P4,C,VARIABLES DE SEGUIMIENTO DEL PSCV AL CORTE,P4190805,"Con razón albúmina creatinina (RAC), vigente",COL02,E,5,TOTAL - Hombres,TOTAL,Hombres,,,,"['TOTAL', 'Hombres']",48
P4,C,VARIABLES DE SEGUIMIENTO DEL PSCV AL CORTE,P4190805,"Con razón albúmina creatinina (RAC), vigente",COL03,F,6,TOTAL - Mujeres,TOTAL,Mujeres,,,,"['TOTAL', 'Mujeres']",48
P4,C,VARIABLES DE SEGUIMIENTO DEL PSCV AL CORTE,P4190805,"Con razón albúmina creatinina (RAC), vigente",COL04,G,7,RANGO ETARIO Y SEXO - 15 a 19 años - Hombres,RANGO ETARIO Y SEXO,15 a 19 años,Hombres,,,"['RANGO ETARIO Y SEXO', '15 a 19 años', 'Hombres']",48
P4,C,VARIABLES DE SEGUIMIENTO DEL PSCV AL CORTE,P4190805,"Con razón albúmina creatinina (RAC), vigente",COL05,H,8,RANGO ETARIO Y SEXO - 15 a 19 años - Mujeres,RANGO ETARIO Y SEXO,15 a 19 años,Mujeres,,,"['RANGO ETARIO Y SEXO', '15 a 19 años', 'Mujeres']",48
P4,C,VARIABLES DE SEGUIMIENTO DEL PSCV AL CORTE,P4190805,"Con razón albúmina creatinina (RAC), vigente",COL06,I,9,RANGO ETARIO Y SEXO - 20 a 24 años - Hombres,RANGO ETARIO Y SEXO,20 a 24 años,Hombres,,,"['RANGO ETARIO Y SEXO', '20 a 24 años', 'Hombres']",48
P4,C,VARIABLES DE SEGUIMIENTO DEL PSCV AL CORTE,P4190805,"Con razón albúmina creatinina (RAC), vigente",COL07,J,10,RANGO ETARIO Y SEXO - 20 a 24 años - Mujeres,RANGO ETARIO Y SEXO,20 a 24 años,Mujeres,,,"['RANGO ETARIO Y SEXO', '20 a 24 años', 'Mujeres']",48
P4,C,VARIABLES DE SEGUIMIENTO DEL PSCV AL CORTE,P4190805,"Con razón albúmina creatinina (RAC), vigente",COL08,K,11,RANGO ETARIO Y SEXO - 25 a 29 años - Hombres,RANGO ETARIO Y SEXO,25 a 29 años,Hombres,,,"['RANGO ETARIO Y SEXO', '25 a 29 años', 'Hombres']",48
P4,C,VARIABLES DE SEGUIMIENTO DEL PSCV AL CORTE,P4190805,"Con razón albúmina creatinina (RAC), vigente",COL09,L,12,RANGO ETARIO Y SEXO - 25 a 29 años - Mujeres,RANGO ETARIO Y SEXO,25 a 29 años,Mujeres,,,"['RANGO ETARIO Y SEXO', '25 a 29 años', 'Mujeres']",48
P4,C,VARIABLES DE SEGUIMIENTO DEL PSCV AL CORTE,P4190805,"Con razón albúmina creatinina (RAC), vigente",COL10,M,13,RANGO ETARIO Y SEXO - 30 a 34 años - Hombres,RANGO ETARIO Y SEXO,30 a 34 años,Hombres,,,"['RANGO ETARIO Y SEXO', '30 a 34 años', 'Hombres']",48
P4,C,VARIABLES DE SEGUIMIENTO DEL PSCV AL CORTE,P4190805,"Con razón albúmina creatinina (RAC), vigente",COL11,N,14,RANGO ETARIO Y SEXO - 30 a 34 años - Mujeres,RANGO ETARIO Y SEXO,30 a 34 años,Mujeres,,,"['RANGO ETARIO Y SEXO', '30 a 34 años', 'Mujeres']",48
P4,C,VARIABLES DE SEGUIMIENTO DEL PSCV AL CORTE,P4190805,"Con razón albúmina creatinina (RAC), vigente",COL12,O,15,RANGO ETARIO Y SEXO - 35 a 39 años - Hombres,RANGO ETARIO Y SEXO,35 a 39 años,Hombres,,,"['RANGO ETARIO Y SEXO', '35 a 39 años', 'Hombres']",48
P4,C,VARIABLES DE SEGUIMIENTO DEL PSCV AL CORTE,P4190805,"Con razón albúmina creatinina (RAC), vigente",COL13,P,16,RANGO ETARIO Y SEXO - 35 a 39 años - Mujeres,RANGO ETARIO Y SEXO,35 a 39 años,Mujeres,,,"['RANGO ETARIO Y SEXO', '35 a 39 años', 'Mujeres']",48
P4,C,VARIABLES DE SEGUIMIENTO DEL PSCV AL CORTE,P4190805,"Con razón albúmina creatinina (RAC), vigente",COL14,Q,17,RANGO ETARIO Y SEXO - 40 a 44 años - Hombres,RANGO ETARIO Y SEXO,40 a 44 años,Hombres,,,"['RANGO ETARIO Y SEXO', '40 a 44 años', 'Hombres']",48
P4,C,VARIABLES DE SEGUIMIENTO DEL PSCV AL CORTE,P4190805,"Con razón albúmina creatinina (RAC), vigente",COL15,R,18,RANGO ETARIO Y SEXO - 40 a 44 años - Mujeres,RANGO ETARIO Y SEXO,40 a 44 años,Mujeres,,,"['RANGO ETARIO Y SEXO', '40 a 44 años', 'Mujeres']",48
P4,C,VARIABLES DE SEGUIMIENTO DEL PSCV AL CORTE,P4190805,"Con razón albúmina creatinina (RAC), vigente",COL16,S,19,RANGO ETARIO Y SEXO - 45 a 49 años - Hombres,RANGO ETARIO Y SEXO,45 a 49 años,Hombres,,,"['RANGO ETARIO Y SEXO', '45 a 49 años', 'Hombres']",48
P4,C,VARIABLES DE SEGUIMIENTO DEL PSCV AL CORTE,P4190805,"Con razón albúmina creatinina (RAC), vigente",COL17,T,20,RANGO ETARIO Y SEXO - 45 a 49 años - Mujeres,RANGO ETARIO Y SEXO,45 a 49 años,Mujeres,,,"['RANGO ETARIO Y SEXO', '45 a 49 años', 'Mujeres']",48
P4,C,VARIABLES DE SEGUIMIENTO DEL PSCV AL CORTE,P4190805,"Con razón albúmina creatinina (RAC), vigente",COL18,U,21,RANGO ETARIO Y SEXO - 50 a 54 años - Hombres,RANGO ETARIO Y SEXO,50 a 54 años,Hombres,,,"['RANGO ETARIO Y SEXO', '50 a 54 años', 'Hombres']",48
P4,C,VARIABLES DE SEGUIMIENTO DEL PSCV AL CORTE,P4190805,"Con razón albúmina creatinina (RAC), vigente",COL19,V,22,RANGO ETARIO Y SEXO - 50 a 54 años - Mujeres,RANGO ETARIO Y SEXO,50 a 54 años,Mujeres,,,"['RANGO ETARIO Y SEXO', '50 a 54 años', 'Mujeres']",48
P4,C,VARIABLES DE SEGUIMIENTO DEL PSCV AL CORTE,P4190805,"Con razón albúmina creatinina (RAC), vigente",COL20,W,23,RANGO ETARIO Y SEXO - 55 a 59 años - Hombres,RANGO ETARIO Y SEXO,55 a 59 años,Hombres,,,"['RANGO ETARIO Y SEXO', '55 a 59 años', 'Hombres']",48
P4,C,VARIABLES DE SEGUIMIENTO DEL PSCV AL CORTE,P4190805,"Con razón albúmina creatinina (RAC), vigente",COL21,X,24,RANGO ETARIO Y SEXO - 55 a 59 años - Mujeres,RANGO ETARIO Y SEXO,55 a 59 años,Mujeres,,,"['RANGO ETARIO Y SEXO', '55 a 59 años', 'Mujeres']",48
P4,C,VARIABLES DE SEGUIMIENTO DEL PSCV AL CORTE,P4190805,"Con razón albúmina creatinina (RAC), vigente",COL22,Y,25,RANGO ETARIO Y SEXO - 60 a 64 años - Hombres,RANGO ETARIO Y SEXO,60 a 64 años,Hombres,,,"['RANGO ETARIO Y SEXO', '60 a 64 años', 'Hombres']",48
P4,C,VARIABLES DE SEGUIMIENTO DEL PSCV AL CORTE,P4190805,"Con razón albúmina creatinina (RAC), vigente",COL23,Z,26,RANGO ETARIO Y SEXO - 60 a 64 años - Mujeres,RANGO ETARIO Y SEXO,60 a 64 años,Mujeres,,,"['RANGO ETARIO Y SEXO', '60 a 64 años', 'Mujeres']",48
P4,C,VARIABLES DE SEGUIMIENTO DEL PSCV AL CORTE,P4190805,"Con razón albúmina creatinina (RAC), vigente",COL24,AA,27,RANGO ETARIO Y SEXO - 65 a 69 años - Hombres,RANGO ETARIO Y SEXO,65 a 69 años,Hombres,,,"['RANGO ETARIO Y SEXO', '65 a 69 años', 'Hombres']",48
P4,C,VARIABLES DE SEGUIMIENTO DEL PSCV AL CORTE,P4190805,"Con razón albúmina creatinina (RAC), vigente",COL25,AB,28,RANGO ETARIO Y SEXO - 65 a 69 años - Mujeres,RANGO ETARIO Y SEXO,65 a 69 años,Mujeres,,,"['RANGO ETARIO Y SEXO', '65 a 69 años', 'Mujeres']",48
P4,C,VARIABLES DE SEGUIMIENTO DEL PSCV AL CORTE,P4190805,"Con razón albúmina creatinina (RAC), vigente",COL26,AC,29,RANGO ETARIO Y SEXO - 70 a 74 años - Hombres,RANGO ETARIO Y SEXO,70 a 74 años,Hombres,,,"['RANGO ETARIO Y SEXO', '70 a 74 años', 'Hombres']",48
P4,C,VARIABLES DE SEGUIMIENTO DEL PSCV AL CORTE,P4190805,"Con razón albúmina creatinina (RAC), vigente",COL27,AD,30,RANGO ETARIO Y SEXO - 70 a 74 años - Mujeres,RANGO ETARIO Y SEXO,70 a 74 años,Mujeres,,,"['RANGO ETARIO Y SEXO', '70 a 74 años', 'Mujeres']",48
P4,C,VARIABLES DE SEGUIMIENTO DEL PSCV AL CORTE,P4190805,"Con razón albúmina creatinina (RAC), vigente",COL28,AE,31,RANGO ETARIO Y SEXO - 75 a 79 años - Hombres,RANGO ETARIO Y SEXO,75 a 79 años,Hombres,,,"['RANGO ETARIO Y SEXO', '75 a 79 años', 'Hombres']",48
P4,C,VARIABLES DE SEGUIMIENTO DEL PSCV AL CORTE,P4190805,"Con razón albúmina creatinina (RAC), vigente",COL29,AF,32,RANGO ETARIO Y SEXO - 75 a 79 años - Mujeres,RANGO ETARIO Y SEXO,75 a 79 años,Mujeres,,,"['RANGO ETARIO Y SEXO', '75 a 79 años', 'Mujeres']",48
P4,C,VARIABLES DE SEGUIMIENTO DEL PSCV AL CORTE,P4190805,"Con razón albúmina creatinina (RAC), vigente",COL30,AG,33,RANGO ETARIO Y SEXO - 80 y más años - Hombres,RANGO ETARIO Y SEXO,80 y más años,Hombres,,,"['RANGO ETARIO Y SEXO', '80 y más años', 'Hombres']",48
P4,C,VARIABLES DE SEGUIMIENTO DEL PSCV AL CORTE,P4190805,"Con razón albúmina creatinina (RAC), vigente",COL31,AH,34,RANGO ETARIO Y SEXO - 80 y más años - Mujeres,RANGO ETARIO Y SEXO,80 y más años,Mujeres,,,"['RANGO ETARIO Y SEXO', '80 y más años', 'Mujeres']",48
P4,C,VARIABLES DE SEGUIMIENTO DEL PSCV AL CORTE,P4190805,"Con razón albúmina creatinina (RAC), vigente",COL32,AI,35,Pueblos Originarios - Hombres,Pueblos Originarios,Hombres,,,,"['Pueblos Originarios', 'Hombres']",48
P4,C,VARIABLES DE SEGUIMIENTO DEL PSCV AL CORTE,P4190805,"Con razón albúmina creatinina (RAC), vigente",COL33,AJ,36,Pueblos Originarios - Mujeres,Pueblos Originarios,Mujeres,,,,"['Pueblos Originarios', 'Mujeres']",48
P4,C,VARIABLES DE SEGUIMIENTO DEL PSCV AL CORTE,P4190805,"Con razón albúmina creatinina (RAC), vigente",COL34,AK,37,Migrantes - Hombres,Migrantes,Hombres,,,,"['Migrantes', 'Hombres']",48
P4,C,VARIABLES DE SEGUIMIENTO DEL PSCV AL CORTE,P4190805,"Con razón albúmina creatinina (RAC), vigente",COL35,AL,38,Migrantes - Mujeres,Migrantes,Mujeres,,,,"['Migrantes', 'Mujeres']",48
P4,C,VARIABLES DE SEGUIMIENTO DEL PSCV AL CORTE,P4190806,"Con velocidad de filtración glomerular estimada (VFG), vigente",COL01,D,4,TOTAL - Ambos sexos,TOTAL,Ambos sexos,,,,"['TOTAL', 'Ambos sexos']",49
P4,C,VARIABLES DE SEGUIMIENTO DEL PSCV AL CORTE,P4190806,"Con velocidad de filtración glomerular estimada (VFG), vigente",COL02,E,5,TOTAL - Hombres,TOTAL,Hombres,,,,"['TOTAL', 'Hombres']",49
P4,C,VARIABLES DE SEGUIMIENTO DEL PSCV AL CORTE,P4190806,"Con velocidad de filtración glomerular estimada (VFG), vigente",COL03,F,6,TOTAL - Mujeres,TOTAL,Mujeres,,,,"['TOTAL', 'Mujeres']",49
P4,C,VARIABLES DE SEGUIMIENTO DEL PSCV AL CORTE,P4190806,"Con velocidad de filtración glomerular estimada (VFG), vigente",COL04,G,7,RANGO ETARIO Y SEXO - 15 a 19 años - Hombres,RANGO ETARIO Y SEXO,15 a 19 años,Hombres,,,"['RANGO ETARIO Y SEXO', '15 a 19 años', 'Hombres']",49
P4,C,VARIABLES DE SEGUIMIENTO DEL PSCV AL CORTE,P4190806,"Con velocidad de filtración glomerular estimada (VFG), vigente",COL05,H,8,RANGO ETARIO Y SEXO - 15 a 19 años - Mujeres,RANGO ETARIO Y SEXO,15 a 19 años,Mujeres,,,"['RANGO ETARIO Y SEXO', '15 a 19 años', 'Mujeres']",49
P4,C,VARIABLES DE SEGUIMIENTO DEL PSCV AL CORTE,P4190806,"Con velocidad de filtración glomerular estimada (VFG), vigente",COL06,I,9,RANGO ETARIO Y SEXO - 20 a 24 años - Hombres,RANGO ETARIO Y SEXO,20 a 24 años,Hombres,,,"['RANGO ETARIO Y SEXO', '20 a 24 años', 'Hombres']",49
P4,C,VARIABLES DE SEGUIMIENTO DEL PSCV AL CORTE,P4190806,"Con velocidad de filtración glomerular estimada (VFG), vigente",COL07,J,10,RANGO ETARIO Y SEXO - 20 a 24 años - Mujeres,RANGO ETARIO Y SEXO,20 a 24 años,Mujeres,,,"['RANGO ETARIO Y SEXO', '20 a 24 años', 'Mujeres']",49
P4,C,VARIABLES DE SEGUIMIENTO DEL PSCV AL CORTE,P4190806,"Con velocidad de filtración glomerular estimada (VFG), vigente",COL08,K,11,RANGO ETARIO Y SEXO - 25 a 29 años - Hombres,RANGO ETARIO Y SEXO,25 a 29 años,Hombres,,,"['RANGO ETARIO Y SEXO', '25 a 29 años', 'Hombres']",49
P4,C,VARIABLES DE SEGUIMIENTO DEL PSCV AL CORTE,P4190806,"Con velocidad de filtración glomerular estimada (VFG), vigente",COL09,L,12,RANGO ETARIO Y SEXO - 25 a 29 años - Mujeres,RANGO ETARIO Y SEXO,25 a 29 años,Mujeres,,,"['RANGO ETARIO Y SEXO', '25 a 29 años', 'Mujeres']",49
P4,C,VARIABLES DE SEGUIMIENTO DEL PSCV AL CORTE,P4190806,"Con velocidad de filtración glomerular estimada (VFG), vigente",COL10,M,13,RANGO ETARIO Y SEXO - 30 a 34 años - Hombres,RANGO ETARIO Y SEXO,30 a 34 años,Hombres,,,"['RANGO ETARIO Y SEXO', '30 a 34 años', 'Hombres']",49
P4,C,VARIABLES DE SEGUIMIENTO DEL PSCV AL CORTE,P4190806,"Con velocidad de filtración glomerular estimada (VFG), vigente",COL11,N,14,RANGO ETARIO Y SEXO - 30 a 34 años - Mujeres,RANGO ETARIO Y SEXO,30 a 34 años,Mujeres,,,"['RANGO ETARIO Y SEXO', '30 a 34 años', 'Mujeres']",49
P4,C,VARIABLES DE SEGUIMIENTO DEL PSCV AL CORTE,P4190806,"Con velocidad de filtración glomerular estimada (VFG), vigente",COL12,O,15,RANGO ETARIO Y SEXO - 35 a 39 años - Hombres,RANGO ETARIO Y SEXO,35 a 39 años,Hombres,,,"['RANGO ETARIO Y SEXO', '35 a 39 años', 'Hombres']",49
P4,C,VARIABLES DE SEGUIMIENTO DEL PSCV AL CORTE,P4190806,"Con velocidad de filtración glomerular estimada (VFG), vigente",COL13,P,16,RANGO ETARIO Y SEXO - 35 a 39 años - Mujeres,RANGO ETARIO Y SEXO,35 a 39 años,Mujeres,,,"['RANGO ETARIO Y SEXO', '35 a 39 años', 'Mujeres']",49
P4,C,VARIABLES DE SEGUIMIENTO DEL PSCV AL CORTE,P4190806,"Con velocidad de filtración glomerular estimada (VFG), vigente",COL14,Q,17,RANGO ETARIO Y SEXO - 40 a 44 años - Hombres,RANGO ETARIO Y SEXO,40 a 44 años,Hombres,,,"['RANGO ETARIO Y SEXO', '40 a 44 años', 'Hombres']",49
P4,C,VARIABLES DE SEGUIMIENTO DEL PSCV AL CORTE,P4190806,"Con velocidad de filtración glomerular estimada (VFG), vigente",COL15,R,18,RANGO ETARIO Y SEXO - 40 a 44 años - Mujeres,RANGO ETARIO Y SEXO,40 a 44 años,Mujeres,,,"['RANGO ETARIO Y SEXO', '40 a 44 años', 'Mujeres']",49
P4,C,VARIABLES DE SEGUIMIENTO DEL PSCV AL CORTE,P4190806,"Con velocidad de filtración glomerular estimada (VFG), vigente",COL16,S,19,RANGO ETARIO Y SEXO - 45 a 49 años - Hombres,RANGO ETARIO Y SEXO,45 a 49 años,Hombres,,,"['RANGO ETARIO Y SEXO', '45 a 49 años', 'Hombres']",49
P4,C,VARIABLES DE SEGUIMIENTO DEL PSCV AL CORTE,P4190806,"Con velocidad de filtración glomerular estimada (VFG), vigente",COL17,T,20,RANGO ETARIO Y SEXO - 45 a 49 años - Mujeres,RANGO ETARIO Y SEXO,45 a 49 años,Mujeres,,,"['RANGO ETARIO Y SEXO', '45 a 49 años', 'Mujeres']",49
P4,C,VARIABLES DE SEGUIMIENTO DEL PSCV AL CORTE,P4190806,"Con velocidad de filtración glomerular estimada (VFG), vigente",COL18,U,21,RANGO ETARIO Y SEXO - 50 a 54 años - Hombres,RANGO ETARIO Y SEXO,50 a 54 años,Hombres,,,"['RANGO ETARIO Y SEXO', '50 a 54 años', 'Hombres']",49
P4,C,VARIABLES DE SEGUIMIENTO DEL PSCV AL CORTE,P4190806,"Con velocidad de filtración glomerular estimada (VFG), vigente",COL19,V,22,RANGO ETARIO Y SEXO - 50 a 54 años - Mujeres,RANGO ETARIO Y SEXO,50 a 54 años,Mujeres,,,"['RANGO ETARIO Y SEXO', '50 a 54 años', 'Mujeres']",49
P4,C,VARIABLES DE SEGUIMIENTO DEL PSCV AL CORTE,P4190806,"Con velocidad de filtración glomerular estimada (VFG), vigente",COL20,W,23,RANGO ETARIO Y SEXO - 55 a 59 años - Hombres,RANGO ETARIO Y SEXO,55 a 59 años,Hombres,,,"['RANGO ETARIO Y SEXO', '55 a 59 años', 'Hombres']",49
P4,C,VARIABLES DE SEGUIMIENTO DEL PSCV AL CORTE,P4190806,"Con velocidad de filtración glomerular estimada (VFG), vigente",COL21,X,24,RANGO ETARIO Y SEXO - 55 a 59 años - Mujeres,RANGO ETARIO Y SEXO,55 a 59 años,Mujeres,,,"['RANGO ETARIO Y SEXO', '55 a 59 años', 'Mujeres']",49
P4,C,VARIABLES DE SEGUIMIENTO DEL PSCV AL CORTE,P4190806,"Con velocidad de filtración glomerular estimada (VFG), vigente",COL22,Y,25,RANGO ETARIO Y SEXO - 60 a 64 años - Hombres,RANGO ETARIO Y SEXO,60 a 64 años,Hombres,,,"['RANGO ETARIO Y SEXO', '60 a 64 años', 'Hombres']",49
P4,C,VARIABLES DE SEGUIMIENTO DEL PSCV AL CORTE,P4190806,"Con velocidad de filtración glomerular estimada (VFG), vigente",COL23,Z,26,RANGO ETARIO Y SEXO - 60 a 64 años - Mujeres,RANGO ETARIO Y SEXO,60 a 64 años,Mujeres,,,"['RANGO ETARIO Y SEXO', '60 a 64 años', 'Mujeres']",49
P4,C,VARIABLES DE SEGUIMIENTO DEL PSCV AL CORTE,P4190806,"Con velocidad de filtración glomerular estimada (VFG), vigente",COL24,AA,27,RANGO ETARIO Y SEXO - 65 a 69 años - Hombres,RANGO ETARIO Y SEXO,65 a 69 años,Hombres,,,"['RANGO ETARIO Y SEXO', '65 a 69 años', 'Hombres']",49
P4,C,VARIABLES DE SEGUIMIENTO DEL PSCV AL CORTE,P4190806,"Con velocidad de filtración glomerular estimada (VFG), vigente",COL25,AB,28,RANGO ETARIO Y SEXO - 65 a 69 años - Mujeres,RANGO ETARIO Y SEXO,65 a 69 años,Mujeres,,,"['RANGO ETARIO Y SEXO', '65 a 69 años', 'Mujeres']",49
P4,C,VARIABLES DE SEGUIMIENTO DEL PSCV AL CORTE,P4190806,"Con velocidad de filtración glomerular estimada (VFG), vigente",COL26,AC,29,RANGO ETARIO Y SEXO - 70 a 74 años - Hombres,RANGO ETARIO Y SEXO,70 a 74 años,Hombres,,,"['RANGO ETARIO Y SEXO', '70 a 74 años', 'Hombres']",49
P4,C,VARIABLES DE SEGUIMIENTO DEL PSCV AL CORTE,P4190806,"Con velocidad de filtración glomerular estimada (VFG), vigente",COL27,AD,30,RANGO ETARIO Y SEXO - 70 a 74 años - Mujeres,RANGO ETARIO Y SEXO,70 a 74 años,Mujeres,,,"['RANGO ETARIO Y SEXO', '70 a 74 años', 'Mujeres']",49
P4,C,VARIABLES DE SEGUIMIENTO DEL PSCV AL CORTE,P4190806,"Con velocidad de filtración glomerular estimada (VFG), vigente",COL28,AE,31,RANGO ETARIO Y SEXO - 75 a 79 años - Hombres,RANGO ETARIO Y SEXO,75 a 79 años,Hombres,,,"['RANGO ETARIO Y SEXO', '75 a 79 años', 'Hombres']",49
P4,C,VARIABLES DE SEGUIMIENTO DEL PSCV AL CORTE,P4190806,"Con velocidad de filtración glomerular estimada (VFG), vigente",COL29,AF,32,RANGO ETARIO Y SEXO - 75 a 79 años - Mujeres,RANGO ETARIO Y SEXO,75 a 79 años,Mujeres,,,"['RANGO ETARIO Y SEXO', '75 a 79 años', 'Mujeres']",49
P4,C,VARIABLES DE SEGUIMIENTO DEL PSCV AL CORTE,P4190806,"Con velocidad de filtración glomerular estimada (VFG), vigente",COL30,AG,33,RANGO ETARIO Y SEXO - 80 y más años - Hombres,RANGO ETARIO Y SEXO,80 y más años,Hombres,,,"['RANGO ETARIO Y SEXO', '80 y más años', 'Hombres']",49
P4,C,VARIABLES DE SEGUIMIENTO DEL PSCV AL CORTE,P4190806,"Con velocidad de filtración glomerular estimada (VFG), vigente",COL31,AH,34,RANGO ETARIO Y SEXO - 80 y más años - Mujeres,RANGO ETARIO Y SEXO,80 y más años,Mujeres,,,"['RANGO ETARIO Y SEXO', '80 y más años', 'Mujeres']",49
P4,C,VARIABLES DE SEGUIMIENTO DEL PSCV AL CORTE,P4190806,"Con velocidad de filtración glomerular estimada (VFG), vigente",COL32,AI,35,Pueblos Originarios - Hombres,Pueblos Originarios,Hombres,,,,"['Pueblos Originarios', 'Hombres']",49
P4,C,VARIABLES DE SEGUIMIENTO DEL PSCV AL CORTE,P4190806,"Con velocidad de filtración glomerular estimada (VFG), vigente",COL33,AJ,36,Pueblos Originarios - Mujeres,Pueblos Originarios,Mujeres,,,,"['Pueblos Originarios', 'Mujeres']",49
P4,C,VARIABLES DE SEGUIMIENTO DEL PSCV AL CORTE,P4190806,"Con velocidad de filtración glomerular estimada (VFG), vigente",COL34,AK,37,Migrantes - Hombres,Migrantes,Hombres,,,,"['Migrantes', 'Hombres']",49
P4,C,VARIABLES DE SEGUIMIENTO DEL PSCV AL CORTE,P4190806,"Con velocidad de filtración glomerular estimada (VFG), vigente",COL35,AL,38,Migrantes - Mujeres,Migrantes,Mujeres,,,,"['Migrantes', 'Mujeres']",49
P4,C,VARIABLES DE SEGUIMIENTO DEL PSCV AL CORTE,P4301040,Con velocidad de filtración glomerular estimada (VFGE) y con razón albúmina creatinina (RAC) vigente,COL01,D,4,TOTAL - Ambos sexos,TOTAL,Ambos sexos,,,,"['TOTAL', 'Ambos sexos']",50
P4,C,VARIABLES DE SEGUIMIENTO DEL PSCV AL CORTE,P4301040,Con velocidad de filtración glomerular estimada (VFGE) y con razón albúmina creatinina (RAC) vigente,COL02,E,5,TOTAL - Hombres,TOTAL,Hombres,,,,"['TOTAL', 'Hombres']",50
P4,C,VARIABLES DE SEGUIMIENTO DEL PSCV AL CORTE,P4301040,Con velocidad de filtración glomerular estimada (VFGE) y con razón albúmina creatinina (RAC) vigente,COL03,F,6,TOTAL - Mujeres,TOTAL,Mujeres,,,,"['TOTAL', 'Mujeres']",50
P4,C,VARIABLES DE SEGUIMIENTO DEL PSCV AL CORTE,P4301040,Con velocidad de filtración glomerular estimada (VFGE) y con razón albúmina creatinina (RAC) vigente,COL04,G,7,RANGO ETARIO Y SEXO - 15 a 19 años - Hombres,RANGO ETARIO Y SEXO,15 a 19 años,Hombres,,,"['RANGO ETARIO Y SEXO', '15 a 19 años', 'Hombres']",50
P4,C,VARIABLES DE SEGUIMIENTO DEL PSCV AL CORTE,P4301040,Con velocidad de filtración glomerular estimada (VFGE) y con razón albúmina creatinina (RAC) vigente,COL05,H,8,RANGO ETARIO Y SEXO - 15 a 19 años - Mujeres,RANGO ETARIO Y SEXO,15 a 19 años,Mujeres,,,"['RANGO ETARIO Y SEXO', '15 a 19 años', 'Mujeres']",50
P4,C,VARIABLES DE SEGUIMIENTO DEL PSCV AL CORTE,P4301040,Con velocidad de filtración glomerular estimada (VFGE) y con razón albúmina creatinina (RAC) vigente,COL06,I,9,RANGO ETARIO Y SEXO - 20 a 24 años - Hombres,RANGO ETARIO Y SEXO,20 a 24 años,Hombres,,,"['RANGO ETARIO Y SEXO', '20 a 24 años', 'Hombres']",50
P4,C,VARIABLES DE SEGUIMIENTO DEL PSCV AL CORTE,P4301040,Con velocidad de filtración glomerular estimada (VFGE) y con razón albúmina creatinina (RAC) vigente,COL07,J,10,RANGO ETARIO Y SEXO - 20 a 24 años - Mujeres,RANGO ETARIO Y SEXO,20 a 24 años,Mujeres,,,"['RANGO ETARIO Y SEXO', '20 a 24 años', 'Mujeres']",50
P4,C,VARIABLES DE SEGUIMIENTO DEL PSCV AL CORTE,P4301040,Con velocidad de filtración glomerular estimada (VFGE) y con razón albúmina creatinina (RAC) vigente,COL08,K,11,RANGO ETARIO Y SEXO - 25 a 29 años - Hombres,RANGO ETARIO Y SEXO,25 a 29 años,Hombres,,,"['RANGO ETARIO Y SEXO', '25 a 29 años', 'Hombres']",50
P4,C,VARIABLES DE SEGUIMIENTO DEL PSCV AL CORTE,P4301040,Con velocidad de filtración glomerular estimada (VFGE) y con razón albúmina creatinina (RAC) vigente,COL09,L,12,RANGO ETARIO Y SEXO - 25 a 29 años - Mujeres,RANGO ETARIO Y SEXO,25 a 29 años,Mujeres,,,"['RANGO ETARIO Y SEXO', '25 a 29 años', 'Mujeres']",50
P4,C,VARIABLES DE SEGUIMIENTO DEL PSCV AL CORTE,P4301040,Con velocidad de filtración glomerular estimada (VFGE) y con razón albúmina creatinina (RAC) vigente,COL10,M,13,RANGO ETARIO Y SEXO - 30 a 34 años - Hombres,RANGO ETARIO Y SEXO,30 a 34 años,Hombres,,,"['RANGO ETARIO Y SEXO', '30 a 34 años', 'Hombres']",50
P4,C,VARIABLES DE SEGUIMIENTO DEL PSCV AL CORTE,P4301040,Con velocidad de filtración glomerular estimada (VFGE) y con razón albúmina creatinina (RAC) vigente,COL11,N,14,RANGO ETARIO Y SEXO - 30 a 34 años - Mujeres,RANGO ETARIO Y SEXO,30 a 34 años,Mujeres,,,"['RANGO ETARIO Y SEXO', '30 a 34 años', 'Mujeres']",50
P4,C,VARIABLES DE SEGUIMIENTO DEL PSCV AL CORTE,P4301040,Con velocidad de filtración glomerular estimada (VFGE) y con razón albúmina creatinina (RAC) vigente,COL12,O,15,RANGO ETARIO Y SEXO - 35 a 39 años - Hombres,RANGO ETARIO Y SEXO,35 a 39 años,Hombres,,,"['RANGO ETARIO Y SEXO', '35 a 39 años', 'Hombres']",50
P4,C,VARIABLES DE SEGUIMIENTO DEL PSCV AL CORTE,P4301040,Con velocidad de filtración glomerular estimada (VFGE) y con razón albúmina creatinina (RAC) vigente,COL13,P,16,RANGO ETARIO Y SEXO - 35 a 39 años - Mujeres,RANGO ETARIO Y SEXO,35 a 39 años,Mujeres,,,"['RANGO ETARIO Y SEXO', '35 a 39 años', 'Mujeres']",50
P4,C,VARIABLES DE SEGUIMIENTO DEL PSCV AL CORTE,P4301040,Con velocidad de filtración glomerular estimada (VFGE) y con razón albúmina creatinina (RAC) vigente,COL14,Q,17,RANGO ETARIO Y SEXO - 40 a 44 años - Hombres,RANGO ETARIO Y SEXO,40 a 44 años,Hombres,,,"['RANGO ETARIO Y SEXO', '40 a 44 años', 'Hombres']",50
P4,C,VARIABLES DE SEGUIMIENTO DEL PSCV AL CORTE,P4301040,Con velocidad de filtración glomerular estimada (VFGE) y con razón albúmina creatinina (RAC) vigente,COL15,R,18,RANGO ETARIO Y SEXO - 40 a 44 años - Mujeres,RANGO ETARIO Y SEXO,40 a 44 años,Mujeres,,,"['RANGO ETARIO Y SEXO', '40 a 44 años', 'Mujeres']",50
P4,C,VARIABLES DE SEGUIMIENTO DEL PSCV AL CORTE,P4301040,Con velocidad de filtración glomerular estimada (VFGE) y con razón albúmina creatinina (RAC) vigente,COL16,S,19,RANGO ETARIO Y SEXO - 45 a 49 años - Hombres,RANGO ETARIO Y SEXO,45 a 49 años,Hombres,,,"['RANGO ETARIO Y SEXO', '45 a 49 años', 'Hombres']",50
P4,C,VARIABLES DE SEGUIMIENTO DEL PSCV AL CORTE,P4301040,Con velocidad de filtración glomerular estimada (VFGE) y con razón albúmina creatinina (RAC) vigente,COL17,T,20,RANGO ETARIO Y SEXO - 45 a 49 años - Mujeres,RANGO ETARIO Y SEXO,45 a 49 años,Mujeres,,,"['RANGO ETARIO Y SEXO', '45 a 49 años', 'Mujeres']",50
P4,C,VARIABLES DE SEGUIMIENTO DEL PSCV AL CORTE,P4301040,Con velocidad de filtración glomerular estimada (VFGE) y con razón albúmina creatinina (RAC) vigente,COL18,U,21,RANGO ETARIO Y SEXO - 50 a 54 años - Hombres,RANGO ETARIO Y SEXO,50 a 54 años,Hombres,,,"['RANGO ETARIO Y SEXO', '50 a 54 años', 'Hombres']",50
P4,C,VARIABLES DE SEGUIMIENTO DEL PSCV AL CORTE,P4301040,Con velocidad de filtración glomerular estimada (VFGE) y con razón albúmina creatinina (RAC) vigente,COL19,V,22,RANGO ETARIO Y SEXO - 50 a 54 años - Mujeres,RANGO ETARIO Y SEXO,50 a 54 años,Mujeres,,,"['RANGO ETARIO Y SEXO', '50 a 54 años', 'Mujeres']",50
P4,C,VARIABLES DE SEGUIMIENTO DEL PSCV AL CORTE,P4301040,Con velocidad de filtración glomerular estimada (VFGE) y con razón albúmina creatinina (RAC) vigente,COL20,W,23,RANGO ETARIO Y SEXO - 55 a 59 años - Hombres,RANGO ETARIO Y SEXO,55 a 59 años,Hombres,,,"['RANGO ETARIO Y SEXO', '55 a 59 años', 'Hombres']",50
P4,C,VARIABLES DE SEGUIMIENTO DEL PSCV AL CORTE,P4301040,Con velocidad de filtración glomerular estimada (VFGE) y con razón albúmina creatinina (RAC) vigente,COL21,X,24,RANGO ETARIO Y SEXO - 55 a 59 años - Mujeres,RANGO ETARIO Y SEXO,55 a 59 años,Mujeres,,,"['RANGO ETARIO Y SEXO', '55 a 59 años', 'Mujeres']",50
P4,C,VARIABLES DE SEGUIMIENTO DEL PSCV AL CORTE,P4301040,Con velocidad de filtración glomerular estimada (VFGE) y con razón albúmina creatinina (RAC) vigente,COL22,Y,25,RANGO ETARIO Y SEXO - 60 a 64 años - Hombres,RANGO ETARIO Y SEXO,60 a 64 años,Hombres,,,"['RANGO ETARIO Y SEXO', '60 a 64 años', 'Hombres']",50
P4,C,VARIABLES DE SEGUIMIENTO DEL PSCV AL CORTE,P4301040,Con velocidad de filtración glomerular estimada (VFGE) y con razón albúmina creatinina (RAC) vigente,COL23,Z,26,RANGO ETARIO Y SEXO - 60 a 64 años - Mujeres,RANGO ETARIO Y SEXO,60 a 64 años,Mujeres,,,"['RANGO ETARIO Y SEXO', '60 a 64 años', 'Mujeres']",50
P4,C,VARIABLES DE SEGUIMIENTO DEL PSCV AL CORTE,P4301040,Con velocidad de filtración glomerular estimada (VFGE) y con razón albúmina creatinina (RAC) vigente,COL24,AA,27,RANGO ETARIO Y SEXO - 65 a 69 años - Hombres,RANGO ETARIO Y SEXO,65 a 69 años,Hombres,,,"['RANGO ETARIO Y SEXO', '65 a 69 años', 'Hombres']",50
P4,C,VARIABLES DE SEGUIMIENTO DEL PSCV AL CORTE,P4301040,Con velocidad de filtración glomerular estimada (VFGE) y con razón albúmina creatinina (RAC) vigente,COL25,AB,28,RANGO ETARIO Y SEXO - 65 a 69 años - Mujeres,RANGO ETARIO Y SEXO,65 a 69 años,Mujeres,,,"['RANGO ETARIO Y SEXO', '65 a 69 años', 'Mujeres']",50
P4,C,VARIABLES DE SEGUIMIENTO DEL PSCV AL CORTE,P4301040,Con velocidad de filtración glomerular estimada (VFGE) y con razón albúmina creatinina (RAC) vigente,COL26,AC,29,RANGO ETARIO Y SEXO - 70 a 74 años - Hombres,RANGO ETARIO Y SEXO,70 a 74 años,Hombres,,,"['RANGO ETARIO Y SEXO', '70 a 74 años', 'Hombres']",50
P4,C,VARIABLES DE SEGUIMIENTO DEL PSCV AL CORTE,P4301040,Con velocidad de filtración glomerular estimada (VFGE) y con razón albúmina creatinina (RAC) vigente,COL27,AD,30,RANGO ETARIO Y SEXO - 70 a 74 años - Mujeres,RANGO ETARIO Y SEXO,70 a 74 años,Mujeres,,,"['RANGO ETARIO Y SEXO', '70 a 74 años', 'Mujeres']",50
P4,C,VARIABLES DE SEGUIMIENTO DEL PSCV AL CORTE,P4301040,Con velocidad de filtración glomerular estimada (VFGE) y con razón albúmina creatinina (RAC) vigente,COL28,AE,31,RANGO ETARIO Y SEXO - 75 a 79 años - Hombres,RANGO ETARIO Y SEXO,75 a 79 años,Hombres,,,"['RANGO ETARIO Y SEXO', '75 a 79 años', 'Hombres']",50
P4,C,VARIABLES DE SEGUIMIENTO DEL PSCV AL CORTE,P4301040,Con velocidad de filtración glomerular estimada (VFGE) y con razón albúmina creatinina (RAC) vigente,COL29,AF,32,RANGO ETARIO Y SEXO - 75 a 79 años - Mujeres,RANGO ETARIO Y SEXO,75 a 79 años,Mujeres,,,"['RANGO ETARIO Y SEXO', '75 a 79 años', 'Mujeres']",50
P4,C,VARIABLES DE SEGUIMIENTO DEL PSCV AL CORTE,P4301040,Con velocidad de filtración glomerular estimada (VFGE) y con razón albúmina creatinina (RAC) vigente,COL30,AG,33,RANGO ETARIO Y SEXO - 80 y más años - Hombres,RANGO ETARIO Y SEXO,80 y más años,Hombres,,,"['RANGO ETARIO Y SEXO', '80 y más años', 'Hombres']",50
P4,C,VARIABLES DE SEGUIMIENTO DEL PSCV AL CORTE,P4301040,Con velocidad de filtración glomerular estimada (VFGE) y con razón albúmina creatinina (RAC) vigente,COL31,AH,34,RANGO ETARIO Y SEXO - 80 y más años - Mujeres,RANGO ETARIO Y SEXO,80 y más años,Mujeres,,,"['RANGO ETARIO Y SEXO', '80 y más años', 'Mujeres']",50
P4,C,VARIABLES DE SEGUIMIENTO DEL PSCV AL CORTE,P4301040,Con velocidad de filtración glomerular estimada (VFGE) y con razón albúmina creatinina (RAC) vigente,COL32,AI,35,Pueblos Originarios - Hombres,Pueblos Originarios,Hombres,,,,"['Pueblos Originarios', 'Hombres']",50
P4,C,VARIABLES DE SEGUIMIENTO DEL PSCV AL CORTE,P4301040,Con velocidad de filtración glomerular estimada (VFGE) y con razón albúmina creatinina (RAC) vigente,COL33,AJ,36,Pueblos Originarios - Mujeres,Pueblos Originarios,Mujeres,,,,"['Pueblos Originarios', 'Mujeres']",50
P4,C,VARIABLES DE SEGUIMIENTO DEL PSCV AL CORTE,P4301040,Con velocidad de filtración glomerular estimada (VFGE) y con razón albúmina creatinina (RAC) vigente,COL34,AK,37,Migrantes - Hombres,Migrantes,Hombres,,,,"['Migrantes', 'Hombres']",50
P4,C,VARIABLES DE SEGUIMIENTO DEL PSCV AL CORTE,P4301040,Con velocidad de filtración glomerular estimada (VFGE) y con razón albúmina creatinina (RAC) vigente,COL35,AL,38,Migrantes - Mujeres,Migrantes,Mujeres,,,,"['Migrantes', 'Mujeres']",50
P4,C,VARIABLES DE SEGUIMIENTO DEL PSCV AL CORTE,P4190950,"Con fondo de ojo, vigente",COL01,D,4,TOTAL - Ambos sexos,TOTAL,Ambos sexos,,,,"['TOTAL', 'Ambos sexos']",51
P4,C,VARIABLES DE SEGUIMIENTO DEL PSCV AL CORTE,P4190950,"Con fondo de ojo, vigente",COL02,E,5,TOTAL - Hombres,TOTAL,Hombres,,,,"['TOTAL', 'Hombres']",51
P4,C,VARIABLES DE SEGUIMIENTO DEL PSCV AL CORTE,P4190950,"Con fondo de ojo, vigente",COL03,F,6,TOTAL - Mujeres,TOTAL,Mujeres,,,,"['TOTAL', 'Mujeres']",51
P4,C,VARIABLES DE SEGUIMIENTO DEL PSCV AL CORTE,P4190950,"Con fondo de ojo, vigente",COL04,G,7,RANGO ETARIO Y SEXO - 15 a 19 años - Hombres,RANGO ETARIO Y SEXO,15 a 19 años,Hombres,,,"['RANGO ETARIO Y SEXO', '15 a 19 años', 'Hombres']",51
P4,C,VARIABLES DE SEGUIMIENTO DEL PSCV AL CORTE,P4190950,"Con fondo de ojo, vigente",COL05,H,8,RANGO ETARIO Y SEXO - 15 a 19 años - Mujeres,RANGO ETARIO Y SEXO,15 a 19 años,Mujeres,,,"['RANGO ETARIO Y SEXO', '15 a 19 años', 'Mujeres']",51
P4,C,VARIABLES DE SEGUIMIENTO DEL PSCV AL CORTE,P4190950,"Con fondo de ojo, vigente",COL06,I,9,RANGO ETARIO Y SEXO - 20 a 24 años - Hombres,RANGO ETARIO Y SEXO,20 a 24 años,Hombres,,,"['RANGO ETARIO Y SEXO', '20 a 24 años', 'Hombres']",51
P4,C,VARIABLES DE SEGUIMIENTO DEL PSCV AL CORTE,P4190950,"Con fondo de ojo, vigente",COL07,J,10,RANGO ETARIO Y SEXO - 20 a 24 años - Mujeres,RANGO ETARIO Y SEXO,20 a 24 años,Mujeres,,,"['RANGO ETARIO Y SEXO', '20 a 24 años', 'Mujeres']",51
P4,C,VARIABLES DE SEGUIMIENTO DEL PSCV AL CORTE,P4190950,"Con fondo de ojo, vigente",COL08,K,11,RANGO ETARIO Y SEXO - 25 a 29 años - Hombres,RANGO ETARIO Y SEXO,25 a 29 años,Hombres,,,"['RANGO ETARIO Y SEXO', '25 a 29 años', 'Hombres']",51
P4,C,VARIABLES DE SEGUIMIENTO DEL PSCV AL CORTE,P4190950,"Con fondo de ojo, vigente",COL09,L,12,RANGO ETARIO Y SEXO - 25 a 29 años - Mujeres,RANGO ETARIO Y SEXO,25 a 29 años,Mujeres,,,"['RANGO ETARIO Y SEXO', '25 a 29 años', 'Mujeres']",51
P4,C,VARIABLES DE SEGUIMIENTO DEL PSCV AL CORTE,P4190950,"Con fondo de ojo, vigente",COL10,M,13,RANGO ETARIO Y SEXO - 30 a 34 años - Hombres,RANGO ETARIO Y SEXO,30 a 34 años,Hombres,,,"['RANGO ETARIO Y SEXO', '30 a 34 años', 'Hombres']",51
P4,C,VARIABLES DE SEGUIMIENTO DEL PSCV AL CORTE,P4190950,"Con fondo de ojo, vigente",COL11,N,14,RANGO ETARIO Y SEXO - 30 a 34 años - Mujeres,RANGO ETARIO Y SEXO,30 a 34 años,Mujeres,,,"['RANGO ETARIO Y SEXO', '30 a 34 años', 'Mujeres']",51
P4,C,VARIABLES DE SEGUIMIENTO DEL PSCV AL CORTE,P4190950,"Con fondo de ojo, vigente",COL12,O,15,RANGO ETARIO Y SEXO - 35 a 39 años - Hombres,RANGO ETARIO Y SEXO,35 a 39 años,Hombres,,,"['RANGO ETARIO Y SEXO', '35 a 39 años', 'Hombres']",51
P4,C,VARIABLES DE SEGUIMIENTO DEL PSCV AL CORTE,P4190950,"Con fondo de ojo, vigente",COL13,P,16,RANGO ETARIO Y SEXO - 35 a 39 años - Mujeres,RANGO ETARIO Y SEXO,35 a 39 años,Mujeres,,,"['RANGO ETARIO Y SEXO', '35 a 39 años', 'Mujeres']",51
P4,C,VARIABLES DE SEGUIMIENTO DEL PSCV AL CORTE,P4190950,"Con fondo de ojo, vigente",COL14,Q,17,RANGO ETARIO Y SEXO - 40 a 44 años - Hombres,RANGO ETARIO Y SEXO,40 a 44 años,Hombres,,,"['RANGO ETARIO Y SEXO', '40 a 44 años', 'Hombres']",51
P4,C,VARIABLES DE SEGUIMIENTO DEL PSCV AL CORTE,P4190950,"Con fondo de ojo, vigente",COL15,R,18,RANGO ETARIO Y SEXO - 40 a 44 años - Mujeres,RANGO ETARIO Y SEXO,40 a 44 años,Mujeres,,,"['RANGO ETARIO Y SEXO', '40 a 44 años', 'Mujeres']",51
P4,C,VARIABLES DE SEGUIMIENTO DEL PSCV AL CORTE,P4190950,"Con fondo de ojo, vigente",COL16,S,19,RANGO ETARIO Y SEXO - 45 a 49 años - Hombres,RANGO ETARIO Y SEXO,45 a 49 años,Hombres,,,"['RANGO ETARIO Y SEXO', '45 a 49 años', 'Hombres']",51
P4,C,VARIABLES DE SEGUIMIENTO DEL PSCV AL CORTE,P4190950,"Con fondo de ojo, vigente",COL17,T,20,RANGO ETARIO Y SEXO - 45 a 49 años - Mujeres,RANGO ETARIO Y SEXO,45 a 49 años,Mujeres,,,"['RANGO ETARIO Y SEXO', '45 a 49 años', 'Mujeres']",51
P4,C,VARIABLES DE SEGUIMIENTO DEL PSCV AL CORTE,P4190950,"Con fondo de ojo, vigente",COL18,U,21,RANGO ETARIO Y SEXO - 50 a 54 años - Hombres,RANGO ETARIO Y SEXO,50 a 54 años,Hombres,,,"['RANGO ETARIO Y SEXO', '50 a 54 años', 'Hombres']",51
P4,C,VARIABLES DE SEGUIMIENTO DEL PSCV AL CORTE,P4190950,"Con fondo de ojo, vigente",COL19,V,22,RANGO ETARIO Y SEXO - 50 a 54 años - Mujeres,RANGO ETARIO Y SEXO,50 a 54 años,Mujeres,,,"['RANGO ETARIO Y SEXO', '50 a 54 años', 'Mujeres']",51
P4,C,VARIABLES DE SEGUIMIENTO DEL PSCV AL CORTE,P4190950,"Con fondo de ojo, vigente",COL20,W,23,RANGO ETARIO Y SEXO - 55 a 59 años - Hombres,RANGO ETARIO Y SEXO,55 a 59 años,Hombres,,,"['RANGO ETARIO Y SEXO', '55 a 59 años', 'Hombres']",51
P4,C,VARIABLES DE SEGUIMIENTO DEL PSCV AL CORTE,P4190950,"Con fondo de ojo, vigente",COL21,X,24,RANGO ETARIO Y SEXO - 55 a 59 años - Mujeres,RANGO ETARIO Y SEXO,55 a 59 años,Mujeres,,,"['RANGO ETARIO Y SEXO', '55 a 59 años', 'Mujeres']",51
P4,C,VARIABLES DE SEGUIMIENTO DEL PSCV AL CORTE,P4190950,"Con fondo de ojo, vigente",COL22,Y,25,RANGO ETARIO Y SEXO - 60 a 64 años - Hombres,RANGO ETARIO Y SEXO,60 a 64 años,Hombres,,,"['RANGO ETARIO Y SEXO', '60 a 64 años', 'Hombres']",51
P4,C,VARIABLES DE SEGUIMIENTO DEL PSCV AL CORTE,P4190950,"Con fondo de ojo, vigente",COL23,Z,26,RANGO ETARIO Y SEXO - 60 a 64 años - Mujeres,RANGO ETARIO Y SEXO,60 a 64 años,Mujeres,,,"['RANGO ETARIO Y SEXO', '60 a 64 años', 'Mujeres']",51
P4,C,VARIABLES DE SEGUIMIENTO DEL PSCV AL CORTE,P4190950,"Con fondo de ojo, vigente",COL24,AA,27,RANGO ETARIO Y SEXO - 65 a 69 años - Hombres,RANGO ETARIO Y SEXO,65 a 69 años,Hombres,,,"['RANGO ETARIO Y SEXO', '65 a 69 años', 'Hombres']",51
P4,C,VARIABLES DE SEGUIMIENTO DEL PSCV AL CORTE,P4190950,"Con fondo de ojo, vigente",COL25,AB,28,RANGO ETARIO Y SEXO - 65 a 69 años - Mujeres,RANGO ETARIO Y SEXO,65 a 69 años,Mujeres,,,"['RANGO ETARIO Y SEXO', '65 a 69 años', 'Mujeres']",51
P4,C,VARIABLES DE SEGUIMIENTO DEL PSCV AL CORTE,P4190950,"Con fondo de ojo, vigente",COL26,AC,29,RANGO ETARIO Y SEXO - 70 a 74 años - Hombres,RANGO ETARIO Y SEXO,70 a 74 años,Hombres,,,"['RANGO ETARIO Y SEXO', '70 a 74 años', 'Hombres']",51
P4,C,VARIABLES DE SEGUIMIENTO DEL PSCV AL CORTE,P4190950,"Con fondo de ojo, vigente",COL27,AD,30,RANGO ETARIO Y SEXO - 70 a 74 años - Mujeres,RANGO ETARIO Y SEXO,70 a 74 años,Mujeres,,,"['RANGO ETARIO Y SEXO', '70 a 74 años', 'Mujeres']",51
P4,C,VARIABLES DE SEGUIMIENTO DEL PSCV AL CORTE,P4190950,"Con fondo de ojo, vigente",COL28,AE,31,RANGO ETARIO Y SEXO - 75 a 79 años - Hombres,RANGO ETARIO Y SEXO,75 a 79 años,Hombres,,,"['RANGO ETARIO Y SEXO', '75 a 79 años', 'Hombres']",51
P4,C,VARIABLES DE SEGUIMIENTO DEL PSCV AL CORTE,P4190950,"Con fondo de ojo, vigente",COL29,AF,32,RANGO ETARIO Y SEXO - 75 a 79 años - Mujeres,RANGO ETARIO Y SEXO,75 a 79 años,Mujeres,,,"['RANGO ETARIO Y SEXO', '75 a 79 años', 'Mujeres']",51
P4,C,VARIABLES DE SEGUIMIENTO DEL PSCV AL CORTE,P4190950,"Con fondo de ojo, vigente",COL30,AG,33,RANGO ETARIO Y SEXO - 80 y más años - Hombres,RANGO ETARIO Y SEXO,80 y más años,Hombres,,,"['RANGO ETARIO Y SEXO', '80 y más años', 'Hombres']",51
P4,C,VARIABLES DE SEGUIMIENTO DEL PSCV AL CORTE,P4190950,"Con fondo de ojo, vigente",COL31,AH,34,RANGO ETARIO Y SEXO - 80 y más años - Mujeres,RANGO ETARIO Y SEXO,80 y más años,Mujeres,,,"['RANGO ETARIO Y SEXO', '80 y más años', 'Mujeres']",51
P4,C,VARIABLES DE SEGUIMIENTO DEL PSCV AL CORTE,P4190950,"Con fondo de ojo, vigente",COL32,AI,35,Pueblos Originarios - Hombres,Pueblos Originarios,Hombres,,,,"['Pueblos Originarios', 'Hombres']",51
P4,C,VARIABLES DE SEGUIMIENTO DEL PSCV AL CORTE,P4190950,"Con fondo de ojo, vigente",COL33,AJ,36,Pueblos Originarios - Mujeres,Pueblos Originarios,Mujeres,,,,"['Pueblos Originarios', 'Mujeres']",51
P4,C,VARIABLES DE SEGUIMIENTO DEL PSCV AL CORTE,P4190950,"Con fondo de ojo, vigente",COL34,AK,37,Migrantes - Hombres,Migrantes,Hombres,,,,"['Migrantes', 'Hombres']",51
P4,C,VARIABLES DE SEGUIMIENTO DEL PSCV AL CORTE,P4190950,"Con fondo de ojo, vigente",COL35,AL,38,Migrantes - Mujeres,Migrantes,Mujeres,,,,"['Migrantes', 'Mujeres']",51
P4,C,VARIABLES DE SEGUIMIENTO DEL PSCV AL CORTE,P4200600,Con atención podológica vigente,COL01,D,4,TOTAL - Ambos sexos,TOTAL,Ambos sexos,,,,"['TOTAL', 'Ambos sexos']",52
P4,C,VARIABLES DE SEGUIMIENTO DEL PSCV AL CORTE,P4200600,Con atención podológica vigente,COL02,E,5,TOTAL - Hombres,TOTAL,Hombres,,,,"['TOTAL', 'Hombres']",52
P4,C,VARIABLES DE SEGUIMIENTO DEL PSCV AL CORTE,P4200600,Con atención podológica vigente,COL03,F,6,TOTAL - Mujeres,TOTAL,Mujeres,,,,"['TOTAL', 'Mujeres']",52
P4,C,VARIABLES DE SEGUIMIENTO DEL PSCV AL CORTE,P4200600,Con atención podológica vigente,COL04,G,7,RANGO ETARIO Y SEXO - 15 a 19 años - Hombres,RANGO ETARIO Y SEXO,15 a 19 años,Hombres,,,"['RANGO ETARIO Y SEXO', '15 a 19 años', 'Hombres']",52
P4,C,VARIABLES DE SEGUIMIENTO DEL PSCV AL CORTE,P4200600,Con atención podológica vigente,COL05,H,8,RANGO ETARIO Y SEXO - 15 a 19 años - Mujeres,RANGO ETARIO Y SEXO,15 a 19 años,Mujeres,,,"['RANGO ETARIO Y SEXO', '15 a 19 años', 'Mujeres']",52
P4,C,VARIABLES DE SEGUIMIENTO DEL PSCV AL CORTE,P4200600,Con atención podológica vigente,COL06,I,9,RANGO ETARIO Y SEXO - 20 a 24 años - Hombres,RANGO ETARIO Y SEXO,20 a 24 años,Hombres,,,"['RANGO ETARIO Y SEXO', '20 a 24 años', 'Hombres']",52
P4,C,VARIABLES DE SEGUIMIENTO DEL PSCV AL CORTE,P4200600,Con atención podológica vigente,COL07,J,10,RANGO ETARIO Y SEXO - 20 a 24 años - Mujeres,RANGO ETARIO Y SEXO,20 a 24 años,Mujeres,,,"['RANGO ETARIO Y SEXO', '20 a 24 años', 'Mujeres']",52
P4,C,VARIABLES DE SEGUIMIENTO DEL PSCV AL CORTE,P4200600,Con atención podológica vigente,COL08,K,11,RANGO ETARIO Y SEXO - 25 a 29 años - Hombres,RANGO ETARIO Y SEXO,25 a 29 años,Hombres,,,"['RANGO ETARIO Y SEXO', '25 a 29 años', 'Hombres']",52
P4,C,VARIABLES DE SEGUIMIENTO DEL PSCV AL CORTE,P4200600,Con atención podológica vigente,COL09,L,12,RANGO ETARIO Y SEXO - 25 a 29 años - Mujeres,RANGO ETARIO Y SEXO,25 a 29 años,Mujeres,,,"['RANGO ETARIO Y SEXO', '25 a 29 años', 'Mujeres']",52
P4,C,VARIABLES DE SEGUIMIENTO DEL PSCV AL CORTE,P4200600,Con atención podológica vigente,COL10,M,13,RANGO ETARIO Y SEXO - 30 a 34 años - Hombres,RANGO ETARIO Y SEXO,30 a 34 años,Hombres,,,"['RANGO ETARIO Y SEXO', '30 a 34 años', 'Hombres']",52
P4,C,VARIABLES DE SEGUIMIENTO DEL PSCV AL CORTE,P4200600,Con atención podológica vigente,COL11,N,14,RANGO ETARIO Y SEXO - 30 a 34 años - Mujeres,RANGO ETARIO Y SEXO,30 a 34 años,Mujeres,,,"['RANGO ETARIO Y SEXO', '30 a 34 años', 'Mujeres']",52
P4,C,VARIABLES DE SEGUIMIENTO DEL PSCV AL CORTE,P4200600,Con atención podológica vigente,COL12,O,15,RANGO ETARIO Y SEXO - 35 a 39 años - Hombres,RANGO ETARIO Y SEXO,35 a 39 años,Hombres,,,"['RANGO ETARIO Y SEXO', '35 a 39 años', 'Hombres']",52
P4,C,VARIABLES DE SEGUIMIENTO DEL PSCV AL CORTE,P4200600,Con atención podológica vigente,COL13,P,16,RANGO ETARIO Y SEXO - 35 a 39 años - Mujeres,RANGO ETARIO Y SEXO,35 a 39 años,Mujeres,,,"['RANGO ETARIO Y SEXO', '35 a 39 años', 'Mujeres']",52
P4,C,VARIABLES DE SEGUIMIENTO DEL PSCV AL CORTE,P4200600,Con atención podológica vigente,COL14,Q,17,RANGO ETARIO Y SEXO - 40 a 44 años - Hombres,RANGO ETARIO Y SEXO,40 a 44 años,Hombres,,,"['RANGO ETARIO Y SEXO', '40 a 44 años', 'Hombres']",52
P4,C,VARIABLES DE SEGUIMIENTO DEL PSCV AL CORTE,P4200600,Con atención podológica vigente,COL15,R,18,RANGO ETARIO Y SEXO - 40 a 44 años - Mujeres,RANGO ETARIO Y SEXO,40 a 44 años,Mujeres,,,"['RANGO ETARIO Y SEXO', '40 a 44 años', 'Mujeres']",52
P4,C,VARIABLES DE SEGUIMIENTO DEL PSCV AL CORTE,P4200600,Con atención podológica vigente,COL16,S,19,RANGO ETARIO Y SEXO - 45 a 49 años - Hombres,RANGO ETARIO Y SEXO,45 a 49 años,Hombres,,,"['RANGO ETARIO Y SEXO', '45 a 49 años', 'Hombres']",52
P4,C,VARIABLES DE SEGUIMIENTO DEL PSCV AL CORTE,P4200600,Con atención podológica vigente,COL17,T,20,RANGO ETARIO Y SEXO - 45 a 49 años - Mujeres,RANGO ETARIO Y SEXO,45 a 49 años,Mujeres,,,"['RANGO ETARIO Y SEXO', '45 a 49 años', 'Mujeres']",52
P4,C,VARIABLES DE SEGUIMIENTO DEL PSCV AL CORTE,P4200600,Con atención podológica vigente,COL18,U,21,RANGO ETARIO Y SEXO - 50 a 54 años - Hombres,RANGO ETARIO Y SEXO,50 a 54 años,Hombres,,,"['RANGO ETARIO Y SEXO', '50 a 54 años', 'Hombres']",52
P4,C,VARIABLES DE SEGUIMIENTO DEL PSCV AL CORTE,P4200600,Con atención podológica vigente,COL19,V,22,RANGO ETARIO Y SEXO - 50 a 54 años - Mujeres,RANGO ETARIO Y SEXO,50 a 54 años,Mujeres,,,"['RANGO ETARIO Y SEXO', '50 a 54 años', 'Mujeres']",52
P4,C,VARIABLES DE SEGUIMIENTO DEL PSCV AL CORTE,P4200600,Con atención podológica vigente,COL20,W,23,RANGO ETARIO Y SEXO - 55 a 59 años - Hombres,RANGO ETARIO Y SEXO,55 a 59 años,Hombres,,,"['RANGO ETARIO Y SEXO', '55 a 59 años', 'Hombres']",52
P4,C,VARIABLES DE SEGUIMIENTO DEL PSCV AL CORTE,P4200600,Con atención podológica vigente,COL21,X,24,RANGO ETARIO Y SEXO - 55 a 59 años - Mujeres,RANGO ETARIO Y SEXO,55 a 59 años,Mujeres,,,"['RANGO ETARIO Y SEXO', '55 a 59 años', 'Mujeres']",52
P4,C,VARIABLES DE SEGUIMIENTO DEL PSCV AL CORTE,P4200600,Con atención podológica vigente,COL22,Y,25,RANGO ETARIO Y SEXO - 60 a 64 años - Hombres,RANGO ETARIO Y SEXO,60 a 64 años,Hombres,,,"['RANGO ETARIO Y SEXO', '60 a 64 años', 'Hombres']",52
P4,C,VARIABLES DE SEGUIMIENTO DEL PSCV AL CORTE,P4200600,Con atención podológica vigente,COL23,Z,26,RANGO ETARIO Y SEXO - 60 a 64 años - Mujeres,RANGO ETARIO Y SEXO,60 a 64 años,Mujeres,,,"['RANGO ETARIO Y SEXO', '60 a 64 años', 'Mujeres']",52
P4,C,VARIABLES DE SEGUIMIENTO DEL PSCV AL CORTE,P4200600,Con atención podológica vigente,COL24,AA,27,RANGO ETARIO Y SEXO - 65 a 69 años - Hombres,RANGO ETARIO Y SEXO,65 a 69 años,Hombres,,,"['RANGO ETARIO Y SEXO', '65 a 69 años', 'Hombres']",52
P4,C,VARIABLES DE SEGUIMIENTO DEL PSCV AL CORTE,P4200600,Con atención podológica vigente,COL25,AB,28,RANGO ETARIO Y SEXO - 65 a 69 años - Mujeres,RANGO ETARIO Y SEXO,65 a 69 años,Mujeres,,,"['RANGO ETARIO Y SEXO', '65 a 69 años', 'Mujeres']",52
P4,C,VARIABLES DE SEGUIMIENTO DEL PSCV AL CORTE,P4200600,Con atención podológica vigente,COL26,AC,29,RANGO ETARIO Y SEXO - 70 a 74 años - Hombres,RANGO ETARIO Y SEXO,70 a 74 años,Hombres,,,"['RANGO ETARIO Y SEXO', '70 a 74 años', 'Hombres']",52
P4,C,VARIABLES DE SEGUIMIENTO DEL PSCV AL CORTE,P4200600,Con atención podológica vigente,COL27,AD,30,RANGO ETARIO Y SEXO - 70 a 74 años - Mujeres,RANGO ETARIO Y SEXO,70 a 74 años,Mujeres,,,"['RANGO ETARIO Y SEXO', '70 a 74 años', 'Mujeres']",52
P4,C,VARIABLES DE SEGUIMIENTO DEL PSCV AL CORTE,P4200600,Con atención podológica vigente,COL28,AE,31,RANGO ETARIO Y SEXO - 75 a 79 años - Hombres,RANGO ETARIO Y SEXO,75 a 79 años,Hombres,,,"['RANGO ETARIO Y SEXO', '75 a 79 años', 'Hombres']",52
P4,C,VARIABLES DE SEGUIMIENTO DEL PSCV AL CORTE,P4200600,Con atención podológica vigente,COL29,AF,32,RANGO ETARIO Y SEXO - 75 a 79 años - Mujeres,RANGO ETARIO Y SEXO,75 a 79 años,Mujeres,,,"['RANGO ETARIO Y SEXO', '75 a 79 años', 'Mujeres']",52
P4,C,VARIABLES DE SEGUIMIENTO DEL PSCV AL CORTE,P4200600,Con atención podológica vigente,COL30,AG,33,RANGO ETARIO Y SEXO - 80 y más años - Hombres,RANGO ETARIO Y SEXO,80 y más años,Hombres,,,"['RANGO ETARIO Y SEXO', '80 y más años', 'Hombres']",52
P4,C,VARIABLES DE SEGUIMIENTO DEL PSCV AL CORTE,P4200600,Con atención podológica vigente,COL31,AH,34,RANGO ETARIO Y SEXO - 80 y más años - Mujeres,RANGO ETARIO Y SEXO,80 y más años,Mujeres,,,"['RANGO ETARIO Y SEXO', '80 y más años', 'Mujeres']",52
P4,C,VARIABLES DE SEGUIMIENTO DEL PSCV AL CORTE,P4200600,Con atención podológica vigente,COL32,AI,35,Pueblos Originarios - Hombres,Pueblos Originarios,Hombres,,,,"['Pueblos Originarios', 'Hombres']",52
P4,C,VARIABLES DE SEGUIMIENTO DEL PSCV AL CORTE,P4200600,Con atención podológica vigente,COL33,AJ,36,Pueblos Originarios - Mujeres,Pueblos Originarios,Mujeres,,,,"['Pueblos Originarios', 'Mujeres']",52
P4,C,VARIABLES DE SEGUIMIENTO DEL PSCV AL CORTE,P4200600,Con atención podológica vigente,COL34,AK,37,Migrantes - Hombres,Migrantes,Hombres,,,,"['Migrantes', 'Hombres']",52
P4,C,VARIABLES DE SEGUIMIENTO DEL PSCV AL CORTE,P4200600,Con atención podológica vigente,COL35,AL,38,Migrantes - Mujeres,Migrantes,Mujeres,,,,"['Migrantes', 'Mujeres']",52
P4,C,VARIABLES DE SEGUIMIENTO DEL PSCV AL CORTE,P4200300,Con ECG vigente,COL01,D,4,TOTAL - Ambos sexos,TOTAL,Ambos sexos,,,,"['TOTAL', 'Ambos sexos']",53
P4,C,VARIABLES DE SEGUIMIENTO DEL PSCV AL CORTE,P4200300,Con ECG vigente,COL02,E,5,TOTAL - Hombres,TOTAL,Hombres,,,,"['TOTAL', 'Hombres']",53
P4,C,VARIABLES DE SEGUIMIENTO DEL PSCV AL CORTE,P4200300,Con ECG vigente,COL03,F,6,TOTAL - Mujeres,TOTAL,Mujeres,,,,"['TOTAL', 'Mujeres']",53
P4,C,VARIABLES DE SEGUIMIENTO DEL PSCV AL CORTE,P4200300,Con ECG vigente,COL04,G,7,RANGO ETARIO Y SEXO - 15 a 19 años - Hombres,RANGO ETARIO Y SEXO,15 a 19 años,Hombres,,,"['RANGO ETARIO Y SEXO', '15 a 19 años', 'Hombres']",53
P4,C,VARIABLES DE SEGUIMIENTO DEL PSCV AL CORTE,P4200300,Con ECG vigente,COL05,H,8,RANGO ETARIO Y SEXO - 15 a 19 años - Mujeres,RANGO ETARIO Y SEXO,15 a 19 años,Mujeres,,,"['RANGO ETARIO Y SEXO', '15 a 19 años', 'Mujeres']",53
P4,C,VARIABLES DE SEGUIMIENTO DEL PSCV AL CORTE,P4200300,Con ECG vigente,COL06,I,9,RANGO ETARIO Y SEXO - 20 a 24 años - Hombres,RANGO ETARIO Y SEXO,20 a 24 años,Hombres,,,"['RANGO ETARIO Y SEXO', '20 a 24 años', 'Hombres']",53
P4,C,VARIABLES DE SEGUIMIENTO DEL PSCV AL CORTE,P4200300,Con ECG vigente,COL07,J,10,RANGO ETARIO Y SEXO - 20 a 24 años - Mujeres,RANGO ETARIO Y SEXO,20 a 24 años,Mujeres,,,"['RANGO ETARIO Y SEXO', '20 a 24 años', 'Mujeres']",53
P4,C,VARIABLES DE SEGUIMIENTO DEL PSCV AL CORTE,P4200300,Con ECG vigente,COL08,K,11,RANGO ETARIO Y SEXO - 25 a 29 años - Hombres,RANGO ETARIO Y SEXO,25 a 29 años,Hombres,,,"['RANGO ETARIO Y SEXO', '25 a 29 años', 'Hombres']",53
P4,C,VARIABLES DE SEGUIMIENTO DEL PSCV AL CORTE,P4200300,Con ECG vigente,COL09,L,12,RANGO ETARIO Y SEXO - 25 a 29 años - Mujeres,RANGO ETARIO Y SEXO,25 a 29 años,Mujeres,,,"['RANGO ETARIO Y SEXO', '25 a 29 años', 'Mujeres']",53
P4,C,VARIABLES DE SEGUIMIENTO DEL PSCV AL CORTE,P4200300,Con ECG vigente,COL10,M,13,RANGO ETARIO Y SEXO - 30 a 34 años - Hombres,RANGO ETARIO Y SEXO,30 a 34 años,Hombres,,,"['RANGO ETARIO Y SEXO', '30 a 34 años', 'Hombres']",53
P4,C,VARIABLES DE SEGUIMIENTO DEL PSCV AL CORTE,P4200300,Con ECG vigente,COL11,N,14,RANGO ETARIO Y SEXO - 30 a 34 años - Mujeres,RANGO ETARIO Y SEXO,30 a 34 años,Mujeres,,,"['RANGO ETARIO Y SEXO', '30 a 34 años', 'Mujeres']",53
P4,C,VARIABLES DE SEGUIMIENTO DEL PSCV AL CORTE,P4200300,Con ECG vigente,COL12,O,15,RANGO ETARIO Y SEXO - 35 a 39 años - Hombres,RANGO ETARIO Y SEXO,35 a 39 años,Hombres,,,"['RANGO ETARIO Y SEXO', '35 a 39 años', 'Hombres']",53
P4,C,VARIABLES DE SEGUIMIENTO DEL PSCV AL CORTE,P4200300,Con ECG vigente,COL13,P,16,RANGO ETARIO Y SEXO - 35 a 39 años - Mujeres,RANGO ETARIO Y SEXO,35 a 39 años,Mujeres,,,"['RANGO ETARIO Y SEXO', '35 a 39 años', 'Mujeres']",53
P4,C,VARIABLES DE SEGUIMIENTO DEL PSCV AL CORTE,P4200300,Con ECG vigente,COL14,Q,17,RANGO ETARIO Y SEXO - 40 a 44 años - Hombres,RANGO ETARIO Y SEXO,40 a 44 años,Hombres,,,"['RANGO ETARIO Y SEXO', '40 a 44 años', 'Hombres']",53
P4,C,VARIABLES DE SEGUIMIENTO DEL PSCV AL CORTE,P4200300,Con ECG vigente,COL15,R,18,RANGO ETARIO Y SEXO - 40 a 44 años - Mujeres,RANGO ETARIO Y SEXO,40 a 44 años,Mujeres,,,"['RANGO ETARIO Y SEXO', '40 a 44 años', 'Mujeres']",53
P4,C,VARIABLES DE SEGUIMIENTO DEL PSCV AL CORTE,P4200300,Con ECG vigente,COL16,S,19,RANGO ETARIO Y SEXO - 45 a 49 años - Hombres,RANGO ETARIO Y SEXO,45 a 49 años,Hombres,,,"['RANGO ETARIO Y SEXO', '45 a 49 años', 'Hombres']",53
P4,C,VARIABLES DE SEGUIMIENTO DEL PSCV AL CORTE,P4200300,Con ECG vigente,COL17,T,20,RANGO ETARIO Y SEXO - 45 a 49 años - Mujeres,RANGO ETARIO Y SEXO,45 a 49 años,Mujeres,,,"['RANGO ETARIO Y SEXO', '45 a 49 años', 'Mujeres']",53
P4,C,VARIABLES DE SEGUIMIENTO DEL PSCV AL CORTE,P4200300,Con ECG vigente,COL18,U,21,RANGO ETARIO Y SEXO - 50 a 54 años - Hombres,RANGO ETARIO Y SEXO,50 a 54 años,Hombres,,,"['RANGO ETARIO Y SEXO', '50 a 54 años', 'Hombres']",53
P4,C,VARIABLES DE SEGUIMIENTO DEL PSCV AL CORTE,P4200300,Con ECG vigente,COL19,V,22,RANGO ETARIO Y SEXO - 50 a 54 años - Mujeres,RANGO ETARIO Y SEXO,50 a 54 años,Mujeres,,,"['RANGO ETARIO Y SEXO', '50 a 54 años', 'Mujeres']",53
P4,C,VARIABLES DE SEGUIMIENTO DEL PSCV AL CORTE,P4200300,Con ECG vigente,COL20,W,23,RANGO ETARIO Y SEXO - 55 a 59 años - Hombres,RANGO ETARIO Y SEXO,55 a 59 años,Hombres,,,"['RANGO ETARIO Y SEXO', '55 a 59 años', 'Hombres']",53
P4,C,VARIABLES DE SEGUIMIENTO DEL PSCV AL CORTE,P4200300,Con ECG vigente,COL21,X,24,RANGO ETARIO Y SEXO - 55 a 59 años - Mujeres,RANGO ETARIO Y SEXO,55 a 59 años,Mujeres,,,"['RANGO ETARIO Y SEXO', '55 a 59 años', 'Mujeres']",53
P4,C,VARIABLES DE SEGUIMIENTO DEL PSCV AL CORTE,P4200300,Con ECG vigente,COL22,Y,25,RANGO ETARIO Y SEXO - 60 a 64 años - Hombres,RANGO ETARIO Y SEXO,60 a 64 años,Hombres,,,"['RANGO ETARIO Y SEXO', '60 a 64 años', 'Hombres']",53
P4,C,VARIABLES DE SEGUIMIENTO DEL PSCV AL CORTE,P4200300,Con ECG vigente,COL23,Z,26,RANGO ETARIO Y SEXO - 60 a 64 años - Mujeres,RANGO ETARIO Y SEXO,60 a 64 años,Mujeres,,,"['RANGO ETARIO Y SEXO', '60 a 64 años', 'Mujeres']",53
P4,C,VARIABLES DE SEGUIMIENTO DEL PSCV AL CORTE,P4200300,Con ECG vigente,COL24,AA,27,RANGO ETARIO Y SEXO - 65 a 69 años - Hombres,RANGO ETARIO Y SEXO,65 a 69 años,Hombres,,,"['RANGO ETARIO Y SEXO', '65 a 69 años', 'Hombres']",53
P4,C,VARIABLES DE SEGUIMIENTO DEL PSCV AL CORTE,P4200300,Con ECG vigente,COL25,AB,28,RANGO ETARIO Y SEXO - 65 a 69 años - Mujeres,RANGO ETARIO Y SEXO,65 a 69 años,Mujeres,,,"['RANGO ETARIO Y SEXO', '65 a 69 años', 'Mujeres']",53
P4,C,VARIABLES DE SEGUIMIENTO DEL PSCV AL CORTE,P4200300,Con ECG vigente,COL26,AC,29,RANGO ETARIO Y SEXO - 70 a 74 años - Hombres,RANGO ETARIO Y SEXO,70 a 74 años,Hombres,,,"['RANGO ETARIO Y SEXO', '70 a 74 años', 'Hombres']",53
P4,C,VARIABLES DE SEGUIMIENTO DEL PSCV AL CORTE,P4200300,Con ECG vigente,COL27,AD,30,RANGO ETARIO Y SEXO - 70 a 74 años - Mujeres,RANGO ETARIO Y SEXO,70 a 74 años,Mujeres,,,"['RANGO ETARIO Y SEXO', '70 a 74 años', 'Mujeres']",53
P4,C,VARIABLES DE SEGUIMIENTO DEL PSCV AL CORTE,P4200300,Con ECG vigente,COL28,AE,31,RANGO ETARIO Y SEXO - 75 a 79 años - Hombres,RANGO ETARIO Y SEXO,75 a 79 años,Hombres,,,"['RANGO ETARIO Y SEXO', '75 a 79 años', 'Hombres']",53
P4,C,VARIABLES DE SEGUIMIENTO DEL PSCV AL CORTE,P4200300,Con ECG vigente,COL29,AF,32,RANGO ETARIO Y SEXO - 75 a 79 años - Mujeres,RANGO ETARIO Y SEXO,75 a 79 años,Mujeres,,,"['RANGO ETARIO Y SEXO', '75 a 79 años', 'Mujeres']",53
P4,C,VARIABLES DE SEGUIMIENTO DEL PSCV AL CORTE,P4200300,Con ECG vigente,COL30,AG,33,RANGO ETARIO Y SEXO - 80 y más años - Hombres,RANGO ETARIO Y SEXO,80 y más años,Hombres,,,"['RANGO ETARIO Y SEXO', '80 y más años', 'Hombres']",53
P4,C,VARIABLES DE SEGUIMIENTO DEL PSCV AL CORTE,P4200300,Con ECG vigente,COL31,AH,34,RANGO ETARIO Y SEXO - 80 y más años - Mujeres,RANGO ETARIO Y SEXO,80 y más años,Mujeres,,,"['RANGO ETARIO Y SEXO', '80 y más años', 'Mujeres']",53
P4,C,VARIABLES DE SEGUIMIENTO DEL PSCV AL CORTE,P4200300,Con ECG vigente,COL32,AI,35,Pueblos Originarios - Hombres,Pueblos Originarios,Hombres,,,,"['Pueblos Originarios', 'Hombres']",53
P4,C,VARIABLES DE SEGUIMIENTO DEL PSCV AL CORTE,P4200300,Con ECG vigente,COL33,AJ,36,Pueblos Originarios - Mujeres,Pueblos Originarios,Mujeres,,,,"['Pueblos Originarios', 'Mujeres']",53
P4,C,VARIABLES DE SEGUIMIENTO DEL PSCV AL CORTE,P4200300,Con ECG vigente,COL34,AK,37,Migrantes - Hombres,Migrantes,Hombres,,,,"['Migrantes', 'Hombres']",53
P4,C,VARIABLES DE SEGUIMIENTO DEL PSCV AL CORTE,P4200300,Con ECG vigente,COL35,AL,38,Migrantes - Mujeres,Migrantes,Mujeres,,,,"['Migrantes', 'Mujeres']",53
P4,C,VARIABLES DE SEGUIMIENTO DEL PSCV AL CORTE,P4180800,En tratamiento con insulina,COL01,D,4,TOTAL - Ambos sexos,TOTAL,Ambos sexos,,,,"['TOTAL', 'Ambos sexos']",54
P4,C,VARIABLES DE SEGUIMIENTO DEL PSCV AL CORTE,P4180800,En tratamiento con insulina,COL02,E,5,TOTAL - Hombres,TOTAL,Hombres,,,,"['TOTAL', 'Hombres']",54
P4,C,VARIABLES DE SEGUIMIENTO DEL PSCV AL CORTE,P4180800,En tratamiento con insulina,COL03,F,6,TOTAL - Mujeres,TOTAL,Mujeres,,,,"['TOTAL', 'Mujeres']",54
P4,C,VARIABLES DE SEGUIMIENTO DEL PSCV AL CORTE,P4180800,En tratamiento con insulina,COL04,G,7,RANGO ETARIO Y SEXO - 15 a 19 años - Hombres,RANGO ETARIO Y SEXO,15 a 19 años,Hombres,,,"['RANGO ETARIO Y SEXO', '15 a 19 años', 'Hombres']",54
P4,C,VARIABLES DE SEGUIMIENTO DEL PSCV AL CORTE,P4180800,En tratamiento con insulina,COL05,H,8,RANGO ETARIO Y SEXO - 15 a 19 años - Mujeres,RANGO ETARIO Y SEXO,15 a 19 años,Mujeres,,,"['RANGO ETARIO Y SEXO', '15 a 19 años', 'Mujeres']",54
P4,C,VARIABLES DE SEGUIMIENTO DEL PSCV AL CORTE,P4180800,En tratamiento con insulina,COL06,I,9,RANGO ETARIO Y SEXO - 20 a 24 años - Hombres,RANGO ETARIO Y SEXO,20 a 24 años,Hombres,,,"['RANGO ETARIO Y SEXO', '20 a 24 años', 'Hombres']",54
P4,C,VARIABLES DE SEGUIMIENTO DEL PSCV AL CORTE,P4180800,En tratamiento con insulina,COL07,J,10,RANGO ETARIO Y SEXO - 20 a 24 años - Mujeres,RANGO ETARIO Y SEXO,20 a 24 años,Mujeres,,,"['RANGO ETARIO Y SEXO', '20 a 24 años', 'Mujeres']",54
P4,C,VARIABLES DE SEGUIMIENTO DEL PSCV AL CORTE,P4180800,En tratamiento con insulina,COL08,K,11,RANGO ETARIO Y SEXO - 25 a 29 años - Hombres,RANGO ETARIO Y SEXO,25 a 29 años,Hombres,,,"['RANGO ETARIO Y SEXO', '25 a 29 años', 'Hombres']",54
P4,C,VARIABLES DE SEGUIMIENTO DEL PSCV AL CORTE,P4180800,En tratamiento con insulina,COL09,L,12,RANGO ETARIO Y SEXO - 25 a 29 años - Mujeres,RANGO ETARIO Y SEXO,25 a 29 años,Mujeres,,,"['RANGO ETARIO Y SEXO', '25 a 29 años', 'Mujeres']",54
P4,C,VARIABLES DE SEGUIMIENTO DEL PSCV AL CORTE,P4180800,En tratamiento con insulina,COL10,M,13,RANGO ETARIO Y SEXO - 30 a 34 años - Hombres,RANGO ETARIO Y SEXO,30 a 34 años,Hombres,,,"['RANGO ETARIO Y SEXO', '30 a 34 años', 'Hombres']",54
P4,C,VARIABLES DE SEGUIMIENTO DEL PSCV AL CORTE,P4180800,En tratamiento con insulina,COL11,N,14,RANGO ETARIO Y SEXO - 30 a 34 años - Mujeres,RANGO ETARIO Y SEXO,30 a 34 años,Mujeres,,,"['RANGO ETARIO Y SEXO', '30 a 34 años', 'Mujeres']",54
P4,C,VARIABLES DE SEGUIMIENTO DEL PSCV AL CORTE,P4180800,En tratamiento con insulina,COL12,O,15,RANGO ETARIO Y SEXO - 35 a 39 años - Hombres,RANGO ETARIO Y SEXO,35 a 39 años,Hombres,,,"['RANGO ETARIO Y SEXO', '35 a 39 años', 'Hombres']",54
P4,C,VARIABLES DE SEGUIMIENTO DEL PSCV AL CORTE,P4180800,En tratamiento con insulina,COL13,P,16,RANGO ETARIO Y SEXO - 35 a 39 años - Mujeres,RANGO ETARIO Y SEXO,35 a 39 años,Mujeres,,,"['RANGO ETARIO Y SEXO', '35 a 39 años', 'Mujeres']",54
P4,C,VARIABLES DE SEGUIMIENTO DEL PSCV AL CORTE,P4180800,En tratamiento con insulina,COL14,Q,17,RANGO ETARIO Y SEXO - 40 a 44 años - Hombres,RANGO ETARIO Y SEXO,40 a 44 años,Hombres,,,"['RANGO ETARIO Y SEXO', '40 a 44 años', 'Hombres']",54
P4,C,VARIABLES DE SEGUIMIENTO DEL PSCV AL CORTE,P4180800,En tratamiento con insulina,COL15,R,18,RANGO ETARIO Y SEXO - 40 a 44 años - Mujeres,RANGO ETARIO Y SEXO,40 a 44 años,Mujeres,,,"['RANGO ETARIO Y SEXO', '40 a 44 años', 'Mujeres']",54
P4,C,VARIABLES DE SEGUIMIENTO DEL PSCV AL CORTE,P4180800,En tratamiento con insulina,COL16,S,19,RANGO ETARIO Y SEXO - 45 a 49 años - Hombres,RANGO ETARIO Y SEXO,45 a 49 años,Hombres,,,"['RANGO ETARIO Y SEXO', '45 a 49 años', 'Hombres']",54
P4,C,VARIABLES DE SEGUIMIENTO DEL PSCV AL CORTE,P4180800,En tratamiento con insulina,COL17,T,20,RANGO ETARIO Y SEXO - 45 a 49 años - Mujeres,RANGO ETARIO Y SEXO,45 a 49 años,Mujeres,,,"['RANGO ETARIO Y SEXO', '45 a 49 años', 'Mujeres']",54
P4,C,VARIABLES DE SEGUIMIENTO DEL PSCV AL CORTE,P4180800,En tratamiento con insulina,COL18,U,21,RANGO ETARIO Y SEXO - 50 a 54 años - Hombres,RANGO ETARIO Y SEXO,50 a 54 años,Hombres,,,"['RANGO ETARIO Y SEXO', '50 a 54 años', 'Hombres']",54
P4,C,VARIABLES DE SEGUIMIENTO DEL PSCV AL CORTE,P4180800,En tratamiento con insulina,COL19,V,22,RANGO ETARIO Y SEXO - 50 a 54 años - Mujeres,RANGO ETARIO Y SEXO,50 a 54 años,Mujeres,,,"['RANGO ETARIO Y SEXO', '50 a 54 años', 'Mujeres']",54
P4,C,VARIABLES DE SEGUIMIENTO DEL PSCV AL CORTE,P4180800,En tratamiento con insulina,COL20,W,23,RANGO ETARIO Y SEXO - 55 a 59 años - Hombres,RANGO ETARIO Y SEXO,55 a 59 años,Hombres,,,"['RANGO ETARIO Y SEXO', '55 a 59 años', 'Hombres']",54
P4,C,VARIABLES DE SEGUIMIENTO DEL PSCV AL CORTE,P4180800,En tratamiento con insulina,COL21,X,24,RANGO ETARIO Y SEXO - 55 a 59 años - Mujeres,RANGO ETARIO Y SEXO,55 a 59 años,Mujeres,,,"['RANGO ETARIO Y SEXO', '55 a 59 años', 'Mujeres']",54
P4,C,VARIABLES DE SEGUIMIENTO DEL PSCV AL CORTE,P4180800,En tratamiento con insulina,COL22,Y,25,RANGO ETARIO Y SEXO - 60 a 64 años - Hombres,RANGO ETARIO Y SEXO,60 a 64 años,Hombres,,,"['RANGO ETARIO Y SEXO', '60 a 64 años', 'Hombres']",54
P4,C,VARIABLES DE SEGUIMIENTO DEL PSCV AL CORTE,P4180800,En tratamiento con insulina,COL23,Z,26,RANGO ETARIO Y SEXO - 60 a 64 años - Mujeres,RANGO ETARIO Y SEXO,60 a 64 años,Mujeres,,,"['RANGO ETARIO Y SEXO', '60 a 64 años', 'Mujeres']",54
P4,C,VARIABLES DE SEGUIMIENTO DEL PSCV AL CORTE,P4180800,En tratamiento con insulina,COL24,AA,27,RANGO ETARIO Y SEXO - 65 a 69 años - Hombres,RANGO ETARIO Y SEXO,65 a 69 años,Hombres,,,"['RANGO ETARIO Y SEXO', '65 a 69 años', 'Hombres']",54
P4,C,VARIABLES DE SEGUIMIENTO DEL PSCV AL CORTE,P4180800,En tratamiento con insulina,COL25,AB,28,RANGO ETARIO Y SEXO - 65 a 69 años - Mujeres,RANGO ETARIO Y SEXO,65 a 69 años,Mujeres,,,"['RANGO ETARIO Y SEXO', '65 a 69 años', 'Mujeres']",54
P4,C,VARIABLES DE SEGUIMIENTO DEL PSCV AL CORTE,P4180800,En tratamiento con insulina,COL26,AC,29,RANGO ETARIO Y SEXO - 70 a 74 años - Hombres,RANGO ETARIO Y SEXO,70 a 74 años,Hombres,,,"['RANGO ETARIO Y SEXO', '70 a 74 años', 'Hombres']",54
P4,C,VARIABLES DE SEGUIMIENTO DEL PSCV AL CORTE,P4180800,En tratamiento con insulina,COL27,AD,30,RANGO ETARIO Y SEXO - 70 a 74 años - Mujeres,RANGO ETARIO Y SEXO,70 a 74 años,Mujeres,,,"['RANGO ETARIO Y SEXO', '70 a 74 años', 'Mujeres']",54
P4,C,VARIABLES DE SEGUIMIENTO DEL PSCV AL CORTE,P4180800,En tratamiento con insulina,COL28,AE,31,RANGO ETARIO Y SEXO - 75 a 79 años - Hombres,RANGO ETARIO Y SEXO,75 a 79 años,Hombres,,,"['RANGO ETARIO Y SEXO', '75 a 79 años', 'Hombres']",54
P4,C,VARIABLES DE SEGUIMIENTO DEL PSCV AL CORTE,P4180800,En tratamiento con insulina,COL29,AF,32,RANGO ETARIO Y SEXO - 75 a 79 años - Mujeres,RANGO ETARIO Y SEXO,75 a 79 años,Mujeres,,,"['RANGO ETARIO Y SEXO', '75 a 79 años', 'Mujeres']",54
P4,C,VARIABLES DE SEGUIMIENTO DEL PSCV AL CORTE,P4180800,En tratamiento con insulina,COL30,AG,33,RANGO ETARIO Y SEXO - 80 y más años - Hombres,RANGO ETARIO Y SEXO,80 y más años,Hombres,,,"['RANGO ETARIO Y SEXO', '80 y más años', 'Hombres']",54
P4,C,VARIABLES DE SEGUIMIENTO DEL PSCV AL CORTE,P4180800,En tratamiento con insulina,COL31,AH,34,RANGO ETARIO Y SEXO - 80 y más años - Mujeres,RANGO ETARIO Y SEXO,80 y más años,Mujeres,,,"['RANGO ETARIO Y SEXO', '80 y más años', 'Mujeres']",54
P4,C,VARIABLES DE SEGUIMIENTO DEL PSCV AL CORTE,P4180800,En tratamiento con insulina,COL32,AI,35,Pueblos Originarios - Hombres,Pueblos Originarios,Hombres,,,,"['Pueblos Originarios', 'Hombres']",54
P4,C,VARIABLES DE SEGUIMIENTO DEL PSCV AL CORTE,P4180800,En tratamiento con insulina,COL33,AJ,36,Pueblos Originarios - Mujeres,Pueblos Originarios,Mujeres,,,,"['Pueblos Originarios', 'Mujeres']",54
P4,C,VARIABLES DE SEGUIMIENTO DEL PSCV AL CORTE,P4180800,En tratamiento con insulina,COL34,AK,37,Migrantes - Hombres,Migrantes,Hombres,,,,"['Migrantes', 'Hombres']",54
P4,C,VARIABLES DE SEGUIMIENTO DEL PSCV AL CORTE,P4180800,En tratamiento con insulina,COL35,AL,38,Migrantes - Mujeres,Migrantes,Mujeres,,,,"['Migrantes', 'Mujeres']",54
P4,C,VARIABLES DE SEGUIMIENTO DEL PSCV AL CORTE,P4200700,En tratamiento con insulina que logra meta con HBA1C según edad,COL01,D,4,TOTAL - Ambos sexos,TOTAL,Ambos sexos,,,,"['TOTAL', 'Ambos sexos']",55
P4,C,VARIABLES DE SEGUIMIENTO DEL PSCV AL CORTE,P4200700,En tratamiento con insulina que logra meta con HBA1C según edad,COL02,E,5,TOTAL - Hombres,TOTAL,Hombres,,,,"['TOTAL', 'Hombres']",55
P4,C,VARIABLES DE SEGUIMIENTO DEL PSCV AL CORTE,P4200700,En tratamiento con insulina que logra meta con HBA1C según edad,COL03,F,6,TOTAL - Mujeres,TOTAL,Mujeres,,,,"['TOTAL', 'Mujeres']",55
P4,C,VARIABLES DE SEGUIMIENTO DEL PSCV AL CORTE,P4200700,En tratamiento con insulina que logra meta con HBA1C según edad,COL04,G,7,RANGO ETARIO Y SEXO - 15 a 19 años - Hombres,RANGO ETARIO Y SEXO,15 a 19 años,Hombres,,,"['RANGO ETARIO Y SEXO', '15 a 19 años', 'Hombres']",55
P4,C,VARIABLES DE SEGUIMIENTO DEL PSCV AL CORTE,P4200700,En tratamiento con insulina que logra meta con HBA1C según edad,COL05,H,8,RANGO ETARIO Y SEXO - 15 a 19 años - Mujeres,RANGO ETARIO Y SEXO,15 a 19 años,Mujeres,,,"['RANGO ETARIO Y SEXO', '15 a 19 años', 'Mujeres']",55
P4,C,VARIABLES DE SEGUIMIENTO DEL PSCV AL CORTE,P4200700,En tratamiento con insulina que logra meta con HBA1C según edad,COL06,I,9,RANGO ETARIO Y SEXO - 20 a 24 años - Hombres,RANGO ETARIO Y SEXO,20 a 24 años,Hombres,,,"['RANGO ETARIO Y SEXO', '20 a 24 años', 'Hombres']",55
P4,C,VARIABLES DE SEGUIMIENTO DEL PSCV AL CORTE,P4200700,En tratamiento con insulina que logra meta con HBA1C según edad,COL07,J,10,RANGO ETARIO Y SEXO - 20 a 24 años - Mujeres,RANGO ETARIO Y SEXO,20 a 24 años,Mujeres,,,"['RANGO ETARIO Y SEXO', '20 a 24 años', 'Mujeres']",55
P4,C,VARIABLES DE SEGUIMIENTO DEL PSCV AL CORTE,P4200700,En tratamiento con insulina que logra meta con HBA1C según edad,COL08,K,11,RANGO ETARIO Y SEXO - 25 a 29 años - Hombres,RANGO ETARIO Y SEXO,25 a 29 años,Hombres,,,"['RANGO ETARIO Y SEXO', '25 a 29 años', 'Hombres']",55
P4,C,VARIABLES DE SEGUIMIENTO DEL PSCV AL CORTE,P4200700,En tratamiento con insulina que logra meta con HBA1C según edad,COL09,L,12,RANGO ETARIO Y SEXO - 25 a 29 años - Mujeres,RANGO ETARIO Y SEXO,25 a 29 años,Mujeres,,,"['RANGO ETARIO Y SEXO', '25 a 29 años', 'Mujeres']",55
P4,C,VARIABLES DE SEGUIMIENTO DEL PSCV AL CORTE,P4200700,En tratamiento con insulina que logra meta con HBA1C según edad,COL10,M,13,RANGO ETARIO Y SEXO - 30 a 34 años - Hombres,RANGO ETARIO Y SEXO,30 a 34 años,Hombres,,,"['RANGO ETARIO Y SEXO', '30 a 34 años', 'Hombres']",55
P4,C,VARIABLES DE SEGUIMIENTO DEL PSCV AL CORTE,P4200700,En tratamiento con insulina que logra meta con HBA1C según edad,COL11,N,14,RANGO ETARIO Y SEXO - 30 a 34 años - Mujeres,RANGO ETARIO Y SEXO,30 a 34 años,Mujeres,,,"['RANGO ETARIO Y SEXO', '30 a 34 años', 'Mujeres']",55
P4,C,VARIABLES DE SEGUIMIENTO DEL PSCV AL CORTE,P4200700,En tratamiento con insulina que logra meta con HBA1C según edad,COL12,O,15,RANGO ETARIO Y SEXO - 35 a 39 años - Hombres,RANGO ETARIO Y SEXO,35 a 39 años,Hombres,,,"['RANGO ETARIO Y SEXO', '35 a 39 años', 'Hombres']",55
P4,C,VARIABLES DE SEGUIMIENTO DEL PSCV AL CORTE,P4200700,En tratamiento con insulina que logra meta con HBA1C según edad,COL13,P,16,RANGO ETARIO Y SEXO - 35 a 39 años - Mujeres,RANGO ETARIO Y SEXO,35 a 39 años,Mujeres,,,"['RANGO ETARIO Y SEXO', '35 a 39 años', 'Mujeres']",55
P4,C,VARIABLES DE SEGUIMIENTO DEL PSCV AL CORTE,P4200700,En tratamiento con insulina que logra meta con HBA1C según edad,COL14,Q,17,RANGO ETARIO Y SEXO - 40 a 44 años - Hombres,RANGO ETARIO Y SEXO,40 a 44 años,Hombres,,,"['RANGO ETARIO Y SEXO', '40 a 44 años', 'Hombres']",55
P4,C,VARIABLES DE SEGUIMIENTO DEL PSCV AL CORTE,P4200700,En tratamiento con insulina que logra meta con HBA1C según edad,COL15,R,18,RANGO ETARIO Y SEXO - 40 a 44 años - Mujeres,RANGO ETARIO Y SEXO,40 a 44 años,Mujeres,,,"['RANGO ETARIO Y SEXO', '40 a 44 años', 'Mujeres']",55
P4,C,VARIABLES DE SEGUIMIENTO DEL PSCV AL CORTE,P4200700,En tratamiento con insulina que logra meta con HBA1C según edad,COL16,S,19,RANGO ETARIO Y SEXO - 45 a 49 años - Hombres,RANGO ETARIO Y SEXO,45 a 49 años,Hombres,,,"['RANGO ETARIO Y SEXO', '45 a 49 años', 'Hombres']",55
P4,C,VARIABLES DE SEGUIMIENTO DEL PSCV AL CORTE,P4200700,En tratamiento con insulina que logra meta con HBA1C según edad,COL17,T,20,RANGO ETARIO Y SEXO - 45 a 49 años - Mujeres,RANGO ETARIO Y SEXO,45 a 49 años,Mujeres,,,"['RANGO ETARIO Y SEXO', '45 a 49 años', 'Mujeres']",55
P4,C,VARIABLES DE SEGUIMIENTO DEL PSCV AL CORTE,P4200700,En tratamiento con insulina que logra meta con HBA1C según edad,COL18,U,21,RANGO ETARIO Y SEXO - 50 a 54 años - Hombres,RANGO ETARIO Y SEXO,50 a 54 años,Hombres,,,"['RANGO ETARIO Y SEXO', '50 a 54 años', 'Hombres']",55
P4,C,VARIABLES DE SEGUIMIENTO DEL PSCV AL CORTE,P4200700,En tratamiento con insulina que logra meta con HBA1C según edad,COL19,V,22,RANGO ETARIO Y SEXO - 50 a 54 años - Mujeres,RANGO ETARIO Y SEXO,50 a 54 años,Mujeres,,,"['RANGO ETARIO Y SEXO', '50 a 54 años', 'Mujeres']",55
P4,C,VARIABLES DE SEGUIMIENTO DEL PSCV AL CORTE,P4200700,En tratamiento con insulina que logra meta con HBA1C según edad,COL20,W,23,RANGO ETARIO Y SEXO - 55 a 59 años - Hombres,RANGO ETARIO Y SEXO,55 a 59 años,Hombres,,,"['RANGO ETARIO Y SEXO', '55 a 59 años', 'Hombres']",55
P4,C,VARIABLES DE SEGUIMIENTO DEL PSCV AL CORTE,P4200700,En tratamiento con insulina que logra meta con HBA1C según edad,COL21,X,24,RANGO ETARIO Y SEXO - 55 a 59 años - Mujeres,RANGO ETARIO Y SEXO,55 a 59 años,Mujeres,,,"['RANGO ETARIO Y SEXO', '55 a 59 años', 'Mujeres']",55
P4,C,VARIABLES DE SEGUIMIENTO DEL PSCV AL CORTE,P4200700,En tratamiento con insulina que logra meta con HBA1C según edad,COL22,Y,25,RANGO ETARIO Y SEXO - 60 a 64 años - Hombres,RANGO ETARIO Y SEXO,60 a 64 años,Hombres,,,"['RANGO ETARIO Y SEXO', '60 a 64 años', 'Hombres']",55
P4,C,VARIABLES DE SEGUIMIENTO DEL PSCV AL CORTE,P4200700,En tratamiento con insulina que logra meta con HBA1C según edad,COL23,Z,26,RANGO ETARIO Y SEXO - 60 a 64 años - Mujeres,RANGO ETARIO Y SEXO,60 a 64 años,Mujeres,,,"['RANGO ETARIO Y SEXO', '60 a 64 años', 'Mujeres']",55
P4,C,VARIABLES DE SEGUIMIENTO DEL PSCV AL CORTE,P4200700,En tratamiento con insulina que logra meta con HBA1C según edad,COL24,AA,27,RANGO ETARIO Y SEXO - 65 a 69 años - Hombres,RANGO ETARIO Y SEXO,65 a 69 años,Hombres,,,"['RANGO ETARIO Y SEXO', '65 a 69 años', 'Hombres']",55
P4,C,VARIABLES DE SEGUIMIENTO DEL PSCV AL CORTE,P4200700,En tratamiento con insulina que logra meta con HBA1C según edad,COL25,AB,28,RANGO ETARIO Y SEXO - 65 a 69 años - Mujeres,RANGO ETARIO Y SEXO,65 a 69 años,Mujeres,,,"['RANGO ETARIO Y SEXO', '65 a 69 años', 'Mujeres']",55
P4,C,VARIABLES DE SEGUIMIENTO DEL PSCV AL CORTE,P4200700,En tratamiento con insulina que logra meta con HBA1C según edad,COL26,AC,29,RANGO ETARIO Y SEXO - 70 a 74 años - Hombres,RANGO ETARIO Y SEXO,70 a 74 años,Hombres,,,"['RANGO ETARIO Y SEXO', '70 a 74 años', 'Hombres']",55
P4,C,VARIABLES DE SEGUIMIENTO DEL PSCV AL CORTE,P4200700,En tratamiento con insulina que logra meta con HBA1C según edad,COL27,AD,30,RANGO ETARIO Y SEXO - 70 a 74 años - Mujeres,RANGO ETARIO Y SEXO,70 a 74 años,Mujeres,,,"['RANGO ETARIO Y SEXO', '70 a 74 años', 'Mujeres']",55
P4,C,VARIABLES DE SEGUIMIENTO DEL PSCV AL CORTE,P4200700,En tratamiento con insulina que logra meta con HBA1C según edad,COL28,AE,31,RANGO ETARIO Y SEXO - 75 a 79 años - Hombres,RANGO ETARIO Y SEXO,75 a 79 años,Hombres,,,"['RANGO ETARIO Y SEXO', '75 a 79 años', 'Hombres']",55
P4,C,VARIABLES DE SEGUIMIENTO DEL PSCV AL CORTE,P4200700,En tratamiento con insulina que logra meta con HBA1C según edad,COL29,AF,32,RANGO ETARIO Y SEXO - 75 a 79 años - Mujeres,RANGO ETARIO Y SEXO,75 a 79 años,Mujeres,,,"['RANGO ETARIO Y SEXO', '75 a 79 años', 'Mujeres']",55
P4,C,VARIABLES DE SEGUIMIENTO DEL PSCV AL CORTE,P4200700,En tratamiento con insulina que logra meta con HBA1C según edad,COL30,AG,33,RANGO ETARIO Y SEXO - 80 y más años - Hombres,RANGO ETARIO Y SEXO,80 y más años,Hombres,,,"['RANGO ETARIO Y SEXO', '80 y más años', 'Hombres']",55
P4,C,VARIABLES DE SEGUIMIENTO DEL PSCV AL CORTE,P4200700,En tratamiento con insulina que logra meta con HBA1C según edad,COL31,AH,34,RANGO ETARIO Y SEXO - 80 y más años - Mujeres,RANGO ETARIO Y SEXO,80 y más años,Mujeres,,,"['RANGO ETARIO Y SEXO', '80 y más años', 'Mujeres']",55
P4,C,VARIABLES DE SEGUIMIENTO DEL PSCV AL CORTE,P4200700,En tratamiento con insulina que logra meta con HBA1C según edad,COL32,AI,35,Pueblos Originarios - Hombres,Pueblos Originarios,Hombres,,,,"['Pueblos Originarios', 'Hombres']",55
P4,C,VARIABLES DE SEGUIMIENTO DEL PSCV AL CORTE,P4200700,En tratamiento con insulina que logra meta con HBA1C según edad,COL33,AJ,36,Pueblos Originarios - Mujeres,Pueblos Originarios,Mujeres,,,,"['Pueblos Originarios', 'Mujeres']",55
P4,C,VARIABLES DE SEGUIMIENTO DEL PSCV AL CORTE,P4200700,En tratamiento con insulina que logra meta con HBA1C según edad,COL34,AK,37,Migrantes - Hombres,Migrantes,Hombres,,,,"['Migrantes', 'Hombres']",55
P4,C,VARIABLES DE SEGUIMIENTO DEL PSCV AL CORTE,P4200700,En tratamiento con insulina que logra meta con HBA1C según edad,COL35,AL,38,Migrantes - Mujeres,Migrantes,Mujeres,,,,"['Migrantes', 'Mujeres']",55
P4,C,VARIABLES DE SEGUIMIENTO DEL PSCV AL CORTE,P4190960,Con HBA1C >= 9 %,COL01,D,4,TOTAL - Ambos sexos,TOTAL,Ambos sexos,,,,"['TOTAL', 'Ambos sexos']",56
P4,C,VARIABLES DE SEGUIMIENTO DEL PSCV AL CORTE,P4190960,Con HBA1C >= 9 %,COL02,E,5,TOTAL - Hombres,TOTAL,Hombres,,,,"['TOTAL', 'Hombres']",56
P4,C,VARIABLES DE SEGUIMIENTO DEL PSCV AL CORTE,P4190960,Con HBA1C >= 9 %,COL03,F,6,TOTAL - Mujeres,TOTAL,Mujeres,,,,"['TOTAL', 'Mujeres']",56
P4,C,VARIABLES DE SEGUIMIENTO DEL PSCV AL CORTE,P4190960,Con HBA1C >= 9 %,COL04,G,7,RANGO ETARIO Y SEXO - 15 a 19 años - Hombres,RANGO ETARIO Y SEXO,15 a 19 años,Hombres,,,"['RANGO ETARIO Y SEXO', '15 a 19 años', 'Hombres']",56
P4,C,VARIABLES DE SEGUIMIENTO DEL PSCV AL CORTE,P4190960,Con HBA1C >= 9 %,COL05,H,8,RANGO ETARIO Y SEXO - 15 a 19 años - Mujeres,RANGO ETARIO Y SEXO,15 a 19 años,Mujeres,,,"['RANGO ETARIO Y SEXO', '15 a 19 años', 'Mujeres']",56
P4,C,VARIABLES DE SEGUIMIENTO DEL PSCV AL CORTE,P4190960,Con HBA1C >= 9 %,COL06,I,9,RANGO ETARIO Y SEXO - 20 a 24 años - Hombres,RANGO ETARIO Y SEXO,20 a 24 años,Hombres,,,"['RANGO ETARIO Y SEXO', '20 a 24 años', 'Hombres']",56
P4,C,VARIABLES DE SEGUIMIENTO DEL PSCV AL CORTE,P4190960,Con HBA1C >= 9 %,COL07,J,10,RANGO ETARIO Y SEXO - 20 a 24 años - Mujeres,RANGO ETARIO Y SEXO,20 a 24 años,Mujeres,,,"['RANGO ETARIO Y SEXO', '20 a 24 años', 'Mujeres']",56
P4,C,VARIABLES DE SEGUIMIENTO DEL PSCV AL CORTE,P4190960,Con HBA1C >= 9 %,COL08,K,11,RANGO ETARIO Y SEXO - 25 a 29 años - Hombres,RANGO ETARIO Y SEXO,25 a 29 años,Hombres,,,"['RANGO ETARIO Y SEXO', '25 a 29 años', 'Hombres']",56
P4,C,VARIABLES DE SEGUIMIENTO DEL PSCV AL CORTE,P4190960,Con HBA1C >= 9 %,COL09,L,12,RANGO ETARIO Y SEXO - 25 a 29 años - Mujeres,RANGO ETARIO Y SEXO,25 a 29 años,Mujeres,,,"['RANGO ETARIO Y SEXO', '25 a 29 años', 'Mujeres']",56
P4,C,VARIABLES DE SEGUIMIENTO DEL PSCV AL CORTE,P4190960,Con HBA1C >= 9 %,COL10,M,13,RANGO ETARIO Y SEXO - 30 a 34 años - Hombres,RANGO ETARIO Y SEXO,30 a 34 años,Hombres,,,"['RANGO ETARIO Y SEXO', '30 a 34 años', 'Hombres']",56
P4,C,VARIABLES DE SEGUIMIENTO DEL PSCV AL CORTE,P4190960,Con HBA1C >= 9 %,COL11,N,14,RANGO ETARIO Y SEXO - 30 a 34 años - Mujeres,RANGO ETARIO Y SEXO,30 a 34 años,Mujeres,,,"['RANGO ETARIO Y SEXO', '30 a 34 años', 'Mujeres']",56
P4,C,VARIABLES DE SEGUIMIENTO DEL PSCV AL CORTE,P4190960,Con HBA1C >= 9 %,COL12,O,15,RANGO ETARIO Y SEXO - 35 a 39 años - Hombres,RANGO ETARIO Y SEXO,35 a 39 años,Hombres,,,"['RANGO ETARIO Y SEXO', '35 a 39 años', 'Hombres']",56
P4,C,VARIABLES DE SEGUIMIENTO DEL PSCV AL CORTE,P4190960,Con HBA1C >= 9 %,COL13,P,16,RANGO ETARIO Y SEXO - 35 a 39 años - Mujeres,RANGO ETARIO Y SEXO,35 a 39 años,Mujeres,,,"['RANGO ETARIO Y SEXO', '35 a 39 años', 'Mujeres']",56
P4,C,VARIABLES DE SEGUIMIENTO DEL PSCV AL CORTE,P4190960,Con HBA1C >= 9 %,COL14,Q,17,RANGO ETARIO Y SEXO - 40 a 44 años - Hombres,RANGO ETARIO Y SEXO,40 a 44 años,Hombres,,,"['RANGO ETARIO Y SEXO', '40 a 44 años', 'Hombres']",56
P4,C,VARIABLES DE SEGUIMIENTO DEL PSCV AL CORTE,P4190960,Con HBA1C >= 9 %,COL15,R,18,RANGO ETARIO Y SEXO - 40 a 44 años - Mujeres,RANGO ETARIO Y SEXO,40 a 44 años,Mujeres,,,"['RANGO ETARIO Y SEXO', '40 a 44 años', 'Mujeres']",56
P4,C,VARIABLES DE SEGUIMIENTO DEL PSCV AL CORTE,P4190960,Con HBA1C >= 9 %,COL16,S,19,RANGO ETARIO Y SEXO - 45 a 49 años - Hombres,RANGO ETARIO Y SEXO,45 a 49 años,Hombres,,,"['RANGO ETARIO Y SEXO', '45 a 49 años', 'Hombres']",56
P4,C,VARIABLES DE SEGUIMIENTO DEL PSCV AL CORTE,P4190960,Con HBA1C >= 9 %,COL17,T,20,RANGO ETARIO Y SEXO - 45 a 49 años - Mujeres,RANGO ETARIO Y SEXO,45 a 49 años,Mujeres,,,"['RANGO ETARIO Y SEXO', '45 a 49 años', 'Mujeres']",56
P4,C,VARIABLES DE SEGUIMIENTO DEL PSCV AL CORTE,P4190960,Con HBA1C >= 9 %,COL18,U,21,RANGO ETARIO Y SEXO - 50 a 54 años - Hombres,RANGO ETARIO Y SEXO,50 a 54 años,Hombres,,,"['RANGO ETARIO Y SEXO', '50 a 54 años', 'Hombres']",56
P4,C,VARIABLES DE SEGUIMIENTO DEL PSCV AL CORTE,P4190960,Con HBA1C >= 9 %,COL19,V,22,RANGO ETARIO Y SEXO - 50 a 54 años - Mujeres,RANGO ETARIO Y SEXO,50 a 54 años,Mujeres,,,"['RANGO ETARIO Y SEXO', '50 a 54 años', 'Mujeres']",56
P4,C,VARIABLES DE SEGUIMIENTO DEL PSCV AL CORTE,P4190960,Con HBA1C >= 9 %,COL20,W,23,RANGO ETARIO Y SEXO - 55 a 59 años - Hombres,RANGO ETARIO Y SEXO,55 a 59 años,Hombres,,,"['RANGO ETARIO Y SEXO', '55 a 59 años', 'Hombres']",56
P4,C,VARIABLES DE SEGUIMIENTO DEL PSCV AL CORTE,P4190960,Con HBA1C >= 9 %,COL21,X,24,RANGO ETARIO Y SEXO - 55 a 59 años - Mujeres,RANGO ETARIO Y SEXO,55 a 59 años,Mujeres,,,"['RANGO ETARIO Y SEXO', '55 a 59 años', 'Mujeres']",56
P4,C,VARIABLES DE SEGUIMIENTO DEL PSCV AL CORTE,P4190960,Con HBA1C >= 9 %,COL22,Y,25,RANGO ETARIO Y SEXO - 60 a 64 años - Hombres,RANGO ETARIO Y SEXO,60 a 64 años,Hombres,,,"['RANGO ETARIO Y SEXO', '60 a 64 años', 'Hombres']",56
P4,C,VARIABLES DE SEGUIMIENTO DEL PSCV AL CORTE,P4190960,Con HBA1C >= 9 %,COL23,Z,26,RANGO ETARIO Y SEXO - 60 a 64 años - Mujeres,RANGO ETARIO Y SEXO,60 a 64 años,Mujeres,,,"['RANGO ETARIO Y SEXO', '60 a 64 años', 'Mujeres']",56
P4,C,VARIABLES DE SEGUIMIENTO DEL PSCV AL CORTE,P4190960,Con HBA1C >= 9 %,COL24,AA,27,RANGO ETARIO Y SEXO - 65 a 69 años - Hombres,RANGO ETARIO Y SEXO,65 a 69 años,Hombres,,,"['RANGO ETARIO Y SEXO', '65 a 69 años', 'Hombres']",56
P4,C,VARIABLES DE SEGUIMIENTO DEL PSCV AL CORTE,P4190960,Con HBA1C >= 9 %,COL25,AB,28,RANGO ETARIO Y SEXO - 65 a 69 años - Mujeres,RANGO ETARIO Y SEXO,65 a 69 años,Mujeres,,,"['RANGO ETARIO Y SEXO', '65 a 69 años', 'Mujeres']",56
P4,C,VARIABLES DE SEGUIMIENTO DEL PSCV AL CORTE,P4190960,Con HBA1C >= 9 %,COL26,AC,29,RANGO ETARIO Y SEXO - 70 a 74 años - Hombres,RANGO ETARIO Y SEXO,70 a 74 años,Hombres,,,"['RANGO ETARIO Y SEXO', '70 a 74 años', 'Hombres']",56
P4,C,VARIABLES DE SEGUIMIENTO DEL PSCV AL CORTE,P4190960,Con HBA1C >= 9 %,COL27,AD,30,RANGO ETARIO Y SEXO - 70 a 74 años - Mujeres,RANGO ETARIO Y SEXO,70 a 74 años,Mujeres,,,"['RANGO ETARIO Y SEXO', '70 a 74 años', 'Mujeres']",56
P4,C,VARIABLES DE SEGUIMIENTO DEL PSCV AL CORTE,P4190960,Con HBA1C >= 9 %,COL28,AE,31,RANGO ETARIO Y SEXO - 75 a 79 años - Hombres,RANGO ETARIO Y SEXO,75 a 79 años,Hombres,,,"['RANGO ETARIO Y SEXO', '75 a 79 años', 'Hombres']",56
P4,C,VARIABLES DE SEGUIMIENTO DEL PSCV AL CORTE,P4190960,Con HBA1C >= 9 %,COL29,AF,32,RANGO ETARIO Y SEXO - 75 a 79 años - Mujeres,RANGO ETARIO Y SEXO,75 a 79 años,Mujeres,,,"['RANGO ETARIO Y SEXO', '75 a 79 años', 'Mujeres']",56
P4,C,VARIABLES DE SEGUIMIENTO DEL PSCV AL CORTE,P4190960,Con HBA1C >= 9 %,COL30,AG,33,RANGO ETARIO Y SEXO - 80 y más años - Hombres,RANGO ETARIO Y SEXO,80 y más años,Hombres,,,"['RANGO ETARIO Y SEXO', '80 y más años', 'Hombres']",56
P4,C,VARIABLES DE SEGUIMIENTO DEL PSCV AL CORTE,P4190960,Con HBA1C >= 9 %,COL31,AH,34,RANGO ETARIO Y SEXO - 80 y más años - Mujeres,RANGO ETARIO Y SEXO,80 y más años,Mujeres,,,"['RANGO ETARIO Y SEXO', '80 y más años', 'Mujeres']",56
P4,C,VARIABLES DE SEGUIMIENTO DEL PSCV AL CORTE,P4190960,Con HBA1C >= 9 %,COL32,AI,35,Pueblos Originarios - Hombres,Pueblos Originarios,Hombres,,,,"['Pueblos Originarios', 'Hombres']",56
P4,C,VARIABLES DE SEGUIMIENTO DEL PSCV AL CORTE,P4190960,Con HBA1C >= 9 %,COL33,AJ,36,Pueblos Originarios - Mujeres,Pueblos Originarios,Mujeres,,,,"['Pueblos Originarios', 'Mujeres']",56
P4,C,VARIABLES DE SEGUIMIENTO DEL PSCV AL CORTE,P4190960,Con HBA1C >= 9 %,COL34,AK,37,Migrantes - Hombres,Migrantes,Hombres,,,,"['Migrantes', 'Hombres']",56
P4,C,VARIABLES DE SEGUIMIENTO DEL PSCV AL CORTE,P4190960,Con HBA1C >= 9 %,COL35,AL,38,Migrantes - Mujeres,Migrantes,Mujeres,,,,"['Migrantes', 'Mujeres']",56
P4,C,VARIABLES DE SEGUIMIENTO DEL PSCV AL CORTE,P4301050,Fumador actual,COL01,D,4,TOTAL - Ambos sexos,TOTAL,Ambos sexos,,,,"['TOTAL', 'Ambos sexos']",57
P4,C,VARIABLES DE SEGUIMIENTO DEL PSCV AL CORTE,P4301050,Fumador actual,COL02,E,5,TOTAL - Hombres,TOTAL,Hombres,,,,"['TOTAL', 'Hombres']",57
P4,C,VARIABLES DE SEGUIMIENTO DEL PSCV AL CORTE,P4301050,Fumador actual,COL03,F,6,TOTAL - Mujeres,TOTAL,Mujeres,,,,"['TOTAL', 'Mujeres']",57
P4,C,VARIABLES DE SEGUIMIENTO DEL PSCV AL CORTE,P4301050,Fumador actual,COL04,G,7,RANGO ETARIO Y SEXO - 15 a 19 años - Hombres,RANGO ETARIO Y SEXO,15 a 19 años,Hombres,,,"['RANGO ETARIO Y SEXO', '15 a 19 años', 'Hombres']",57
P4,C,VARIABLES DE SEGUIMIENTO DEL PSCV AL CORTE,P4301050,Fumador actual,COL05,H,8,RANGO ETARIO Y SEXO - 15 a 19 años - Mujeres,RANGO ETARIO Y SEXO,15 a 19 años,Mujeres,,,"['RANGO ETARIO Y SEXO', '15 a 19 años', 'Mujeres']",57
P4,C,VARIABLES DE SEGUIMIENTO DEL PSCV AL CORTE,P4301050,Fumador actual,COL06,I,9,RANGO ETARIO Y SEXO - 20 a 24 años - Hombres,RANGO ETARIO Y SEXO,20 a 24 años,Hombres,,,"['RANGO ETARIO Y SEXO', '20 a 24 años', 'Hombres']",57
P4,C,VARIABLES DE SEGUIMIENTO DEL PSCV AL CORTE,P4301050,Fumador actual,COL07,J,10,RANGO ETARIO Y SEXO - 20 a 24 años - Mujeres,RANGO ETARIO Y SEXO,20 a 24 años,Mujeres,,,"['RANGO ETARIO Y SEXO', '20 a 24 años', 'Mujeres']",57
P4,C,VARIABLES DE SEGUIMIENTO DEL PSCV AL CORTE,P4301050,Fumador actual,COL08,K,11,RANGO ETARIO Y SEXO - 25 a 29 años - Hombres,RANGO ETARIO Y SEXO,25 a 29 años,Hombres,,,"['RANGO ETARIO Y SEXO', '25 a 29 años', 'Hombres']",57
P4,C,VARIABLES DE SEGUIMIENTO DEL PSCV AL CORTE,P4301050,Fumador actual,COL09,L,12,RANGO ETARIO Y SEXO - 25 a 29 años - Mujeres,RANGO ETARIO Y SEXO,25 a 29 años,Mujeres,,,"['RANGO ETARIO Y SEXO', '25 a 29 años', 'Mujeres']",57
P4,C,VARIABLES DE SEGUIMIENTO DEL PSCV AL CORTE,P4301050,Fumador actual,COL10,M,13,RANGO ETARIO Y SEXO - 30 a 34 años - Hombres,RANGO ETARIO Y SEXO,30 a 34 años,Hombres,,,"['RANGO ETARIO Y SEXO', '30 a 34 años', 'Hombres']",57
P4,C,VARIABLES DE SEGUIMIENTO DEL PSCV AL CORTE,P4301050,Fumador actual,COL11,N,14,RANGO ETARIO Y SEXO - 30 a 34 años - Mujeres,RANGO ETARIO Y SEXO,30 a 34 años,Mujeres,,,"['RANGO ETARIO Y SEXO', '30 a 34 años', 'Mujeres']",57
P4,C,VARIABLES DE SEGUIMIENTO DEL PSCV AL CORTE,P4301050,Fumador actual,COL12,O,15,RANGO ETARIO Y SEXO - 35 a 39 años - Hombres,RANGO ETARIO Y SEXO,35 a 39 años,Hombres,,,"['RANGO ETARIO Y SEXO', '35 a 39 años', 'Hombres']",57
P4,C,VARIABLES DE SEGUIMIENTO DEL PSCV AL CORTE,P4301050,Fumador actual,COL13,P,16,RANGO ETARIO Y SEXO - 35 a 39 años - Mujeres,RANGO ETARIO Y SEXO,35 a 39 años,Mujeres,,,"['RANGO ETARIO Y SEXO', '35 a 39 años', 'Mujeres']",57
P4,C,VARIABLES DE SEGUIMIENTO DEL PSCV AL CORTE,P4301050,Fumador actual,COL14,Q,17,RANGO ETARIO Y SEXO - 40 a 44 años - Hombres,RANGO ETARIO Y SEXO,40 a 44 años,Hombres,,,"['RANGO ETARIO Y SEXO', '40 a 44 años', 'Hombres']",57
P4,C,VARIABLES DE SEGUIMIENTO DEL PSCV AL CORTE,P4301050,Fumador actual,COL15,R,18,RANGO ETARIO Y SEXO - 40 a 44 años - Mujeres,RANGO ETARIO Y SEXO,40 a 44 años,Mujeres,,,"['RANGO ETARIO Y SEXO', '40 a 44 años', 'Mujeres']",57
P4,C,VARIABLES DE SEGUIMIENTO DEL PSCV AL CORTE,P4301050,Fumador actual,COL16,S,19,RANGO ETARIO Y SEXO - 45 a 49 años - Hombres,RANGO ETARIO Y SEXO,45 a 49 años,Hombres,,,"['RANGO ETARIO Y SEXO', '45 a 49 años', 'Hombres']",57
P4,C,VARIABLES DE SEGUIMIENTO DEL PSCV AL CORTE,P4301050,Fumador actual,COL17,T,20,RANGO ETARIO Y SEXO - 45 a 49 años - Mujeres,RANGO ETARIO Y SEXO,45 a 49 años,Mujeres,,,"['RANGO ETARIO Y SEXO', '45 a 49 años', 'Mujeres']",57
P4,C,VARIABLES DE SEGUIMIENTO DEL PSCV AL CORTE,P4301050,Fumador actual,COL18,U,21,RANGO ETARIO Y SEXO - 50 a 54 años - Hombres,RANGO ETARIO Y SEXO,50 a 54 años,Hombres,,,"['RANGO ETARIO Y SEXO', '50 a 54 años', 'Hombres']",57
P4,C,VARIABLES DE SEGUIMIENTO DEL PSCV AL CORTE,P4301050,Fumador actual,COL19,V,22,RANGO ETARIO Y SEXO - 50 a 54 años - Mujeres,RANGO ETARIO Y SEXO,50 a 54 años,Mujeres,,,"['RANGO ETARIO Y SEXO', '50 a 54 años', 'Mujeres']",57
P4,C,VARIABLES DE SEGUIMIENTO DEL PSCV AL CORTE,P4301050,Fumador actual,COL20,W,23,RANGO ETARIO Y SEXO - 55 a 59 años - Hombres,RANGO ETARIO Y SEXO,55 a 59 años,Hombres,,,"['RANGO ETARIO Y SEXO', '55 a 59 años', 'Hombres']",57
P4,C,VARIABLES DE SEGUIMIENTO DEL PSCV AL CORTE,P4301050,Fumador actual,COL21,X,24,RANGO ETARIO Y SEXO - 55 a 59 años - Mujeres,RANGO ETARIO Y SEXO,55 a 59 años,Mujeres,,,"['RANGO ETARIO Y SEXO', '55 a 59 años', 'Mujeres']",57
P4,C,VARIABLES DE SEGUIMIENTO DEL PSCV AL CORTE,P4301050,Fumador actual,COL22,Y,25,RANGO ETARIO Y SEXO - 60 a 64 años - Hombres,RANGO ETARIO Y SEXO,60 a 64 años,Hombres,,,"['RANGO ETARIO Y SEXO', '60 a 64 años', 'Hombres']",57
P4,C,VARIABLES DE SEGUIMIENTO DEL PSCV AL CORTE,P4301050,Fumador actual,COL23,Z,26,RANGO ETARIO Y SEXO - 60 a 64 años - Mujeres,RANGO ETARIO Y SEXO,60 a 64 años,Mujeres,,,"['RANGO ETARIO Y SEXO', '60 a 64 años', 'Mujeres']",57
P4,C,VARIABLES DE SEGUIMIENTO DEL PSCV AL CORTE,P4301050,Fumador actual,COL24,AA,27,RANGO ETARIO Y SEXO - 65 a 69 años - Hombres,RANGO ETARIO Y SEXO,65 a 69 años,Hombres,,,"['RANGO ETARIO Y SEXO', '65 a 69 años', 'Hombres']",57
P4,C,VARIABLES DE SEGUIMIENTO DEL PSCV AL CORTE,P4301050,Fumador actual,COL25,AB,28,RANGO ETARIO Y SEXO - 65 a 69 años - Mujeres,RANGO ETARIO Y SEXO,65 a 69 años,Mujeres,,,"['RANGO ETARIO Y SEXO', '65 a 69 años', 'Mujeres']",57
P4,C,VARIABLES DE SEGUIMIENTO DEL PSCV AL CORTE,P4301050,Fumador actual,COL26,AC,29,RANGO ETARIO Y SEXO - 70 a 74 años - Hombres,RANGO ETARIO Y SEXO,70 a 74 años,Hombres,,,"['RANGO ETARIO Y SEXO', '70 a 74 años', 'Hombres']",57
P4,C,VARIABLES DE SEGUIMIENTO DEL PSCV AL CORTE,P4301050,Fumador actual,COL27,AD,30,RANGO ETARIO Y SEXO - 70 a 74 años - Mujeres,RANGO ETARIO Y SEXO,70 a 74 años,Mujeres,,,"['RANGO ETARIO Y SEXO', '70 a 74 años', 'Mujeres']",57
P4,C,VARIABLES DE SEGUIMIENTO DEL PSCV AL CORTE,P4301050,Fumador actual,COL28,AE,31,RANGO ETARIO Y SEXO - 75 a 79 años - Hombres,RANGO ETARIO Y SEXO,75 a 79 años,Hombres,,,"['RANGO ETARIO Y SEXO', '75 a 79 años', 'Hombres']",57
P4,C,VARIABLES DE SEGUIMIENTO DEL PSCV AL CORTE,P4301050,Fumador actual,COL29,AF,32,RANGO ETARIO Y SEXO - 75 a 79 años - Mujeres,RANGO ETARIO Y SEXO,75 a 79 años,Mujeres,,,"['RANGO ETARIO Y SEXO', '75 a 79 años', 'Mujeres']",57
P4,C,VARIABLES DE SEGUIMIENTO DEL PSCV AL CORTE,P4301050,Fumador actual,COL30,AG,33,RANGO ETARIO Y SEXO - 80 y más años - Hombres,RANGO ETARIO Y SEXO,80 y más años,Hombres,,,"['RANGO ETARIO Y SEXO', '80 y más años', 'Hombres']",57
P4,C,VARIABLES DE SEGUIMIENTO DEL PSCV AL CORTE,P4301050,Fumador actual,COL31,AH,34,RANGO ETARIO Y SEXO - 80 y más años - Mujeres,RANGO ETARIO Y SEXO,80 y más años,Mujeres,,,"['RANGO ETARIO Y SEXO', '80 y más años', 'Mujeres']",57
P4,C,VARIABLES DE SEGUIMIENTO DEL PSCV AL CORTE,P4301050,Fumador actual,COL32,AI,35,Pueblos Originarios - Hombres,Pueblos Originarios,Hombres,,,,"['Pueblos Originarios', 'Hombres']",57
P4,C,VARIABLES DE SEGUIMIENTO DEL PSCV AL CORTE,P4301050,Fumador actual,COL33,AJ,36,Pueblos Originarios - Mujeres,Pueblos Originarios,Mujeres,,,,"['Pueblos Originarios', 'Mujeres']",57
P4,C,VARIABLES DE SEGUIMIENTO DEL PSCV AL CORTE,P4301050,Fumador actual,COL34,AK,37,Migrantes - Hombres,Migrantes,Hombres,,,,"['Migrantes', 'Hombres']",57
P4,C,VARIABLES DE SEGUIMIENTO DEL PSCV AL CORTE,P4301050,Fumador actual,COL35,AL,38,Migrantes - Mujeres,Migrantes,Mujeres,,,,"['Migrantes', 'Mujeres']",57
P4,C,VARIABLES DE SEGUIMIENTO DEL PSCV AL CORTE,P4401019,Con ERC (todas las etapas) y en tratamiento con IECA o ARA II,COL01,D,4,TOTAL - Ambos sexos,TOTAL,Ambos sexos,,,,"['TOTAL', 'Ambos sexos']",58
P4,C,VARIABLES DE SEGUIMIENTO DEL PSCV AL CORTE,P4401019,Con ERC (todas las etapas) y en tratamiento con IECA o ARA II,COL02,E,5,TOTAL - Hombres,TOTAL,Hombres,,,,"['TOTAL', 'Hombres']",58
P4,C,VARIABLES DE SEGUIMIENTO DEL PSCV AL CORTE,P4401019,Con ERC (todas las etapas) y en tratamiento con IECA o ARA II,COL03,F,6,TOTAL - Mujeres,TOTAL,Mujeres,,,,"['TOTAL', 'Mujeres']",58
P4,C,VARIABLES DE SEGUIMIENTO DEL PSCV AL CORTE,P4401019,Con ERC (todas las etapas) y en tratamiento con IECA o ARA II,COL04,G,7,RANGO ETARIO Y SEXO - 15 a 19 años - Hombres,RANGO ETARIO Y SEXO,15 a 19 años,Hombres,,,"['RANGO ETARIO Y SEXO', '15 a 19 años', 'Hombres']",58
P4,C,VARIABLES DE SEGUIMIENTO DEL PSCV AL CORTE,P4401019,Con ERC (todas las etapas) y en tratamiento con IECA o ARA II,COL05,H,8,RANGO ETARIO Y SEXO - 15 a 19 años - Mujeres,RANGO ETARIO Y SEXO,15 a 19 años,Mujeres,,,"['RANGO ETARIO Y SEXO', '15 a 19 años', 'Mujeres']",58
P4,C,VARIABLES DE SEGUIMIENTO DEL PSCV AL CORTE,P4401019,Con ERC (todas las etapas) y en tratamiento con IECA o ARA II,COL06,I,9,RANGO ETARIO Y SEXO - 20 a 24 años - Hombres,RANGO ETARIO Y SEXO,20 a 24 años,Hombres,,,"['RANGO ETARIO Y SEXO', '20 a 24 años', 'Hombres']",58
P4,C,VARIABLES DE SEGUIMIENTO DEL PSCV AL CORTE,P4401019,Con ERC (todas las etapas) y en tratamiento con IECA o ARA II,COL07,J,10,RANGO ETARIO Y SEXO - 20 a 24 años - Mujeres,RANGO ETARIO Y SEXO,20 a 24 años,Mujeres,,,"['RANGO ETARIO Y SEXO', '20 a 24 años', 'Mujeres']",58
P4,C,VARIABLES DE SEGUIMIENTO DEL PSCV AL CORTE,P4401019,Con ERC (todas las etapas) y en tratamiento con IECA o ARA II,COL08,K,11,RANGO ETARIO Y SEXO - 25 a 29 años - Hombres,RANGO ETARIO Y SEXO,25 a 29 años,Hombres,,,"['RANGO ETARIO Y SEXO', '25 a 29 años', 'Hombres']",58
P4,C,VARIABLES DE SEGUIMIENTO DEL PSCV AL CORTE,P4401019,Con ERC (todas las etapas) y en tratamiento con IECA o ARA II,COL09,L,12,RANGO ETARIO Y SEXO - 25 a 29 años - Mujeres,RANGO ETARIO Y SEXO,25 a 29 años,Mujeres,,,"['RANGO ETARIO Y SEXO', '25 a 29 años', 'Mujeres']",58
P4,C,VARIABLES DE SEGUIMIENTO DEL PSCV AL CORTE,P4401019,Con ERC (todas las etapas) y en tratamiento con IECA o ARA II,COL10,M,13,RANGO ETARIO Y SEXO - 30 a 34 años - Hombres,RANGO ETARIO Y SEXO,30 a 34 años,Hombres,,,"['RANGO ETARIO Y SEXO', '30 a 34 años', 'Hombres']",58
P4,C,VARIABLES DE SEGUIMIENTO DEL PSCV AL CORTE,P4401019,Con ERC (todas las etapas) y en tratamiento con IECA o ARA II,COL11,N,14,RANGO ETARIO Y SEXO - 30 a 34 años - Mujeres,RANGO ETARIO Y SEXO,30 a 34 años,Mujeres,,,"['RANGO ETARIO Y SEXO', '30 a 34 años', 'Mujeres']",58
P4,C,VARIABLES DE SEGUIMIENTO DEL PSCV AL CORTE,P4401019,Con ERC (todas las etapas) y en tratamiento con IECA o ARA II,COL12,O,15,RANGO ETARIO Y SEXO - 35 a 39 años - Hombres,RANGO ETARIO Y SEXO,35 a 39 años,Hombres,,,"['RANGO ETARIO Y SEXO', '35 a 39 años', 'Hombres']",58
P4,C,VARIABLES DE SEGUIMIENTO DEL PSCV AL CORTE,P4401019,Con ERC (todas las etapas) y en tratamiento con IECA o ARA II,COL13,P,16,RANGO ETARIO Y SEXO - 35 a 39 años - Mujeres,RANGO ETARIO Y SEXO,35 a 39 años,Mujeres,,,"['RANGO ETARIO Y SEXO', '35 a 39 años', 'Mujeres']",58
P4,C,VARIABLES DE SEGUIMIENTO DEL PSCV AL CORTE,P4401019,Con ERC (todas las etapas) y en tratamiento con IECA o ARA II,COL14,Q,17,RANGO ETARIO Y SEXO - 40 a 44 años - Hombres,RANGO ETARIO Y SEXO,40 a 44 años,Hombres,,,"['RANGO ETARIO Y SEXO', '40 a 44 años', 'Hombres']",58
P4,C,VARIABLES DE SEGUIMIENTO DEL PSCV AL CORTE,P4401019,Con ERC (todas las etapas) y en tratamiento con IECA o ARA II,COL15,R,18,RANGO ETARIO Y SEXO - 40 a 44 años - Mujeres,RANGO ETARIO Y SEXO,40 a 44 años,Mujeres,,,"['RANGO ETARIO Y SEXO', '40 a 44 años', 'Mujeres']",58
P4,C,VARIABLES DE SEGUIMIENTO DEL PSCV AL CORTE,P4401019,Con ERC (todas las etapas) y en tratamiento con IECA o ARA II,COL16,S,19,RANGO ETARIO Y SEXO - 45 a 49 años - Hombres,RANGO ETARIO Y SEXO,45 a 49 años,Hombres,,,"['RANGO ETARIO Y SEXO', '45 a 49 años', 'Hombres']",58
P4,C,VARIABLES DE SEGUIMIENTO DEL PSCV AL CORTE,P4401019,Con ERC (todas las etapas) y en tratamiento con IECA o ARA II,COL17,T,20,RANGO ETARIO Y SEXO - 45 a 49 años - Mujeres,RANGO ETARIO Y SEXO,45 a 49 años,Mujeres,,,"['RANGO ETARIO Y SEXO', '45 a 49 años', 'Mujeres']",58
P4,C,VARIABLES DE SEGUIMIENTO DEL PSCV AL CORTE,P4401019,Con ERC (todas las etapas) y en tratamiento con IECA o ARA II,COL18,U,21,RANGO ETARIO Y SEXO - 50 a 54 años - Hombres,RANGO ETARIO Y SEXO,50 a 54 años,Hombres,,,"['RANGO ETARIO Y SEXO', '50 a 54 años', 'Hombres']",58
P4,C,VARIABLES DE SEGUIMIENTO DEL PSCV AL CORTE,P4401019,Con ERC (todas las etapas) y en tratamiento con IECA o ARA II,COL19,V,22,RANGO ETARIO Y SEXO - 50 a 54 años - Mujeres,RANGO ETARIO Y SEXO,50 a 54 años,Mujeres,,,"['RANGO ETARIO Y SEXO', '50 a 54 años', 'Mujeres']",58
P4,C,VARIABLES DE SEGUIMIENTO DEL PSCV AL CORTE,P4401019,Con ERC (todas las etapas) y en tratamiento con IECA o ARA II,COL20,W,23,RANGO ETARIO Y SEXO - 55 a 59 años - Hombres,RANGO ETARIO Y SEXO,55 a 59 años,Hombres,,,"['RANGO ETARIO Y SEXO', '55 a 59 años', 'Hombres']",58
P4,C,VARIABLES DE SEGUIMIENTO DEL PSCV AL CORTE,P4401019,Con ERC (todas las etapas) y en tratamiento con IECA o ARA II,COL21,X,24,RANGO ETARIO Y SEXO - 55 a 59 años - Mujeres,RANGO ETARIO Y SEXO,55 a 59 años,Mujeres,,,"['RANGO ETARIO Y SEXO', '55 a 59 años', 'Mujeres']",58
P4,C,VARIABLES DE SEGUIMIENTO DEL PSCV AL CORTE,P4401019,Con ERC (todas las etapas) y en tratamiento con IECA o ARA II,COL22,Y,25,RANGO ETARIO Y SEXO - 60 a 64 años - Hombres,RANGO ETARIO Y SEXO,60 a 64 años,Hombres,,,"['RANGO ETARIO Y SEXO', '60 a 64 años', 'Hombres']",58
P4,C,VARIABLES DE SEGUIMIENTO DEL PSCV AL CORTE,P4401019,Con ERC (todas las etapas) y en tratamiento con IECA o ARA II,COL23,Z,26,RANGO ETARIO Y SEXO - 60 a 64 años - Mujeres,RANGO ETARIO Y SEXO,60 a 64 años,Mujeres,,,"['RANGO ETARIO Y SEXO', '60 a 64 años', 'Mujeres']",58
P4,C,VARIABLES DE SEGUIMIENTO DEL PSCV AL CORTE,P4401019,Con ERC (todas las etapas) y en tratamiento con IECA o ARA II,COL24,AA,27,RANGO ETARIO Y SEXO - 65 a 69 años - Hombres,RANGO ETARIO Y SEXO,65 a 69 años,Hombres,,,"['RANGO ETARIO Y SEXO', '65 a 69 años', 'Hombres']",58
P4,C,VARIABLES DE SEGUIMIENTO DEL PSCV AL CORTE,P4401019,Con ERC (todas las etapas) y en tratamiento con IECA o ARA II,COL25,AB,28,RANGO ETARIO Y SEXO - 65 a 69 años - Mujeres,RANGO ETARIO Y SEXO,65 a 69 años,Mujeres,,,"['RANGO ETARIO Y SEXO', '65 a 69 años', 'Mujeres']",58
P4,C,VARIABLES DE SEGUIMIENTO DEL PSCV AL CORTE,P4401019,Con ERC (todas las etapas) y en tratamiento con IECA o ARA II,COL26,AC,29,RANGO ETARIO Y SEXO - 70 a 74 años - Hombres,RANGO ETARIO Y SEXO,70 a 74 años,Hombres,,,"['RANGO ETARIO Y SEXO', '70 a 74 años', 'Hombres']",58
P4,C,VARIABLES DE SEGUIMIENTO DEL PSCV AL CORTE,P4401019,Con ERC (todas las etapas) y en tratamiento con IECA o ARA II,COL27,AD,30,RANGO ETARIO Y SEXO - 70 a 74 años - Mujeres,RANGO ETARIO Y SEXO,70 a 74 años,Mujeres,,,"['RANGO ETARIO Y SEXO', '70 a 74 años', 'Mujeres']",58
P4,C,VARIABLES DE SEGUIMIENTO DEL PSCV AL CORTE,P4401019,Con ERC (todas las etapas) y en tratamiento con IECA o ARA II,COL28,AE,31,RANGO ETARIO Y SEXO - 75 a 79 años - Hombres,RANGO ETARIO Y SEXO,75 a 79 años,Hombres,,,"['RANGO ETARIO Y SEXO', '75 a 79 años', 'Hombres']",58
P4,C,VARIABLES DE SEGUIMIENTO DEL PSCV AL CORTE,P4401019,Con ERC (todas las etapas) y en tratamiento con IECA o ARA II,COL29,AF,32,RANGO ETARIO Y SEXO - 75 a 79 años - Mujeres,RANGO ETARIO Y SEXO,75 a 79 años,Mujeres,,,"['RANGO ETARIO Y SEXO', '75 a 79 años', 'Mujeres']",58
P4,C,VARIABLES DE SEGUIMIENTO DEL PSCV AL CORTE,P4401019,Con ERC (todas las etapas) y en tratamiento con IECA o ARA II,COL30,AG,33,RANGO ETARIO Y SEXO - 80 y más años - Hombres,RANGO ETARIO Y SEXO,80 y más años,Hombres,,,"['RANGO ETARIO Y SEXO', '80 y más años', 'Hombres']",58
P4,C,VARIABLES DE SEGUIMIENTO DEL PSCV AL CORTE,P4401019,Con ERC (todas las etapas) y en tratamiento con IECA o ARA II,COL31,AH,34,RANGO ETARIO Y SEXO - 80 y más años - Mujeres,RANGO ETARIO Y SEXO,80 y más años,Mujeres,,,"['RANGO ETARIO Y SEXO', '80 y más años', 'Mujeres']",58
P4,C,VARIABLES DE SEGUIMIENTO DEL PSCV AL CORTE,P4401019,Con ERC (todas las etapas) y en tratamiento con IECA o ARA II,COL32,AI,35,Pueblos Originarios - Hombres,Pueblos Originarios,Hombres,,,,"['Pueblos Originarios', 'Hombres']",58
P4,C,VARIABLES DE SEGUIMIENTO DEL PSCV AL CORTE,P4401019,Con ERC (todas las etapas) y en tratamiento con IECA o ARA II,COL33,AJ,36,Pueblos Originarios - Mujeres,Pueblos Originarios,Mujeres,,,,"['Pueblos Originarios', 'Mujeres']",58
P4,C,VARIABLES DE SEGUIMIENTO DEL PSCV AL CORTE,P4401019,Con ERC (todas las etapas) y en tratamiento con IECA o ARA II,COL34,AK,37,Migrantes - Hombres,Migrantes,Hombres,,,,"['Migrantes', 'Hombres']",58
P4,C,VARIABLES DE SEGUIMIENTO DEL PSCV AL CORTE,P4401019,Con ERC (todas las etapas) y en tratamiento con IECA o ARA II,COL35,AL,38,Migrantes - Mujeres,Migrantes,Mujeres,,,,"['Migrantes', 'Mujeres']",58
P4,C,VARIABLES DE SEGUIMIENTO DEL PSCV AL CORTE,P4190808,Con un examen de colesterol LDL vigente,COL01,D,4,TOTAL - Ambos sexos,TOTAL,Ambos sexos,,,,"['TOTAL', 'Ambos sexos']",59
P4,C,VARIABLES DE SEGUIMIENTO DEL PSCV AL CORTE,P4190808,Con un examen de colesterol LDL vigente,COL02,E,5,TOTAL - Hombres,TOTAL,Hombres,,,,"['TOTAL', 'Hombres']",59
P4,C,VARIABLES DE SEGUIMIENTO DEL PSCV AL CORTE,P4190808,Con un examen de colesterol LDL vigente,COL03,F,6,TOTAL - Mujeres,TOTAL,Mujeres,,,,"['TOTAL', 'Mujeres']",59
P4,C,VARIABLES DE SEGUIMIENTO DEL PSCV AL CORTE,P4190808,Con un examen de colesterol LDL vigente,COL04,G,7,RANGO ETARIO Y SEXO - 15 a 19 años - Hombres,RANGO ETARIO Y SEXO,15 a 19 años,Hombres,,,"['RANGO ETARIO Y SEXO', '15 a 19 años', 'Hombres']",59
P4,C,VARIABLES DE SEGUIMIENTO DEL PSCV AL CORTE,P4190808,Con un examen de colesterol LDL vigente,COL05,H,8,RANGO ETARIO Y SEXO - 15 a 19 años - Mujeres,RANGO ETARIO Y SEXO,15 a 19 años,Mujeres,,,"['RANGO ETARIO Y SEXO', '15 a 19 años', 'Mujeres']",59
P4,C,VARIABLES DE SEGUIMIENTO DEL PSCV AL CORTE,P4190808,Con un examen de colesterol LDL vigente,COL06,I,9,RANGO ETARIO Y SEXO - 20 a 24 años - Hombres,RANGO ETARIO Y SEXO,20 a 24 años,Hombres,,,"['RANGO ETARIO Y SEXO', '20 a 24 años', 'Hombres']",59
P4,C,VARIABLES DE SEGUIMIENTO DEL PSCV AL CORTE,P4190808,Con un examen de colesterol LDL vigente,COL07,J,10,RANGO ETARIO Y SEXO - 20 a 24 años - Mujeres,RANGO ETARIO Y SEXO,20 a 24 años,Mujeres,,,"['RANGO ETARIO Y SEXO', '20 a 24 años', 'Mujeres']",59
P4,C,VARIABLES DE SEGUIMIENTO DEL PSCV AL CORTE,P4190808,Con un examen de colesterol LDL vigente,COL08,K,11,RANGO ETARIO Y SEXO - 25 a 29 años - Hombres,RANGO ETARIO Y SEXO,25 a 29 años,Hombres,,,"['RANGO ETARIO Y SEXO', '25 a 29 años', 'Hombres']",59
P4,C,VARIABLES DE SEGUIMIENTO DEL PSCV AL CORTE,P4190808,Con un examen de colesterol LDL vigente,COL09,L,12,RANGO ETARIO Y SEXO - 25 a 29 años - Mujeres,RANGO ETARIO Y SEXO,25 a 29 años,Mujeres,,,"['RANGO ETARIO Y SEXO', '25 a 29 años', 'Mujeres']",59
P4,C,VARIABLES DE SEGUIMIENTO DEL PSCV AL CORTE,P4190808,Con un examen de colesterol LDL vigente,COL10,M,13,RANGO ETARIO Y SEXO - 30 a 34 años - Hombres,RANGO ETARIO Y SEXO,30 a 34 años,Hombres,,,"['RANGO ETARIO Y SEXO', '30 a 34 años', 'Hombres']",59
P4,C,VARIABLES DE SEGUIMIENTO DEL PSCV AL CORTE,P4190808,Con un examen de colesterol LDL vigente,COL11,N,14,RANGO ETARIO Y SEXO - 30 a 34 años - Mujeres,RANGO ETARIO Y SEXO,30 a 34 años,Mujeres,,,"['RANGO ETARIO Y SEXO', '30 a 34 años', 'Mujeres']",59
P4,C,VARIABLES DE SEGUIMIENTO DEL PSCV AL CORTE,P4190808,Con un examen de colesterol LDL vigente,COL12,O,15,RANGO ETARIO Y SEXO - 35 a 39 años - Hombres,RANGO ETARIO Y SEXO,35 a 39 años,Hombres,,,"['RANGO ETARIO Y SEXO', '35 a 39 años', 'Hombres']",59
P4,C,VARIABLES DE SEGUIMIENTO DEL PSCV AL CORTE,P4190808,Con un examen de colesterol LDL vigente,COL13,P,16,RANGO ETARIO Y SEXO - 35 a 39 años - Mujeres,RANGO ETARIO Y SEXO,35 a 39 años,Mujeres,,,"['RANGO ETARIO Y SEXO', '35 a 39 años', 'Mujeres']",59
P4,C,VARIABLES DE SEGUIMIENTO DEL PSCV AL CORTE,P4190808,Con un examen de colesterol LDL vigente,COL14,Q,17,RANGO ETARIO Y SEXO - 40 a 44 años - Hombres,RANGO ETARIO Y SEXO,40 a 44 años,Hombres,,,"['RANGO ETARIO Y SEXO', '40 a 44 años', 'Hombres']",59
P4,C,VARIABLES DE SEGUIMIENTO DEL PSCV AL CORTE,P4190808,Con un examen de colesterol LDL vigente,COL15,R,18,RANGO ETARIO Y SEXO - 40 a 44 años - Mujeres,RANGO ETARIO Y SEXO,40 a 44 años,Mujeres,,,"['RANGO ETARIO Y SEXO', '40 a 44 años', 'Mujeres']",59
P4,C,VARIABLES DE SEGUIMIENTO DEL PSCV AL CORTE,P4190808,Con un examen de colesterol LDL vigente,COL16,S,19,RANGO ETARIO Y SEXO - 45 a 49 años - Hombres,RANGO ETARIO Y SEXO,45 a 49 años,Hombres,,,"['RANGO ETARIO Y SEXO', '45 a 49 años', 'Hombres']",59
P4,C,VARIABLES DE SEGUIMIENTO DEL PSCV AL CORTE,P4190808,Con un examen de colesterol LDL vigente,COL17,T,20,RANGO ETARIO Y SEXO - 45 a 49 años - Mujeres,RANGO ETARIO Y SEXO,45 a 49 años,Mujeres,,,"['RANGO ETARIO Y SEXO', '45 a 49 años', 'Mujeres']",59
P4,C,VARIABLES DE SEGUIMIENTO DEL PSCV AL CORTE,P4190808,Con un examen de colesterol LDL vigente,COL18,U,21,RANGO ETARIO Y SEXO - 50 a 54 años - Hombres,RANGO ETARIO Y SEXO,50 a 54 años,Hombres,,,"['RANGO ETARIO Y SEXO', '50 a 54 años', 'Hombres']",59
P4,C,VARIABLES DE SEGUIMIENTO DEL PSCV AL CORTE,P4190808,Con un examen de colesterol LDL vigente,COL19,V,22,RANGO ETARIO Y SEXO - 50 a 54 años - Mujeres,RANGO ETARIO Y SEXO,50 a 54 años,Mujeres,,,"['RANGO ETARIO Y SEXO', '50 a 54 años', 'Mujeres']",59
P4,C,VARIABLES DE SEGUIMIENTO DEL PSCV AL CORTE,P4190808,Con un examen de colesterol LDL vigente,COL20,W,23,RANGO ETARIO Y SEXO - 55 a 59 años - Hombres,RANGO ETARIO Y SEXO,55 a 59 años,Hombres,,,"['RANGO ETARIO Y SEXO', '55 a 59 años', 'Hombres']",59
P4,C,VARIABLES DE SEGUIMIENTO DEL PSCV AL CORTE,P4190808,Con un examen de colesterol LDL vigente,COL21,X,24,RANGO ETARIO Y SEXO - 55 a 59 años - Mujeres,RANGO ETARIO Y SEXO,55 a 59 años,Mujeres,,,"['RANGO ETARIO Y SEXO', '55 a 59 años', 'Mujeres']",59
P4,C,VARIABLES DE SEGUIMIENTO DEL PSCV AL CORTE,P4190808,Con un examen de colesterol LDL vigente,COL22,Y,25,RANGO ETARIO Y SEXO - 60 a 64 años - Hombres,RANGO ETARIO Y SEXO,60 a 64 años,Hombres,,,"['RANGO ETARIO Y SEXO', '60 a 64 años', 'Hombres']",59
P4,C,VARIABLES DE SEGUIMIENTO DEL PSCV AL CORTE,P4190808,Con un examen de colesterol LDL vigente,COL23,Z,26,RANGO ETARIO Y SEXO - 60 a 64 años - Mujeres,RANGO ETARIO Y SEXO,60 a 64 años,Mujeres,,,"['RANGO ETARIO Y SEXO', '60 a 64 años', 'Mujeres']",59
P4,C,VARIABLES DE SEGUIMIENTO DEL PSCV AL CORTE,P4190808,Con un examen de colesterol LDL vigente,COL24,AA,27,RANGO ETARIO Y SEXO - 65 a 69 años - Hombres,RANGO ETARIO Y SEXO,65 a 69 años,Hombres,,,"['RANGO ETARIO Y SEXO', '65 a 69 años', 'Hombres']",59
P4,C,VARIABLES DE SEGUIMIENTO DEL PSCV AL CORTE,P4190808,Con un examen de colesterol LDL vigente,COL25,AB,28,RANGO ETARIO Y SEXO - 65 a 69 años - Mujeres,RANGO ETARIO Y SEXO,65 a 69 años,Mujeres,,,"['RANGO ETARIO Y SEXO', '65 a 69 años', 'Mujeres']",59
P4,C,VARIABLES DE SEGUIMIENTO DEL PSCV AL CORTE,P4190808,Con un examen de colesterol LDL vigente,COL26,AC,29,RANGO ETARIO Y SEXO - 70 a 74 años - Hombres,RANGO ETARIO Y SEXO,70 a 74 años,Hombres,,,"['RANGO ETARIO Y SEXO', '70 a 74 años', 'Hombres']",59
P4,C,VARIABLES DE SEGUIMIENTO DEL PSCV AL CORTE,P4190808,Con un examen de colesterol LDL vigente,COL27,AD,30,RANGO ETARIO Y SEXO - 70 a 74 años - Mujeres,RANGO ETARIO Y SEXO,70 a 74 años,Mujeres,,,"['RANGO ETARIO Y SEXO', '70 a 74 años', 'Mujeres']",59
P4,C,VARIABLES DE SEGUIMIENTO DEL PSCV AL CORTE,P4190808,Con un examen de colesterol LDL vigente,COL28,AE,31,RANGO ETARIO Y SEXO - 75 a 79 años - Hombres,RANGO ETARIO Y SEXO,75 a 79 años,Hombres,,,"['RANGO ETARIO Y SEXO', '75 a 79 años', 'Hombres']",59
P4,C,VARIABLES DE SEGUIMIENTO DEL PSCV AL CORTE,P4190808,Con un examen de colesterol LDL vigente,COL29,AF,32,RANGO ETARIO Y SEXO - 75 a 79 años - Mujeres,RANGO ETARIO Y SEXO,75 a 79 años,Mujeres,,,"['RANGO ETARIO Y SEXO', '75 a 79 años', 'Mujeres']",59
P4,C,VARIABLES DE SEGUIMIENTO DEL PSCV AL CORTE,P4190808,Con un examen de colesterol LDL vigente,COL30,AG,33,RANGO ETARIO Y SEXO - 80 y más años - Hombres,RANGO ETARIO Y SEXO,80 y más años,Hombres,,,"['RANGO ETARIO Y SEXO', '80 y más años', 'Hombres']",59
P4,C,VARIABLES DE SEGUIMIENTO DEL PSCV AL CORTE,P4190808,Con un examen de colesterol LDL vigente,COL31,AH,34,RANGO ETARIO Y SEXO - 80 y más años - Mujeres,RANGO ETARIO Y SEXO,80 y más años,Mujeres,,,"['RANGO ETARIO Y SEXO', '80 y más años', 'Mujeres']",59
P4,C,VARIABLES DE SEGUIMIENTO DEL PSCV AL CORTE,P4190808,Con un examen de colesterol LDL vigente,COL32,AI,35,Pueblos Originarios - Hombres,Pueblos Originarios,Hombres,,,,"['Pueblos Originarios', 'Hombres']",59
P4,C,VARIABLES DE SEGUIMIENTO DEL PSCV AL CORTE,P4190808,Con un examen de colesterol LDL vigente,COL33,AJ,36,Pueblos Originarios - Mujeres,Pueblos Originarios,Mujeres,,,,"['Pueblos Originarios', 'Mujeres']",59
P4,C,VARIABLES DE SEGUIMIENTO DEL PSCV AL CORTE,P4190808,Con un examen de colesterol LDL vigente,COL34,AK,37,Migrantes - Hombres,Migrantes,Hombres,,,,"['Migrantes', 'Hombres']",59
P4,C,VARIABLES DE SEGUIMIENTO DEL PSCV AL CORTE,P4190808,Con un examen de colesterol LDL vigente,COL35,AL,38,Migrantes - Mujeres,Migrantes,Mujeres,,,,"['Migrantes', 'Mujeres']",59
P4,C,VARIABLES DE SEGUIMIENTO DEL PSCV AL CORTE,P4302100,Con hipoglicemias recurrentes,COL01,D,4,TOTAL - Ambos sexos,TOTAL,Ambos sexos,,,,"['TOTAL', 'Ambos sexos']",60
P4,C,VARIABLES DE SEGUIMIENTO DEL PSCV AL CORTE,P4302100,Con hipoglicemias recurrentes,COL02,E,5,TOTAL - Hombres,TOTAL,Hombres,,,,"['TOTAL', 'Hombres']",60
P4,C,VARIABLES DE SEGUIMIENTO DEL PSCV AL CORTE,P4302100,Con hipoglicemias recurrentes,COL03,F,6,TOTAL - Mujeres,TOTAL,Mujeres,,,,"['TOTAL', 'Mujeres']",60
P4,C,VARIABLES DE SEGUIMIENTO DEL PSCV AL CORTE,P4302100,Con hipoglicemias recurrentes,COL04,G,7,RANGO ETARIO Y SEXO - 15 a 19 años - Hombres,RANGO ETARIO Y SEXO,15 a 19 años,Hombres,,,"['RANGO ETARIO Y SEXO', '15 a 19 años', 'Hombres']",60
P4,C,VARIABLES DE SEGUIMIENTO DEL PSCV AL CORTE,P4302100,Con hipoglicemias recurrentes,COL05,H,8,RANGO ETARIO Y SEXO - 15 a 19 años - Mujeres,RANGO ETARIO Y SEXO,15 a 19 años,Mujeres,,,"['RANGO ETARIO Y SEXO', '15 a 19 años', 'Mujeres']",60
P4,C,VARIABLES DE SEGUIMIENTO DEL PSCV AL CORTE,P4302100,Con hipoglicemias recurrentes,COL06,I,9,RANGO ETARIO Y SEXO - 20 a 24 años - Hombres,RANGO ETARIO Y SEXO,20 a 24 años,Hombres,,,"['RANGO ETARIO Y SEXO', '20 a 24 años', 'Hombres']",60
P4,C,VARIABLES DE SEGUIMIENTO DEL PSCV AL CORTE,P4302100,Con hipoglicemias recurrentes,COL07,J,10,RANGO ETARIO Y SEXO - 20 a 24 años - Mujeres,RANGO ETARIO Y SEXO,20 a 24 años,Mujeres,,,"['RANGO ETARIO Y SEXO', '20 a 24 años', 'Mujeres']",60
P4,C,VARIABLES DE SEGUIMIENTO DEL PSCV AL CORTE,P4302100,Con hipoglicemias recurrentes,COL08,K,11,RANGO ETARIO Y SEXO - 25 a 29 años - Hombres,RANGO ETARIO Y SEXO,25 a 29 años,Hombres,,,"['RANGO ETARIO Y SEXO', '25 a 29 años', 'Hombres']",60
P4,C,VARIABLES DE SEGUIMIENTO DEL PSCV AL CORTE,P4302100,Con hipoglicemias recurrentes,COL09,L,12,RANGO ETARIO Y SEXO - 25 a 29 años - Mujeres,RANGO ETARIO Y SEXO,25 a 29 años,Mujeres,,,"['RANGO ETARIO Y SEXO', '25 a 29 años', 'Mujeres']",60
P4,C,VARIABLES DE SEGUIMIENTO DEL PSCV AL CORTE,P4302100,Con hipoglicemias recurrentes,COL10,M,13,RANGO ETARIO Y SEXO - 30 a 34 años - Hombres,RANGO ETARIO Y SEXO,30 a 34 años,Hombres,,,"['RANGO ETARIO Y SEXO', '30 a 34 años', 'Hombres']",60
P4,C,VARIABLES DE SEGUIMIENTO DEL PSCV AL CORTE,P4302100,Con hipoglicemias recurrentes,COL11,N,14,RANGO ETARIO Y SEXO - 30 a 34 años - Mujeres,RANGO ETARIO Y SEXO,30 a 34 años,Mujeres,,,"['RANGO ETARIO Y SEXO', '30 a 34 años', 'Mujeres']",60
P4,C,VARIABLES DE SEGUIMIENTO DEL PSCV AL CORTE,P4302100,Con hipoglicemias recurrentes,COL12,O,15,RANGO ETARIO Y SEXO - 35 a 39 años - Hombres,RANGO ETARIO Y SEXO,35 a 39 años,Hombres,,,"['RANGO ETARIO Y SEXO', '35 a 39 años', 'Hombres']",60
P4,C,VARIABLES DE SEGUIMIENTO DEL PSCV AL CORTE,P4302100,Con hipoglicemias recurrentes,COL13,P,16,RANGO ETARIO Y SEXO - 35 a 39 años - Mujeres,RANGO ETARIO Y SEXO,35 a 39 años,Mujeres,,,"['RANGO ETARIO Y SEXO', '35 a 39 años', 'Mujeres']",60
P4,C,VARIABLES DE SEGUIMIENTO DEL PSCV AL CORTE,P4302100,Con hipoglicemias recurrentes,COL14,Q,17,RANGO ETARIO Y SEXO - 40 a 44 años - Hombres,RANGO ETARIO Y SEXO,40 a 44 años,Hombres,,,"['RANGO ETARIO Y SEXO', '40 a 44 años', 'Hombres']",60
P4,C,VARIABLES DE SEGUIMIENTO DEL PSCV AL CORTE,P4302100,Con hipoglicemias recurrentes,COL15,R,18,RANGO ETARIO Y SEXO - 40 a 44 años - Mujeres,RANGO ETARIO Y SEXO,40 a 44 años,Mujeres,,,"['RANGO ETARIO Y SEXO', '40 a 44 años', 'Mujeres']",60
P4,C,VARIABLES DE SEGUIMIENTO DEL PSCV AL CORTE,P4302100,Con hipoglicemias recurrentes,COL16,S,19,RANGO ETARIO Y SEXO - 45 a 49 años - Hombres,RANGO ETARIO Y SEXO,45 a 49 años,Hombres,,,"['RANGO ETARIO Y SEXO', '45 a 49 años', 'Hombres']",60
P4,C,VARIABLES DE SEGUIMIENTO DEL PSCV AL CORTE,P4302100,Con hipoglicemias recurrentes,COL17,T,20,RANGO ETARIO Y SEXO - 45 a 49 años - Mujeres,RANGO ETARIO Y SEXO,45 a 49 años,Mujeres,,,"['RANGO ETARIO Y SEXO', '45 a 49 años', 'Mujeres']",60
P4,C,VARIABLES DE SEGUIMIENTO DEL PSCV AL CORTE,P4302100,Con hipoglicemias recurrentes,COL18,U,21,RANGO ETARIO Y SEXO - 50 a 54 años - Hombres,RANGO ETARIO Y SEXO,50 a 54 años,Hombres,,,"['RANGO ETARIO Y SEXO', '50 a 54 años', 'Hombres']",60
P4,C,VARIABLES DE SEGUIMIENTO DEL PSCV AL CORTE,P4302100,Con hipoglicemias recurrentes,COL19,V,22,RANGO ETARIO Y SEXO - 50 a 54 años - Mujeres,RANGO ETARIO Y SEXO,50 a 54 años,Mujeres,,,"['RANGO ETARIO Y SEXO', '50 a 54 años', 'Mujeres']",60
P4,C,VARIABLES DE SEGUIMIENTO DEL PSCV AL CORTE,P4302100,Con hipoglicemias recurrentes,COL20,W,23,RANGO ETARIO Y SEXO - 55 a 59 años - Hombres,RANGO ETARIO Y SEXO,55 a 59 años,Hombres,,,"['RANGO ETARIO Y SEXO', '55 a 59 años', 'Hombres']",60
P4,C,VARIABLES DE SEGUIMIENTO DEL PSCV AL CORTE,P4302100,Con hipoglicemias recurrentes,COL21,X,24,RANGO ETARIO Y SEXO - 55 a 59 años - Mujeres,RANGO ETARIO Y SEXO,55 a 59 años,Mujeres,,,"['RANGO ETARIO Y SEXO', '55 a 59 años', 'Mujeres']",60
P4,C,VARIABLES DE SEGUIMIENTO DEL PSCV AL CORTE,P4302100,Con hipoglicemias recurrentes,COL22,Y,25,RANGO ETARIO Y SEXO - 60 a 64 años - Hombres,RANGO ETARIO Y SEXO,60 a 64 años,Hombres,,,"['RANGO ETARIO Y SEXO', '60 a 64 años', 'Hombres']",60
P4,C,VARIABLES DE SEGUIMIENTO DEL PSCV AL CORTE,P4302100,Con hipoglicemias recurrentes,COL23,Z,26,RANGO ETARIO Y SEXO - 60 a 64 años - Mujeres,RANGO ETARIO Y SEXO,60 a 64 años,Mujeres,,,"['RANGO ETARIO Y SEXO', '60 a 64 años', 'Mujeres']",60
P4,C,VARIABLES DE SEGUIMIENTO DEL PSCV AL CORTE,P4302100,Con hipoglicemias recurrentes,COL24,AA,27,RANGO ETARIO Y SEXO - 65 a 69 años - Hombres,RANGO ETARIO Y SEXO,65 a 69 años,Hombres,,,"['RANGO ETARIO Y SEXO', '65 a 69 años', 'Hombres']",60
P4,C,VARIABLES DE SEGUIMIENTO DEL PSCV AL CORTE,P4302100,Con hipoglicemias recurrentes,COL25,AB,28,RANGO ETARIO Y SEXO - 65 a 69 años - Mujeres,RANGO ETARIO Y SEXO,65 a 69 años,Mujeres,,,"['RANGO ETARIO Y SEXO', '65 a 69 años', 'Mujeres']",60
P4,C,VARIABLES DE SEGUIMIENTO DEL PSCV AL CORTE,P4302100,Con hipoglicemias recurrentes,COL26,AC,29,RANGO ETARIO Y SEXO - 70 a 74 años - Hombres,RANGO ETARIO Y SEXO,70 a 74 años,Hombres,,,"['RANGO ETARIO Y SEXO', '70 a 74 años', 'Hombres']",60
P4,C,VARIABLES DE SEGUIMIENTO DEL PSCV AL CORTE,P4302100,Con hipoglicemias recurrentes,COL27,AD,30,RANGO ETARIO Y SEXO - 70 a 74 años - Mujeres,RANGO ETARIO Y SEXO,70 a 74 años,Mujeres,,,"['RANGO ETARIO Y SEXO', '70 a 74 años', 'Mujeres']",60
P4,C,VARIABLES DE SEGUIMIENTO DEL PSCV AL CORTE,P4302100,Con hipoglicemias recurrentes,COL28,AE,31,RANGO ETARIO Y SEXO - 75 a 79 años - Hombres,RANGO ETARIO Y SEXO,75 a 79 años,Hombres,,,"['RANGO ETARIO Y SEXO', '75 a 79 años', 'Hombres']",60
P4,C,VARIABLES DE SEGUIMIENTO DEL PSCV AL CORTE,P4302100,Con hipoglicemias recurrentes,COL29,AF,32,RANGO ETARIO Y SEXO - 75 a 79 años - Mujeres,RANGO ETARIO Y SEXO,75 a 79 años,Mujeres,,,"['RANGO ETARIO Y SEXO', '75 a 79 años', 'Mujeres']",60
P4,C,VARIABLES DE SEGUIMIENTO DEL PSCV AL CORTE,P4302100,Con hipoglicemias recurrentes,COL30,AG,33,RANGO ETARIO Y SEXO - 80 y más años - Hombres,RANGO ETARIO Y SEXO,80 y más años,Hombres,,,"['RANGO ETARIO Y SEXO', '80 y más años', 'Hombres']",60
P4,C,VARIABLES DE SEGUIMIENTO DEL PSCV AL CORTE,P4302100,Con hipoglicemias recurrentes,COL31,AH,34,RANGO ETARIO Y SEXO - 80 y más años - Mujeres,RANGO ETARIO Y SEXO,80 y más años,Mujeres,,,"['RANGO ETARIO Y SEXO', '80 y más años', 'Mujeres']",60
P4,C,VARIABLES DE SEGUIMIENTO DEL PSCV AL CORTE,P4302100,Con hipoglicemias recurrentes,COL32,AI,35,Pueblos Originarios - Hombres,Pueblos Originarios,Hombres,,,,"['Pueblos Originarios', 'Hombres']",60
P4,C,VARIABLES DE SEGUIMIENTO DEL PSCV AL CORTE,P4302100,Con hipoglicemias recurrentes,COL33,AJ,36,Pueblos Originarios - Mujeres,Pueblos Originarios,Mujeres,,,,"['Pueblos Originarios', 'Mujeres']",60
P4,C,VARIABLES DE SEGUIMIENTO DEL PSCV AL CORTE,P4302100,Con hipoglicemias recurrentes,COL34,AK,37,Migrantes - Hombres,Migrantes,Hombres,,,,"['Migrantes', 'Hombres']",60
P4,C,VARIABLES DE SEGUIMIENTO DEL PSCV AL CORTE,P4302100,Con hipoglicemias recurrentes,COL35,AL,38,Migrantes - Mujeres,Migrantes,Mujeres,,,,"['Migrantes', 'Mujeres']",60
P4,C,VARIABLES DE SEGUIMIENTO DEL PSCV AL CORTE,P4190809,Con *evaluación vigente del pie según pauta de estimación del riesgo de ulceración en personas con diabetes - Riesgo bajo,COL01,D,4,TOTAL - Ambos sexos,TOTAL,Ambos sexos,,,,"['TOTAL', 'Ambos sexos']",61
P4,C,VARIABLES DE SEGUIMIENTO DEL PSCV AL CORTE,P4190809,Con *evaluación vigente del pie según pauta de estimación del riesgo de ulceración en personas con diabetes - Riesgo bajo,COL02,E,5,TOTAL - Hombres,TOTAL,Hombres,,,,"['TOTAL', 'Hombres']",61
P4,C,VARIABLES DE SEGUIMIENTO DEL PSCV AL CORTE,P4190809,Con *evaluación vigente del pie según pauta de estimación del riesgo de ulceración en personas con diabetes - Riesgo bajo,COL03,F,6,TOTAL - Mujeres,TOTAL,Mujeres,,,,"['TOTAL', 'Mujeres']",61
P4,C,VARIABLES DE SEGUIMIENTO DEL PSCV AL CORTE,P4190809,Con *evaluación vigente del pie según pauta de estimación del riesgo de ulceración en personas con diabetes - Riesgo bajo,COL04,G,7,RANGO ETARIO Y SEXO - 15 a 19 años - Hombres,RANGO ETARIO Y SEXO,15 a 19 años,Hombres,,,"['RANGO ETARIO Y SEXO', '15 a 19 años', 'Hombres']",61
P4,C,VARIABLES DE SEGUIMIENTO DEL PSCV AL CORTE,P4190809,Con *evaluación vigente del pie según pauta de estimación del riesgo de ulceración en personas con diabetes - Riesgo bajo,COL05,H,8,RANGO ETARIO Y SEXO - 15 a 19 años - Mujeres,RANGO ETARIO Y SEXO,15 a 19 años,Mujeres,,,"['RANGO ETARIO Y SEXO', '15 a 19 años', 'Mujeres']",61
P4,C,VARIABLES DE SEGUIMIENTO DEL PSCV AL CORTE,P4190809,Con *evaluación vigente del pie según pauta de estimación del riesgo de ulceración en personas con diabetes - Riesgo bajo,COL06,I,9,RANGO ETARIO Y SEXO - 20 a 24 años - Hombres,RANGO ETARIO Y SEXO,20 a 24 años,Hombres,,,"['RANGO ETARIO Y SEXO', '20 a 24 años', 'Hombres']",61
P4,C,VARIABLES DE SEGUIMIENTO DEL PSCV AL CORTE,P4190809,Con *evaluación vigente del pie según pauta de estimación del riesgo de ulceración en personas con diabetes - Riesgo bajo,COL07,J,10,RANGO ETARIO Y SEXO - 20 a 24 años - Mujeres,RANGO ETARIO Y SEXO,20 a 24 años,Mujeres,,,"['RANGO ETARIO Y SEXO', '20 a 24 años', 'Mujeres']",61
P4,C,VARIABLES DE SEGUIMIENTO DEL PSCV AL CORTE,P4190809,Con *evaluación vigente del pie según pauta de estimación del riesgo de ulceración en personas con diabetes - Riesgo bajo,COL08,K,11,RANGO ETARIO Y SEXO - 25 a 29 años - Hombres,RANGO ETARIO Y SEXO,25 a 29 años,Hombres,,,"['RANGO ETARIO Y SEXO', '25 a 29 años', 'Hombres']",61
P4,C,VARIABLES DE SEGUIMIENTO DEL PSCV AL CORTE,P4190809,Con *evaluación vigente del pie según pauta de estimación del riesgo de ulceración en personas con diabetes - Riesgo bajo,COL09,L,12,RANGO ETARIO Y SEXO - 25 a 29 años - Mujeres,RANGO ETARIO Y SEXO,25 a 29 años,Mujeres,,,"['RANGO ETARIO Y SEXO', '25 a 29 años', 'Mujeres']",61
P4,C,VARIABLES DE SEGUIMIENTO DEL PSCV AL CORTE,P4190809,Con *evaluación vigente del pie según pauta de estimación del riesgo de ulceración en personas con diabetes - Riesgo bajo,COL10,M,13,RANGO ETARIO Y SEXO - 30 a 34 años - Hombres,RANGO ETARIO Y SEXO,30 a 34 años,Hombres,,,"['RANGO ETARIO Y SEXO', '30 a 34 años', 'Hombres']",61
P4,C,VARIABLES DE SEGUIMIENTO DEL PSCV AL CORTE,P4190809,Con *evaluación vigente del pie según pauta de estimación del riesgo de ulceración en personas con diabetes - Riesgo bajo,COL11,N,14,RANGO ETARIO Y SEXO - 30 a 34 años - Mujeres,RANGO ETARIO Y SEXO,30 a 34 años,Mujeres,,,"['RANGO ETARIO Y SEXO', '30 a 34 años', 'Mujeres']",61
P4,C,VARIABLES DE SEGUIMIENTO DEL PSCV AL CORTE,P4190809,Con *evaluación vigente del pie según pauta de estimación del riesgo de ulceración en personas con diabetes - Riesgo bajo,COL12,O,15,RANGO ETARIO Y SEXO - 35 a 39 años - Hombres,RANGO ETARIO Y SEXO,35 a 39 años,Hombres,,,"['RANGO ETARIO Y SEXO', '35 a 39 años', 'Hombres']",61
P4,C,VARIABLES DE SEGUIMIENTO DEL PSCV AL CORTE,P4190809,Con *evaluación vigente del pie según pauta de estimación del riesgo de ulceración en personas con diabetes - Riesgo bajo,COL13,P,16,RANGO ETARIO Y SEXO - 35 a 39 años - Mujeres,RANGO ETARIO Y SEXO,35 a 39 años,Mujeres,,,"['RANGO ETARIO Y SEXO', '35 a 39 años', 'Mujeres']",61
P4,C,VARIABLES DE SEGUIMIENTO DEL PSCV AL CORTE,P4190809,Con *evaluación vigente del pie según pauta de estimación del riesgo de ulceración en personas con diabetes - Riesgo bajo,COL14,Q,17,RANGO ETARIO Y SEXO - 40 a 44 años - Hombres,RANGO ETARIO Y SEXO,40 a 44 años,Hombres,,,"['RANGO ETARIO Y SEXO', '40 a 44 años', 'Hombres']",61
P4,C,VARIABLES DE SEGUIMIENTO DEL PSCV AL CORTE,P4190809,Con *evaluación vigente del pie según pauta de estimación del riesgo de ulceración en personas con diabetes - Riesgo bajo,COL15,R,18,RANGO ETARIO Y SEXO - 40 a 44 años - Mujeres,RANGO ETARIO Y SEXO,40 a 44 años,Mujeres,,,"['RANGO ETARIO Y SEXO', '40 a 44 años', 'Mujeres']",61
P4,C,VARIABLES DE SEGUIMIENTO DEL PSCV AL CORTE,P4190809,Con *evaluación vigente del pie según pauta de estimación del riesgo de ulceración en personas con diabetes - Riesgo bajo,COL16,S,19,RANGO ETARIO Y SEXO - 45 a 49 años - Hombres,RANGO ETARIO Y SEXO,45 a 49 años,Hombres,,,"['RANGO ETARIO Y SEXO', '45 a 49 años', 'Hombres']",61
P4,C,VARIABLES DE SEGUIMIENTO DEL PSCV AL CORTE,P4190809,Con *evaluación vigente del pie según pauta de estimación del riesgo de ulceración en personas con diabetes - Riesgo bajo,COL17,T,20,RANGO ETARIO Y SEXO - 45 a 49 años - Mujeres,RANGO ETARIO Y SEXO,45 a 49 años,Mujeres,,,"['RANGO ETARIO Y SEXO', '45 a 49 años', 'Mujeres']",61
P4,C,VARIABLES DE SEGUIMIENTO DEL PSCV AL CORTE,P4190809,Con *evaluación vigente del pie según pauta de estimación del riesgo de ulceración en personas con diabetes - Riesgo bajo,COL18,U,21,RANGO ETARIO Y SEXO - 50 a 54 años - Hombres,RANGO ETARIO Y SEXO,50 a 54 años,Hombres,,,"['RANGO ETARIO Y SEXO', '50 a 54 años', 'Hombres']",61
P4,C,VARIABLES DE SEGUIMIENTO DEL PSCV AL CORTE,P4190809,Con *evaluación vigente del pie según pauta de estimación del riesgo de ulceración en personas con diabetes - Riesgo bajo,COL19,V,22,RANGO ETARIO Y SEXO - 50 a 54 años - Mujeres,RANGO ETARIO Y SEXO,50 a 54 años,Mujeres,,,"['RANGO ETARIO Y SEXO', '50 a 54 años', 'Mujeres']",61
P4,C,VARIABLES DE SEGUIMIENTO DEL PSCV AL CORTE,P4190809,Con *evaluación vigente del pie según pauta de estimación del riesgo de ulceración en personas con diabetes - Riesgo bajo,COL20,W,23,RANGO ETARIO Y SEXO - 55 a 59 años - Hombres,RANGO ETARIO Y SEXO,55 a 59 años,Hombres,,,"['RANGO ETARIO Y SEXO', '55 a 59 años', 'Hombres']",61
P4,C,VARIABLES DE SEGUIMIENTO DEL PSCV AL CORTE,P4190809,Con *evaluación vigente del pie según pauta de estimación del riesgo de ulceración en personas con diabetes - Riesgo bajo,COL21,X,24,RANGO ETARIO Y SEXO - 55 a 59 años - Mujeres,RANGO ETARIO Y SEXO,55 a 59 años,Mujeres,,,"['RANGO ETARIO Y SEXO', '55 a 59 años', 'Mujeres']",61
P4,C,VARIABLES DE SEGUIMIENTO DEL PSCV AL CORTE,P4190809,Con *evaluación vigente del pie según pauta de estimación del riesgo de ulceración en personas con diabetes - Riesgo bajo,COL22,Y,25,RANGO ETARIO Y SEXO - 60 a 64 años - Hombres,RANGO ETARIO Y SEXO,60 a 64 años,Hombres,,,"['RANGO ETARIO Y SEXO', '60 a 64 años', 'Hombres']",61
P4,C,VARIABLES DE SEGUIMIENTO DEL PSCV AL CORTE,P4190809,Con *evaluación vigente del pie según pauta de estimación del riesgo de ulceración en personas con diabetes - Riesgo bajo,COL23,Z,26,RANGO ETARIO Y SEXO - 60 a 64 años - Mujeres,RANGO ETARIO Y SEXO,60 a 64 años,Mujeres,,,"['RANGO ETARIO Y SEXO', '60 a 64 años', 'Mujeres']",61
P4,C,VARIABLES DE SEGUIMIENTO DEL PSCV AL CORTE,P4190809,Con *evaluación vigente del pie según pauta de estimación del riesgo de ulceración en personas con diabetes - Riesgo bajo,COL24,AA,27,RANGO ETARIO Y SEXO - 65 a 69 años - Hombres,RANGO ETARIO Y SEXO,65 a 69 años,Hombres,,,"['RANGO ETARIO Y SEXO', '65 a 69 años', 'Hombres']",61
P4,C,VARIABLES DE SEGUIMIENTO DEL PSCV AL CORTE,P4190809,Con *evaluación vigente del pie según pauta de estimación del riesgo de ulceración en personas con diabetes - Riesgo bajo,COL25,AB,28,RANGO ETARIO Y SEXO - 65 a 69 años - Mujeres,RANGO ETARIO Y SEXO,65 a 69 años,Mujeres,,,"['RANGO ETARIO Y SEXO', '65 a 69 años', 'Mujeres']",61
P4,C,VARIABLES DE SEGUIMIENTO DEL PSCV AL CORTE,P4190809,Con *evaluación vigente del pie según pauta de estimación del riesgo de ulceración en personas con diabetes - Riesgo bajo,COL26,AC,29,RANGO ETARIO Y SEXO - 70 a 74 años - Hombres,RANGO ETARIO Y SEXO,70 a 74 años,Hombres,,,"['RANGO ETARIO Y SEXO', '70 a 74 años', 'Hombres']",61
P4,C,VARIABLES DE SEGUIMIENTO DEL PSCV AL CORTE,P4190809,Con *evaluación vigente del pie según pauta de estimación del riesgo de ulceración en personas con diabetes - Riesgo bajo,COL27,AD,30,RANGO ETARIO Y SEXO - 70 a 74 años - Mujeres,RANGO ETARIO Y SEXO,70 a 74 años,Mujeres,,,"['RANGO ETARIO Y SEXO', '70 a 74 años', 'Mujeres']",61
P4,C,VARIABLES DE SEGUIMIENTO DEL PSCV AL CORTE,P4190809,Con *evaluación vigente del pie según pauta de estimación del riesgo de ulceración en personas con diabetes - Riesgo bajo,COL28,AE,31,RANGO ETARIO Y SEXO - 75 a 79 años - Hombres,RANGO ETARIO Y SEXO,75 a 79 años,Hombres,,,"['RANGO ETARIO Y SEXO', '75 a 79 años', 'Hombres']",61
P4,C,VARIABLES DE SEGUIMIENTO DEL PSCV AL CORTE,P4190809,Con *evaluación vigente del pie según pauta de estimación del riesgo de ulceración en personas con diabetes - Riesgo bajo,COL29,AF,32,RANGO ETARIO Y SEXO - 75 a 79 años - Mujeres,RANGO ETARIO Y SEXO,75 a 79 años,Mujeres,,,"['RANGO ETARIO Y SEXO', '75 a 79 años', 'Mujeres']",61
P4,C,VARIABLES DE SEGUIMIENTO DEL PSCV AL CORTE,P4190809,Con *evaluación vigente del pie según pauta de estimación del riesgo de ulceración en personas con diabetes - Riesgo bajo,COL30,AG,33,RANGO ETARIO Y SEXO - 80 y más años - Hombres,RANGO ETARIO Y SEXO,80 y más años,Hombres,,,"['RANGO ETARIO Y SEXO', '80 y más años', 'Hombres']",61
P4,C,VARIABLES DE SEGUIMIENTO DEL PSCV AL CORTE,P4190809,Con *evaluación vigente del pie según pauta de estimación del riesgo de ulceración en personas con diabetes - Riesgo bajo,COL31,AH,34,RANGO ETARIO Y SEXO - 80 y más años - Mujeres,RANGO ETARIO Y SEXO,80 y más años,Mujeres,,,"['RANGO ETARIO Y SEXO', '80 y más años', 'Mujeres']",61
P4,C,VARIABLES DE SEGUIMIENTO DEL PSCV AL CORTE,P4190809,Con *evaluación vigente del pie según pauta de estimación del riesgo de ulceración en personas con diabetes - Riesgo bajo,COL32,AI,35,Pueblos Originarios - Hombres,Pueblos Originarios,Hombres,,,,"['Pueblos Originarios', 'Hombres']",61
P4,C,VARIABLES DE SEGUIMIENTO DEL PSCV AL CORTE,P4190809,Con *evaluación vigente del pie según pauta de estimación del riesgo de ulceración en personas con diabetes - Riesgo bajo,COL33,AJ,36,Pueblos Originarios - Mujeres,Pueblos Originarios,Mujeres,,,,"['Pueblos Originarios', 'Mujeres']",61
P4,C,VARIABLES DE SEGUIMIENTO DEL PSCV AL CORTE,P4190809,Con *evaluación vigente del pie según pauta de estimación del riesgo de ulceración en personas con diabetes - Riesgo bajo,COL34,AK,37,Migrantes - Hombres,Migrantes,Hombres,,,,"['Migrantes', 'Hombres']",61
P4,C,VARIABLES DE SEGUIMIENTO DEL PSCV AL CORTE,P4190809,Con *evaluación vigente del pie según pauta de estimación del riesgo de ulceración en personas con diabetes - Riesgo bajo,COL35,AL,38,Migrantes - Mujeres,Migrantes,Mujeres,,,,"['Migrantes', 'Mujeres']",61
P4,C,VARIABLES DE SEGUIMIENTO DEL PSCV AL CORTE,P4170300,Con *evaluación vigente del pie según pauta de estimación del riesgo de ulceración en personas con diabetes - Riesgo moderado,COL01,D,4,TOTAL - Ambos sexos,TOTAL,Ambos sexos,,,,"['TOTAL', 'Ambos sexos']",62
P4,C,VARIABLES DE SEGUIMIENTO DEL PSCV AL CORTE,P4170300,Con *evaluación vigente del pie según pauta de estimación del riesgo de ulceración en personas con diabetes - Riesgo moderado,COL02,E,5,TOTAL - Hombres,TOTAL,Hombres,,,,"['TOTAL', 'Hombres']",62
P4,C,VARIABLES DE SEGUIMIENTO DEL PSCV AL CORTE,P4170300,Con *evaluación vigente del pie según pauta de estimación del riesgo de ulceración en personas con diabetes - Riesgo moderado,COL03,F,6,TOTAL - Mujeres,TOTAL,Mujeres,,,,"['TOTAL', 'Mujeres']",62
P4,C,VARIABLES DE SEGUIMIENTO DEL PSCV AL CORTE,P4170300,Con *evaluación vigente del pie según pauta de estimación del riesgo de ulceración en personas con diabetes - Riesgo moderado,COL04,G,7,RANGO ETARIO Y SEXO - 15 a 19 años - Hombres,RANGO ETARIO Y SEXO,15 a 19 años,Hombres,,,"['RANGO ETARIO Y SEXO', '15 a 19 años', 'Hombres']",62
P4,C,VARIABLES DE SEGUIMIENTO DEL PSCV AL CORTE,P4170300,Con *evaluación vigente del pie según pauta de estimación del riesgo de ulceración en personas con diabetes - Riesgo moderado,COL05,H,8,RANGO ETARIO Y SEXO - 15 a 19 años - Mujeres,RANGO ETARIO Y SEXO,15 a 19 años,Mujeres,,,"['RANGO ETARIO Y SEXO', '15 a 19 años', 'Mujeres']",62
P4,C,VARIABLES DE SEGUIMIENTO DEL PSCV AL CORTE,P4170300,Con *evaluación vigente del pie según pauta de estimación del riesgo de ulceración en personas con diabetes - Riesgo moderado,COL06,I,9,RANGO ETARIO Y SEXO - 20 a 24 años - Hombres,RANGO ETARIO Y SEXO,20 a 24 años,Hombres,,,"['RANGO ETARIO Y SEXO', '20 a 24 años', 'Hombres']",62
P4,C,VARIABLES DE SEGUIMIENTO DEL PSCV AL CORTE,P4170300,Con *evaluación vigente del pie según pauta de estimación del riesgo de ulceración en personas con diabetes - Riesgo moderado,COL07,J,10,RANGO ETARIO Y SEXO - 20 a 24 años - Mujeres,RANGO ETARIO Y SEXO,20 a 24 años,Mujeres,,,"['RANGO ETARIO Y SEXO', '20 a 24 años', 'Mujeres']",62
P4,C,VARIABLES DE SEGUIMIENTO DEL PSCV AL CORTE,P4170300,Con *evaluación vigente del pie según pauta de estimación del riesgo de ulceración en personas con diabetes - Riesgo moderado,COL08,K,11,RANGO ETARIO Y SEXO - 25 a 29 años - Hombres,RANGO ETARIO Y SEXO,25 a 29 años,Hombres,,,"['RANGO ETARIO Y SEXO', '25 a 29 años', 'Hombres']",62
P4,C,VARIABLES DE SEGUIMIENTO DEL PSCV AL CORTE,P4170300,Con *evaluación vigente del pie según pauta de estimación del riesgo de ulceración en personas con diabetes - Riesgo moderado,COL09,L,12,RANGO ETARIO Y SEXO - 25 a 29 años - Mujeres,RANGO ETARIO Y SEXO,25 a 29 años,Mujeres,,,"['RANGO ETARIO Y SEXO', '25 a 29 años', 'Mujeres']",62
P4,C,VARIABLES DE SEGUIMIENTO DEL PSCV AL CORTE,P4170300,Con *evaluación vigente del pie según pauta de estimación del riesgo de ulceración en personas con diabetes - Riesgo moderado,COL10,M,13,RANGO ETARIO Y SEXO - 30 a 34 años - Hombres,RANGO ETARIO Y SEXO,30 a 34 años,Hombres,,,"['RANGO ETARIO Y SEXO', '30 a 34 años', 'Hombres']",62
P4,C,VARIABLES DE SEGUIMIENTO DEL PSCV AL CORTE,P4170300,Con *evaluación vigente del pie según pauta de estimación del riesgo de ulceración en personas con diabetes - Riesgo moderado,COL11,N,14,RANGO ETARIO Y SEXO - 30 a 34 años - Mujeres,RANGO ETARIO Y SEXO,30 a 34 años,Mujeres,,,"['RANGO ETARIO Y SEXO', '30 a 34 años', 'Mujeres']",62
P4,C,VARIABLES DE SEGUIMIENTO DEL PSCV AL CORTE,P4170300,Con *evaluación vigente del pie según pauta de estimación del riesgo de ulceración en personas con diabetes - Riesgo moderado,COL12,O,15,RANGO ETARIO Y SEXO - 35 a 39 años - Hombres,RANGO ETARIO Y SEXO,35 a 39 años,Hombres,,,"['RANGO ETARIO Y SEXO', '35 a 39 años', 'Hombres']",62
P4,C,VARIABLES DE SEGUIMIENTO DEL PSCV AL CORTE,P4170300,Con *evaluación vigente del pie según pauta de estimación del riesgo de ulceración en personas con diabetes - Riesgo moderado,COL13,P,16,RANGO ETARIO Y SEXO - 35 a 39 años - Mujeres,RANGO ETARIO Y SEXO,35 a 39 años,Mujeres,,,"['RANGO ETARIO Y SEXO', '35 a 39 años', 'Mujeres']",62
P4,C,VARIABLES DE SEGUIMIENTO DEL PSCV AL CORTE,P4170300,Con *evaluación vigente del pie según pauta de estimación del riesgo de ulceración en personas con diabetes - Riesgo moderado,COL14,Q,17,RANGO ETARIO Y SEXO - 40 a 44 años - Hombres,RANGO ETARIO Y SEXO,40 a 44 años,Hombres,,,"['RANGO ETARIO Y SEXO', '40 a 44 años', 'Hombres']",62
P4,C,VARIABLES DE SEGUIMIENTO DEL PSCV AL CORTE,P4170300,Con *evaluación vigente del pie según pauta de estimación del riesgo de ulceración en personas con diabetes - Riesgo moderado,COL15,R,18,RANGO ETARIO Y SEXO - 40 a 44 años - Mujeres,RANGO ETARIO Y SEXO,40 a 44 años,Mujeres,,,"['RANGO ETARIO Y SEXO', '40 a 44 años', 'Mujeres']",62
P4,C,VARIABLES DE SEGUIMIENTO DEL PSCV AL CORTE,P4170300,Con *evaluación vigente del pie según pauta de estimación del riesgo de ulceración en personas con diabetes - Riesgo moderado,COL16,S,19,RANGO ETARIO Y SEXO - 45 a 49 años - Hombres,RANGO ETARIO Y SEXO,45 a 49 años,Hombres,,,"['RANGO ETARIO Y SEXO', '45 a 49 años', 'Hombres']",62
P4,C,VARIABLES DE SEGUIMIENTO DEL PSCV AL CORTE,P4170300,Con *evaluación vigente del pie según pauta de estimación del riesgo de ulceración en personas con diabetes - Riesgo moderado,COL17,T,20,RANGO ETARIO Y SEXO - 45 a 49 años - Mujeres,RANGO ETARIO Y SEXO,45 a 49 años,Mujeres,,,"['RANGO ETARIO Y SEXO', '45 a 49 años', 'Mujeres']",62
P4,C,VARIABLES DE SEGUIMIENTO DEL PSCV AL CORTE,P4170300,Con *evaluación vigente del pie según pauta de estimación del riesgo de ulceración en personas con diabetes - Riesgo moderado,COL18,U,21,RANGO ETARIO Y SEXO - 50 a 54 años - Hombres,RANGO ETARIO Y SEXO,50 a 54 años,Hombres,,,"['RANGO ETARIO Y SEXO', '50 a 54 años', 'Hombres']",62
P4,C,VARIABLES DE SEGUIMIENTO DEL PSCV AL CORTE,P4170300,Con *evaluación vigente del pie según pauta de estimación del riesgo de ulceración en personas con diabetes - Riesgo moderado,COL19,V,22,RANGO ETARIO Y SEXO - 50 a 54 años - Mujeres,RANGO ETARIO Y SEXO,50 a 54 años,Mujeres,,,"['RANGO ETARIO Y SEXO', '50 a 54 años', 'Mujeres']",62
P4,C,VARIABLES DE SEGUIMIENTO DEL PSCV AL CORTE,P4170300,Con *evaluación vigente del pie según pauta de estimación del riesgo de ulceración en personas con diabetes - Riesgo moderado,COL20,W,23,RANGO ETARIO Y SEXO - 55 a 59 años - Hombres,RANGO ETARIO Y SEXO,55 a 59 años,Hombres,,,"['RANGO ETARIO Y SEXO', '55 a 59 años', 'Hombres']",62
P4,C,VARIABLES DE SEGUIMIENTO DEL PSCV AL CORTE,P4170300,Con *evaluación vigente del pie según pauta de estimación del riesgo de ulceración en personas con diabetes - Riesgo moderado,COL21,X,24,RANGO ETARIO Y SEXO - 55 a 59 años - Mujeres,RANGO ETARIO Y SEXO,55 a 59 años,Mujeres,,,"['RANGO ETARIO Y SEXO', '55 a 59 años', 'Mujeres']",62
P4,C,VARIABLES DE SEGUIMIENTO DEL PSCV AL CORTE,P4170300,Con *evaluación vigente del pie según pauta de estimación del riesgo de ulceración en personas con diabetes - Riesgo moderado,COL22,Y,25,RANGO ETARIO Y SEXO - 60 a 64 años - Hombres,RANGO ETARIO Y SEXO,60 a 64 años,Hombres,,,"['RANGO ETARIO Y SEXO', '60 a 64 años', 'Hombres']",62
P4,C,VARIABLES DE SEGUIMIENTO DEL PSCV AL CORTE,P4170300,Con *evaluación vigente del pie según pauta de estimación del riesgo de ulceración en personas con diabetes - Riesgo moderado,COL23,Z,26,RANGO ETARIO Y SEXO - 60 a 64 años - Mujeres,RANGO ETARIO Y SEXO,60 a 64 años,Mujeres,,,"['RANGO ETARIO Y SEXO', '60 a 64 años', 'Mujeres']",62
P4,C,VARIABLES DE SEGUIMIENTO DEL PSCV AL CORTE,P4170300,Con *evaluación vigente del pie según pauta de estimación del riesgo de ulceración en personas con diabetes - Riesgo moderado,COL24,AA,27,RANGO ETARIO Y SEXO - 65 a 69 años - Hombres,RANGO ETARIO Y SEXO,65 a 69 años,Hombres,,,"['RANGO ETARIO Y SEXO', '65 a 69 años', 'Hombres']",62
P4,C,VARIABLES DE SEGUIMIENTO DEL PSCV AL CORTE,P4170300,Con *evaluación vigente del pie según pauta de estimación del riesgo de ulceración en personas con diabetes - Riesgo moderado,COL25,AB,28,RANGO ETARIO Y SEXO - 65 a 69 años - Mujeres,RANGO ETARIO Y SEXO,65 a 69 años,Mujeres,,,"['RANGO ETARIO Y SEXO', '65 a 69 años', 'Mujeres']",62
P4,C,VARIABLES DE SEGUIMIENTO DEL PSCV AL CORTE,P4170300,Con *evaluación vigente del pie según pauta de estimación del riesgo de ulceración en personas con diabetes - Riesgo moderado,COL26,AC,29,RANGO ETARIO Y SEXO - 70 a 74 años - Hombres,RANGO ETARIO Y SEXO,70 a 74 años,Hombres,,,"['RANGO ETARIO Y SEXO', '70 a 74 años', 'Hombres']",62
P4,C,VARIABLES DE SEGUIMIENTO DEL PSCV AL CORTE,P4170300,Con *evaluación vigente del pie según pauta de estimación del riesgo de ulceración en personas con diabetes - Riesgo moderado,COL27,AD,30,RANGO ETARIO Y SEXO - 70 a 74 años - Mujeres,RANGO ETARIO Y SEXO,70 a 74 años,Mujeres,,,"['RANGO ETARIO Y SEXO', '70 a 74 años', 'Mujeres']",62
P4,C,VARIABLES DE SEGUIMIENTO DEL PSCV AL CORTE,P4170300,Con *evaluación vigente del pie según pauta de estimación del riesgo de ulceración en personas con diabetes - Riesgo moderado,COL28,AE,31,RANGO ETARIO Y SEXO - 75 a 79 años - Hombres,RANGO ETARIO Y SEXO,75 a 79 años,Hombres,,,"['RANGO ETARIO Y SEXO', '75 a 79 años', 'Hombres']",62
P4,C,VARIABLES DE SEGUIMIENTO DEL PSCV AL CORTE,P4170300,Con *evaluación vigente del pie según pauta de estimación del riesgo de ulceración en personas con diabetes - Riesgo moderado,COL29,AF,32,RANGO ETARIO Y SEXO - 75 a 79 años - Mujeres,RANGO ETARIO Y SEXO,75 a 79 años,Mujeres,,,"['RANGO ETARIO Y SEXO', '75 a 79 años', 'Mujeres']",62
P4,C,VARIABLES DE SEGUIMIENTO DEL PSCV AL CORTE,P4170300,Con *evaluación vigente del pie según pauta de estimación del riesgo de ulceración en personas con diabetes - Riesgo moderado,COL30,AG,33,RANGO ETARIO Y SEXO - 80 y más años - Hombres,RANGO ETARIO Y SEXO,80 y más años,Hombres,,,"['RANGO ETARIO Y SEXO', '80 y más años', 'Hombres']",62
P4,C,VARIABLES DE SEGUIMIENTO DEL PSCV AL CORTE,P4170300,Con *evaluación vigente del pie según pauta de estimación del riesgo de ulceración en personas con diabetes - Riesgo moderado,COL31,AH,34,RANGO ETARIO Y SEXO - 80 y más años - Mujeres,RANGO ETARIO Y SEXO,80 y más años,Mujeres,,,"['RANGO ETARIO Y SEXO', '80 y más años', 'Mujeres']",62
P4,C,VARIABLES DE SEGUIMIENTO DEL PSCV AL CORTE,P4170300,Con *evaluación vigente del pie según pauta de estimación del riesgo de ulceración en personas con diabetes - Riesgo moderado,COL32,AI,35,Pueblos Originarios - Hombres,Pueblos Originarios,Hombres,,,,"['Pueblos Originarios', 'Hombres']",62
P4,C,VARIABLES DE SEGUIMIENTO DEL PSCV AL CORTE,P4170300,Con *evaluación vigente del pie según pauta de estimación del riesgo de ulceración en personas con diabetes - Riesgo moderado,COL33,AJ,36,Pueblos Originarios - Mujeres,Pueblos Originarios,Mujeres,,,,"['Pueblos Originarios', 'Mujeres']",62
P4,C,VARIABLES DE SEGUIMIENTO DEL PSCV AL CORTE,P4170300,Con *evaluación vigente del pie según pauta de estimación del riesgo de ulceración en personas con diabetes - Riesgo moderado,COL34,AK,37,Migrantes - Hombres,Migrantes,Hombres,,,,"['Migrantes', 'Hombres']",62
P4,C,VARIABLES DE SEGUIMIENTO DEL PSCV AL CORTE,P4170300,Con *evaluación vigente del pie según pauta de estimación del riesgo de ulceración en personas con diabetes - Riesgo moderado,COL35,AL,38,Migrantes - Mujeres,Migrantes,Mujeres,,,,"['Migrantes', 'Mujeres']",62
P4,C,VARIABLES DE SEGUIMIENTO DEL PSCV AL CORTE,P4190500,Con *evaluación vigente del pie según pauta de estimación del riesgo de ulceración en personas con diabetes - Riesgo alto,COL01,D,4,TOTAL - Ambos sexos,TOTAL,Ambos sexos,,,,"['TOTAL', 'Ambos sexos']",63
P4,C,VARIABLES DE SEGUIMIENTO DEL PSCV AL CORTE,P4190500,Con *evaluación vigente del pie según pauta de estimación del riesgo de ulceración en personas con diabetes - Riesgo alto,COL02,E,5,TOTAL - Hombres,TOTAL,Hombres,,,,"['TOTAL', 'Hombres']",63
P4,C,VARIABLES DE SEGUIMIENTO DEL PSCV AL CORTE,P4190500,Con *evaluación vigente del pie según pauta de estimación del riesgo de ulceración en personas con diabetes - Riesgo alto,COL03,F,6,TOTAL - Mujeres,TOTAL,Mujeres,,,,"['TOTAL', 'Mujeres']",63
P4,C,VARIABLES DE SEGUIMIENTO DEL PSCV AL CORTE,P4190500,Con *evaluación vigente del pie según pauta de estimación del riesgo de ulceración en personas con diabetes - Riesgo alto,COL04,G,7,RANGO ETARIO Y SEXO - 15 a 19 años - Hombres,RANGO ETARIO Y SEXO,15 a 19 años,Hombres,,,"['RANGO ETARIO Y SEXO', '15 a 19 años', 'Hombres']",63
P4,C,VARIABLES DE SEGUIMIENTO DEL PSCV AL CORTE,P4190500,Con *evaluación vigente del pie según pauta de estimación del riesgo de ulceración en personas con diabetes - Riesgo alto,COL05,H,8,RANGO ETARIO Y SEXO - 15 a 19 años - Mujeres,RANGO ETARIO Y SEXO,15 a 19 años,Mujeres,,,"['RANGO ETARIO Y SEXO', '15 a 19 años', 'Mujeres']",63
P4,C,VARIABLES DE SEGUIMIENTO DEL PSCV AL CORTE,P4190500,Con *evaluación vigente del pie según pauta de estimación del riesgo de ulceración en personas con diabetes - Riesgo alto,COL06,I,9,RANGO ETARIO Y SEXO - 20 a 24 años - Hombres,RANGO ETARIO Y SEXO,20 a 24 años,Hombres,,,"['RANGO ETARIO Y SEXO', '20 a 24 años', 'Hombres']",63
P4,C,VARIABLES DE SEGUIMIENTO DEL PSCV AL CORTE,P4190500,Con *evaluación vigente del pie según pauta de estimación del riesgo de ulceración en personas con diabetes - Riesgo alto,COL07,J,10,RANGO ETARIO Y SEXO - 20 a 24 años - Mujeres,RANGO ETARIO Y SEXO,20 a 24 años,Mujeres,,,"['RANGO ETARIO Y SEXO', '20 a 24 años', 'Mujeres']",63
P4,C,VARIABLES DE SEGUIMIENTO DEL PSCV AL CORTE,P4190500,Con *evaluación vigente del pie según pauta de estimación del riesgo de ulceración en personas con diabetes - Riesgo alto,COL08,K,11,RANGO ETARIO Y SEXO - 25 a 29 años - Hombres,RANGO ETARIO Y SEXO,25 a 29 años,Hombres,,,"['RANGO ETARIO Y SEXO', '25 a 29 años', 'Hombres']",63
P4,C,VARIABLES DE SEGUIMIENTO DEL PSCV AL CORTE,P4190500,Con *evaluación vigente del pie según pauta de estimación del riesgo de ulceración en personas con diabetes - Riesgo alto,COL09,L,12,RANGO ETARIO Y SEXO - 25 a 29 años - Mujeres,RANGO ETARIO Y SEXO,25 a 29 años,Mujeres,,,"['RANGO ETARIO Y SEXO', '25 a 29 años', 'Mujeres']",63
P4,C,VARIABLES DE SEGUIMIENTO DEL PSCV AL CORTE,P4190500,Con *evaluación vigente del pie según pauta de estimación del riesgo de ulceración en personas con diabetes - Riesgo alto,COL10,M,13,RANGO ETARIO Y SEXO - 30 a 34 años - Hombres,RANGO ETARIO Y SEXO,30 a 34 años,Hombres,,,"['RANGO ETARIO Y SEXO', '30 a 34 años', 'Hombres']",63
P4,C,VARIABLES DE SEGUIMIENTO DEL PSCV AL CORTE,P4190500,Con *evaluación vigente del pie según pauta de estimación del riesgo de ulceración en personas con diabetes - Riesgo alto,COL11,N,14,RANGO ETARIO Y SEXO - 30 a 34 años - Mujeres,RANGO ETARIO Y SEXO,30 a 34 años,Mujeres,,,"['RANGO ETARIO Y SEXO', '30 a 34 años', 'Mujeres']",63
P4,C,VARIABLES DE SEGUIMIENTO DEL PSCV AL CORTE,P4190500,Con *evaluación vigente del pie según pauta de estimación del riesgo de ulceración en personas con diabetes - Riesgo alto,COL12,O,15,RANGO ETARIO Y SEXO - 35 a 39 años - Hombres,RANGO ETARIO Y SEXO,35 a 39 años,Hombres,,,"['RANGO ETARIO Y SEXO', '35 a 39 años', 'Hombres']",63
P4,C,VARIABLES DE SEGUIMIENTO DEL PSCV AL CORTE,P4190500,Con *evaluación vigente del pie según pauta de estimación del riesgo de ulceración en personas con diabetes - Riesgo alto,COL13,P,16,RANGO ETARIO Y SEXO - 35 a 39 años - Mujeres,RANGO ETARIO Y SEXO,35 a 39 años,Mujeres,,,"['RANGO ETARIO Y SEXO', '35 a 39 años', 'Mujeres']",63
P4,C,VARIABLES DE SEGUIMIENTO DEL PSCV AL CORTE,P4190500,Con *evaluación vigente del pie según pauta de estimación del riesgo de ulceración en personas con diabetes - Riesgo alto,COL14,Q,17,RANGO ETARIO Y SEXO - 40 a 44 años - Hombres,RANGO ETARIO Y SEXO,40 a 44 años,Hombres,,,"['RANGO ETARIO Y SEXO', '40 a 44 años', 'Hombres']",63
P4,C,VARIABLES DE SEGUIMIENTO DEL PSCV AL CORTE,P4190500,Con *evaluación vigente del pie según pauta de estimación del riesgo de ulceración en personas con diabetes - Riesgo alto,COL15,R,18,RANGO ETARIO Y SEXO - 40 a 44 años - Mujeres,RANGO ETARIO Y SEXO,40 a 44 años,Mujeres,,,"['RANGO ETARIO Y SEXO', '40 a 44 años', 'Mujeres']",63
P4,C,VARIABLES DE SEGUIMIENTO DEL PSCV AL CORTE,P4190500,Con *evaluación vigente del pie según pauta de estimación del riesgo de ulceración en personas con diabetes - Riesgo alto,COL16,S,19,RANGO ETARIO Y SEXO - 45 a 49 años - Hombres,RANGO ETARIO Y SEXO,45 a 49 años,Hombres,,,"['RANGO ETARIO Y SEXO', '45 a 49 años', 'Hombres']",63
P4,C,VARIABLES DE SEGUIMIENTO DEL PSCV AL CORTE,P4190500,Con *evaluación vigente del pie según pauta de estimación del riesgo de ulceración en personas con diabetes - Riesgo alto,COL17,T,20,RANGO ETARIO Y SEXO - 45 a 49 años - Mujeres,RANGO ETARIO Y SEXO,45 a 49 años,Mujeres,,,"['RANGO ETARIO Y SEXO', '45 a 49 años', 'Mujeres']",63
P4,C,VARIABLES DE SEGUIMIENTO DEL PSCV AL CORTE,P4190500,Con *evaluación vigente del pie según pauta de estimación del riesgo de ulceración en personas con diabetes - Riesgo alto,COL18,U,21,RANGO ETARIO Y SEXO - 50 a 54 años - Hombres,RANGO ETARIO Y SEXO,50 a 54 años,Hombres,,,"['RANGO ETARIO Y SEXO', '50 a 54 años', 'Hombres']",63
P4,C,VARIABLES DE SEGUIMIENTO DEL PSCV AL CORTE,P4190500,Con *evaluación vigente del pie según pauta de estimación del riesgo de ulceración en personas con diabetes - Riesgo alto,COL19,V,22,RANGO ETARIO Y SEXO - 50 a 54 años - Mujeres,RANGO ETARIO Y SEXO,50 a 54 años,Mujeres,,,"['RANGO ETARIO Y SEXO', '50 a 54 años', 'Mujeres']",63
P4,C,VARIABLES DE SEGUIMIENTO DEL PSCV AL CORTE,P4190500,Con *evaluación vigente del pie según pauta de estimación del riesgo de ulceración en personas con diabetes - Riesgo alto,COL20,W,23,RANGO ETARIO Y SEXO - 55 a 59 años - Hombres,RANGO ETARIO Y SEXO,55 a 59 años,Hombres,,,"['RANGO ETARIO Y SEXO', '55 a 59 años', 'Hombres']",63
P4,C,VARIABLES DE SEGUIMIENTO DEL PSCV AL CORTE,P4190500,Con *evaluación vigente del pie según pauta de estimación del riesgo de ulceración en personas con diabetes - Riesgo alto,COL21,X,24,RANGO ETARIO Y SEXO - 55 a 59 años - Mujeres,RANGO ETARIO Y SEXO,55 a 59 años,Mujeres,,,"['RANGO ETARIO Y SEXO', '55 a 59 años', 'Mujeres']",63
P4,C,VARIABLES DE SEGUIMIENTO DEL PSCV AL CORTE,P4190500,Con *evaluación vigente del pie según pauta de estimación del riesgo de ulceración en personas con diabetes - Riesgo alto,COL22,Y,25,RANGO ETARIO Y SEXO - 60 a 64 años - Hombres,RANGO ETARIO Y SEXO,60 a 64 años,Hombres,,,"['RANGO ETARIO Y SEXO', '60 a 64 años', 'Hombres']",63
P4,C,VARIABLES DE SEGUIMIENTO DEL PSCV AL CORTE,P4190500,Con *evaluación vigente del pie según pauta de estimación del riesgo de ulceración en personas con diabetes - Riesgo alto,COL23,Z,26,RANGO ETARIO Y SEXO - 60 a 64 años - Mujeres,RANGO ETARIO Y SEXO,60 a 64 años,Mujeres,,,"['RANGO ETARIO Y SEXO', '60 a 64 años', 'Mujeres']",63
P4,C,VARIABLES DE SEGUIMIENTO DEL PSCV AL CORTE,P4190500,Con *evaluación vigente del pie según pauta de estimación del riesgo de ulceración en personas con diabetes - Riesgo alto,COL24,AA,27,RANGO ETARIO Y SEXO - 65 a 69 años - Hombres,RANGO ETARIO Y SEXO,65 a 69 años,Hombres,,,"['RANGO ETARIO Y SEXO', '65 a 69 años', 'Hombres']",63
P4,C,VARIABLES DE SEGUIMIENTO DEL PSCV AL CORTE,P4190500,Con *evaluación vigente del pie según pauta de estimación del riesgo de ulceración en personas con diabetes - Riesgo alto,COL25,AB,28,RANGO ETARIO Y SEXO - 65 a 69 años - Mujeres,RANGO ETARIO Y SEXO,65 a 69 años,Mujeres,,,"['RANGO ETARIO Y SEXO', '65 a 69 años', 'Mujeres']",63
P4,C,VARIABLES DE SEGUIMIENTO DEL PSCV AL CORTE,P4190500,Con *evaluación vigente del pie según pauta de estimación del riesgo de ulceración en personas con diabetes - Riesgo alto,COL26,AC,29,RANGO ETARIO Y SEXO - 70 a 74 años - Hombres,RANGO ETARIO Y SEXO,70 a 74 años,Hombres,,,"['RANGO ETARIO Y SEXO', '70 a 74 años', 'Hombres']",63
P4,C,VARIABLES DE SEGUIMIENTO DEL PSCV AL CORTE,P4190500,Con *evaluación vigente del pie según pauta de estimación del riesgo de ulceración en personas con diabetes - Riesgo alto,COL27,AD,30,RANGO ETARIO Y SEXO - 70 a 74 años - Mujeres,RANGO ETARIO Y SEXO,70 a 74 años,Mujeres,,,"['RANGO ETARIO Y SEXO', '70 a 74 años', 'Mujeres']",63
P4,C,VARIABLES DE SEGUIMIENTO DEL PSCV AL CORTE,P4190500,Con *evaluación vigente del pie según pauta de estimación del riesgo de ulceración en personas con diabetes - Riesgo alto,COL28,AE,31,RANGO ETARIO Y SEXO - 75 a 79 años - Hombres,RANGO ETARIO Y SEXO,75 a 79 años,Hombres,,,"['RANGO ETARIO Y SEXO', '75 a 79 años', 'Hombres']",63
P4,C,VARIABLES DE SEGUIMIENTO DEL PSCV AL CORTE,P4190500,Con *evaluación vigente del pie según pauta de estimación del riesgo de ulceración en personas con diabetes - Riesgo alto,COL29,AF,32,RANGO ETARIO Y SEXO - 75 a 79 años - Mujeres,RANGO ETARIO Y SEXO,75 a 79 años,Mujeres,,,"['RANGO ETARIO Y SEXO', '75 a 79 años', 'Mujeres']",63
P4,C,VARIABLES DE SEGUIMIENTO DEL PSCV AL CORTE,P4190500,Con *evaluación vigente del pie según pauta de estimación del riesgo de ulceración en personas con diabetes - Riesgo alto,COL30,AG,33,RANGO ETARIO Y SEXO - 80 y más años - Hombres,RANGO ETARIO Y SEXO,80 y más años,Hombres,,,"['RANGO ETARIO Y SEXO', '80 y más años', 'Hombres']",63
P4,C,VARIABLES DE SEGUIMIENTO DEL PSCV AL CORTE,P4190500,Con *evaluación vigente del pie según pauta de estimación del riesgo de ulceración en personas con diabetes - Riesgo alto,COL31,AH,34,RANGO ETARIO Y SEXO - 80 y más años - Mujeres,RANGO ETARIO Y SEXO,80 y más años,Mujeres,,,"['RANGO ETARIO Y SEXO', '80 y más años', 'Mujeres']",63
P4,C,VARIABLES DE SEGUIMIENTO DEL PSCV AL CORTE,P4190500,Con *evaluación vigente del pie según pauta de estimación del riesgo de ulceración en personas con diabetes - Riesgo alto,COL32,AI,35,Pueblos Originarios - Hombres,Pueblos Originarios,Hombres,,,,"['Pueblos Originarios', 'Hombres']",63
P4,C,VARIABLES DE SEGUIMIENTO DEL PSCV AL CORTE,P4190500,Con *evaluación vigente del pie según pauta de estimación del riesgo de ulceración en personas con diabetes - Riesgo alto,COL33,AJ,36,Pueblos Originarios - Mujeres,Pueblos Originarios,Mujeres,,,,"['Pueblos Originarios', 'Mujeres']",63
P4,C,VARIABLES DE SEGUIMIENTO DEL PSCV AL CORTE,P4190500,Con *evaluación vigente del pie según pauta de estimación del riesgo de ulceración en personas con diabetes - Riesgo alto,COL34,AK,37,Migrantes - Hombres,Migrantes,Hombres,,,,"['Migrantes', 'Hombres']",63
P4,C,VARIABLES DE SEGUIMIENTO DEL PSCV AL CORTE,P4190500,Con *evaluación vigente del pie según pauta de estimación del riesgo de ulceración en personas con diabetes - Riesgo alto,COL35,AL,38,Migrantes - Mujeres,Migrantes,Mujeres,,,,"['Migrantes', 'Mujeres']",63
P4,C,VARIABLES DE SEGUIMIENTO DEL PSCV AL CORTE,P4190600,Con *evaluación vigente del pie según pauta de estimación del riesgo de ulceración en personas con diabetes - Riesgo máximo,COL01,D,4,TOTAL - Ambos sexos,TOTAL,Ambos sexos,,,,"['TOTAL', 'Ambos sexos']",64
P4,C,VARIABLES DE SEGUIMIENTO DEL PSCV AL CORTE,P4190600,Con *evaluación vigente del pie según pauta de estimación del riesgo de ulceración en personas con diabetes - Riesgo máximo,COL02,E,5,TOTAL - Hombres,TOTAL,Hombres,,,,"['TOTAL', 'Hombres']",64
P4,C,VARIABLES DE SEGUIMIENTO DEL PSCV AL CORTE,P4190600,Con *evaluación vigente del pie según pauta de estimación del riesgo de ulceración en personas con diabetes - Riesgo máximo,COL03,F,6,TOTAL - Mujeres,TOTAL,Mujeres,,,,"['TOTAL', 'Mujeres']",64
P4,C,VARIABLES DE SEGUIMIENTO DEL PSCV AL CORTE,P4190600,Con *evaluación vigente del pie según pauta de estimación del riesgo de ulceración en personas con diabetes - Riesgo máximo,COL04,G,7,RANGO ETARIO Y SEXO - 15 a 19 años - Hombres,RANGO ETARIO Y SEXO,15 a 19 años,Hombres,,,"['RANGO ETARIO Y SEXO', '15 a 19 años', 'Hombres']",64
P4,C,VARIABLES DE SEGUIMIENTO DEL PSCV AL CORTE,P4190600,Con *evaluación vigente del pie según pauta de estimación del riesgo de ulceración en personas con diabetes - Riesgo máximo,COL05,H,8,RANGO ETARIO Y SEXO - 15 a 19 años - Mujeres,RANGO ETARIO Y SEXO,15 a 19 años,Mujeres,,,"['RANGO ETARIO Y SEXO', '15 a 19 años', 'Mujeres']",64
P4,C,VARIABLES DE SEGUIMIENTO DEL PSCV AL CORTE,P4190600,Con *evaluación vigente del pie según pauta de estimación del riesgo de ulceración en personas con diabetes - Riesgo máximo,COL06,I,9,RANGO ETARIO Y SEXO - 20 a 24 años - Hombres,RANGO ETARIO Y SEXO,20 a 24 años,Hombres,,,"['RANGO ETARIO Y SEXO', '20 a 24 años', 'Hombres']",64
P4,C,VARIABLES DE SEGUIMIENTO DEL PSCV AL CORTE,P4190600,Con *evaluación vigente del pie según pauta de estimación del riesgo de ulceración en personas con diabetes - Riesgo máximo,COL07,J,10,RANGO ETARIO Y SEXO - 20 a 24 años - Mujeres,RANGO ETARIO Y SEXO,20 a 24 años,Mujeres,,,"['RANGO ETARIO Y SEXO', '20 a 24 años', 'Mujeres']",64
P4,C,VARIABLES DE SEGUIMIENTO DEL PSCV AL CORTE,P4190600,Con *evaluación vigente del pie según pauta de estimación del riesgo de ulceración en personas con diabetes - Riesgo máximo,COL08,K,11,RANGO ETARIO Y SEXO - 25 a 29 años - Hombres,RANGO ETARIO Y SEXO,25 a 29 años,Hombres,,,"['RANGO ETARIO Y SEXO', '25 a 29 años', 'Hombres']",64
P4,C,VARIABLES DE SEGUIMIENTO DEL PSCV AL CORTE,P4190600,Con *evaluación vigente del pie según pauta de estimación del riesgo de ulceración en personas con diabetes - Riesgo máximo,COL09,L,12,RANGO ETARIO Y SEXO - 25 a 29 años - Mujeres,RANGO ETARIO Y SEXO,25 a 29 años,Mujeres,,,"['RANGO ETARIO Y SEXO', '25 a 29 años', 'Mujeres']",64
P4,C,VARIABLES DE SEGUIMIENTO DEL PSCV AL CORTE,P4190600,Con *evaluación vigente del pie según pauta de estimación del riesgo de ulceración en personas con diabetes - Riesgo máximo,COL10,M,13,RANGO ETARIO Y SEXO - 30 a 34 años - Hombres,RANGO ETARIO Y SEXO,30 a 34 años,Hombres,,,"['RANGO ETARIO Y SEXO', '30 a 34 años', 'Hombres']",64
P4,C,VARIABLES DE SEGUIMIENTO DEL PSCV AL CORTE,P4190600,Con *evaluación vigente del pie según pauta de estimación del riesgo de ulceración en personas con diabetes - Riesgo máximo,COL11,N,14,RANGO ETARIO Y SEXO - 30 a 34 años - Mujeres,RANGO ETARIO Y SEXO,30 a 34 años,Mujeres,,,"['RANGO ETARIO Y SEXO', '30 a 34 años', 'Mujeres']",64
P4,C,VARIABLES DE SEGUIMIENTO DEL PSCV AL CORTE,P4190600,Con *evaluación vigente del pie según pauta de estimación del riesgo de ulceración en personas con diabetes - Riesgo máximo,COL12,O,15,RANGO ETARIO Y SEXO - 35 a 39 años - Hombres,RANGO ETARIO Y SEXO,35 a 39 años,Hombres,,,"['RANGO ETARIO Y SEXO', '35 a 39 años', 'Hombres']",64
P4,C,VARIABLES DE SEGUIMIENTO DEL PSCV AL CORTE,P4190600,Con *evaluación vigente del pie según pauta de estimación del riesgo de ulceración en personas con diabetes - Riesgo máximo,COL13,P,16,RANGO ETARIO Y SEXO - 35 a 39 años - Mujeres,RANGO ETARIO Y SEXO,35 a 39 años,Mujeres,,,"['RANGO ETARIO Y SEXO', '35 a 39 años', 'Mujeres']",64
P4,C,VARIABLES DE SEGUIMIENTO DEL PSCV AL CORTE,P4190600,Con *evaluación vigente del pie según pauta de estimación del riesgo de ulceración en personas con diabetes - Riesgo máximo,COL14,Q,17,RANGO ETARIO Y SEXO - 40 a 44 años - Hombres,RANGO ETARIO Y SEXO,40 a 44 años,Hombres,,,"['RANGO ETARIO Y SEXO', '40 a 44 años', 'Hombres']",64
P4,C,VARIABLES DE SEGUIMIENTO DEL PSCV AL CORTE,P4190600,Con *evaluación vigente del pie según pauta de estimación del riesgo de ulceración en personas con diabetes - Riesgo máximo,COL15,R,18,RANGO ETARIO Y SEXO - 40 a 44 años - Mujeres,RANGO ETARIO Y SEXO,40 a 44 años,Mujeres,,,"['RANGO ETARIO Y SEXO', '40 a 44 años', 'Mujeres']",64
P4,C,VARIABLES DE SEGUIMIENTO DEL PSCV AL CORTE,P4190600,Con *evaluación vigente del pie según pauta de estimación del riesgo de ulceración en personas con diabetes - Riesgo máximo,COL16,S,19,RANGO ETARIO Y SEXO - 45 a 49 años - Hombres,RANGO ETARIO Y SEXO,45 a 49 años,Hombres,,,"['RANGO ETARIO Y SEXO', '45 a 49 años', 'Hombres']",64
P4,C,VARIABLES DE SEGUIMIENTO DEL PSCV AL CORTE,P4190600,Con *evaluación vigente del pie según pauta de estimación del riesgo de ulceración en personas con diabetes - Riesgo máximo,COL17,T,20,RANGO ETARIO Y SEXO - 45 a 49 años - Mujeres,RANGO ETARIO Y SEXO,45 a 49 años,Mujeres,,,"['RANGO ETARIO Y SEXO', '45 a 49 años', 'Mujeres']",64
P4,C,VARIABLES DE SEGUIMIENTO DEL PSCV AL CORTE,P4190600,Con *evaluación vigente del pie según pauta de estimación del riesgo de ulceración en personas con diabetes - Riesgo máximo,COL18,U,21,RANGO ETARIO Y SEXO - 50 a 54 años - Hombres,RANGO ETARIO Y SEXO,50 a 54 años,Hombres,,,"['RANGO ETARIO Y SEXO', '50 a 54 años', 'Hombres']",64
P4,C,VARIABLES DE SEGUIMIENTO DEL PSCV AL CORTE,P4190600,Con *evaluación vigente del pie según pauta de estimación del riesgo de ulceración en personas con diabetes - Riesgo máximo,COL19,V,22,RANGO ETARIO Y SEXO - 50 a 54 años - Mujeres,RANGO ETARIO Y SEXO,50 a 54 años,Mujeres,,,"['RANGO ETARIO Y SEXO', '50 a 54 años', 'Mujeres']",64
P4,C,VARIABLES DE SEGUIMIENTO DEL PSCV AL CORTE,P4190600,Con *evaluación vigente del pie según pauta de estimación del riesgo de ulceración en personas con diabetes - Riesgo máximo,COL20,W,23,RANGO ETARIO Y SEXO - 55 a 59 años - Hombres,RANGO ETARIO Y SEXO,55 a 59 años,Hombres,,,"['RANGO ETARIO Y SEXO', '55 a 59 años', 'Hombres']",64
P4,C,VARIABLES DE SEGUIMIENTO DEL PSCV AL CORTE,P4190600,Con *evaluación vigente del pie según pauta de estimación del riesgo de ulceración en personas con diabetes - Riesgo máximo,COL21,X,24,RANGO ETARIO Y SEXO - 55 a 59 años - Mujeres,RANGO ETARIO Y SEXO,55 a 59 años,Mujeres,,,"['RANGO ETARIO Y SEXO', '55 a 59 años', 'Mujeres']",64
P4,C,VARIABLES DE SEGUIMIENTO DEL PSCV AL CORTE,P4190600,Con *evaluación vigente del pie según pauta de estimación del riesgo de ulceración en personas con diabetes - Riesgo máximo,COL22,Y,25,RANGO ETARIO Y SEXO - 60 a 64 años - Hombres,RANGO ETARIO Y SEXO,60 a 64 años,Hombres,,,"['RANGO ETARIO Y SEXO', '60 a 64 años', 'Hombres']",64
P4,C,VARIABLES DE SEGUIMIENTO DEL PSCV AL CORTE,P4190600,Con *evaluación vigente del pie según pauta de estimación del riesgo de ulceración en personas con diabetes - Riesgo máximo,COL23,Z,26,RANGO ETARIO Y SEXO - 60 a 64 años - Mujeres,RANGO ETARIO Y SEXO,60 a 64 años,Mujeres,,,"['RANGO ETARIO Y SEXO', '60 a 64 años', 'Mujeres']",64
P4,C,VARIABLES DE SEGUIMIENTO DEL PSCV AL CORTE,P4190600,Con *evaluación vigente del pie según pauta de estimación del riesgo de ulceración en personas con diabetes - Riesgo máximo,COL24,AA,27,RANGO ETARIO Y SEXO - 65 a 69 años - Hombres,RANGO ETARIO Y SEXO,65 a 69 años,Hombres,,,"['RANGO ETARIO Y SEXO', '65 a 69 años', 'Hombres']",64
P4,C,VARIABLES DE SEGUIMIENTO DEL PSCV AL CORTE,P4190600,Con *evaluación vigente del pie según pauta de estimación del riesgo de ulceración en personas con diabetes - Riesgo máximo,COL25,AB,28,RANGO ETARIO Y SEXO - 65 a 69 años - Mujeres,RANGO ETARIO Y SEXO,65 a 69 años,Mujeres,,,"['RANGO ETARIO Y SEXO', '65 a 69 años', 'Mujeres']",64
P4,C,VARIABLES DE SEGUIMIENTO DEL PSCV AL CORTE,P4190600,Con *evaluación vigente del pie según pauta de estimación del riesgo de ulceración en personas con diabetes - Riesgo máximo,COL26,AC,29,RANGO ETARIO Y SEXO - 70 a 74 años - Hombres,RANGO ETARIO Y SEXO,70 a 74 años,Hombres,,,"['RANGO ETARIO Y SEXO', '70 a 74 años', 'Hombres']",64
P4,C,VARIABLES DE SEGUIMIENTO DEL PSCV AL CORTE,P4190600,Con *evaluación vigente del pie según pauta de estimación del riesgo de ulceración en personas con diabetes - Riesgo máximo,COL27,AD,30,RANGO ETARIO Y SEXO - 70 a 74 años - Mujeres,RANGO ETARIO Y SEXO,70 a 74 años,Mujeres,,,"['RANGO ETARIO Y SEXO', '70 a 74 años', 'Mujeres']",64
P4,C,VARIABLES DE SEGUIMIENTO DEL PSCV AL CORTE,P4190600,Con *evaluación vigente del pie según pauta de estimación del riesgo de ulceración en personas con diabetes - Riesgo máximo,COL28,AE,31,RANGO ETARIO Y SEXO - 75 a 79 años - Hombres,RANGO ETARIO Y SEXO,75 a 79 años,Hombres,,,"['RANGO ETARIO Y SEXO', '75 a 79 años', 'Hombres']",64
P4,C,VARIABLES DE SEGUIMIENTO DEL PSCV AL CORTE,P4190600,Con *evaluación vigente del pie según pauta de estimación del riesgo de ulceración en personas con diabetes - Riesgo máximo,COL29,AF,32,RANGO ETARIO Y SEXO - 75 a 79 años - Mujeres,RANGO ETARIO Y SEXO,75 a 79 años,Mujeres,,,"['RANGO ETARIO Y SEXO', '75 a 79 años', 'Mujeres']",64
P4,C,VARIABLES DE SEGUIMIENTO DEL PSCV AL CORTE,P4190600,Con *evaluación vigente del pie según pauta de estimación del riesgo de ulceración en personas con diabetes - Riesgo máximo,COL30,AG,33,RANGO ETARIO Y SEXO - 80 y más años - Hombres,RANGO ETARIO Y SEXO,80 y más años,Hombres,,,"['RANGO ETARIO Y SEXO', '80 y más años', 'Hombres']",64
P4,C,VARIABLES DE SEGUIMIENTO DEL PSCV AL CORTE,P4190600,Con *evaluación vigente del pie según pauta de estimación del riesgo de ulceración en personas con diabetes - Riesgo máximo,COL31,AH,34,RANGO ETARIO Y SEXO - 80 y más años - Mujeres,RANGO ETARIO Y SEXO,80 y más años,Mujeres,,,"['RANGO ETARIO Y SEXO', '80 y más años', 'Mujeres']",64
P4,C,VARIABLES DE SEGUIMIENTO DEL PSCV AL CORTE,P4190600,Con *evaluación vigente del pie según pauta de estimación del riesgo de ulceración en personas con diabetes - Riesgo máximo,COL32,AI,35,Pueblos Originarios - Hombres,Pueblos Originarios,Hombres,,,,"['Pueblos Originarios', 'Hombres']",64
P4,C,VARIABLES DE SEGUIMIENTO DEL PSCV AL CORTE,P4190600,Con *evaluación vigente del pie según pauta de estimación del riesgo de ulceración en personas con diabetes - Riesgo máximo,COL33,AJ,36,Pueblos Originarios - Mujeres,Pueblos Originarios,Mujeres,,,,"['Pueblos Originarios', 'Mujeres']",64
P4,C,VARIABLES DE SEGUIMIENTO DEL PSCV AL CORTE,P4190600,Con *evaluación vigente del pie según pauta de estimación del riesgo de ulceración en personas con diabetes - Riesgo máximo,COL34,AK,37,Migrantes - Hombres,Migrantes,Hombres,,,,"['Migrantes', 'Hombres']",64
P4,C,VARIABLES DE SEGUIMIENTO DEL PSCV AL CORTE,P4190600,Con *evaluación vigente del pie según pauta de estimación del riesgo de ulceración en personas con diabetes - Riesgo máximo,COL35,AL,38,Migrantes - Mujeres,Migrantes,Mujeres,,,,"['Migrantes', 'Mujeres']",64
P4,C,VARIABLES DE SEGUIMIENTO DEL PSCV AL CORTE,P4190970,Con úlceras activas de pie diabético tratadas con curación - Curación Convencional,COL01,D,4,TOTAL - Ambos sexos,TOTAL,Ambos sexos,,,,"['TOTAL', 'Ambos sexos']",65
P4,C,VARIABLES DE SEGUIMIENTO DEL PSCV AL CORTE,P4190970,Con úlceras activas de pie diabético tratadas con curación - Curación Convencional,COL02,E,5,TOTAL - Hombres,TOTAL,Hombres,,,,"['TOTAL', 'Hombres']",65
P4,C,VARIABLES DE SEGUIMIENTO DEL PSCV AL CORTE,P4190970,Con úlceras activas de pie diabético tratadas con curación - Curación Convencional,COL03,F,6,TOTAL - Mujeres,TOTAL,Mujeres,,,,"['TOTAL', 'Mujeres']",65
P4,C,VARIABLES DE SEGUIMIENTO DEL PSCV AL CORTE,P4190970,Con úlceras activas de pie diabético tratadas con curación - Curación Convencional,COL04,G,7,RANGO ETARIO Y SEXO - 15 a 19 años - Hombres,RANGO ETARIO Y SEXO,15 a 19 años,Hombres,,,"['RANGO ETARIO Y SEXO', '15 a 19 años', 'Hombres']",65
P4,C,VARIABLES DE SEGUIMIENTO DEL PSCV AL CORTE,P4190970,Con úlceras activas de pie diabético tratadas con curación - Curación Convencional,COL05,H,8,RANGO ETARIO Y SEXO - 15 a 19 años - Mujeres,RANGO ETARIO Y SEXO,15 a 19 años,Mujeres,,,"['RANGO ETARIO Y SEXO', '15 a 19 años', 'Mujeres']",65
P4,C,VARIABLES DE SEGUIMIENTO DEL PSCV AL CORTE,P4190970,Con úlceras activas de pie diabético tratadas con curación - Curación Convencional,COL06,I,9,RANGO ETARIO Y SEXO - 20 a 24 años - Hombres,RANGO ETARIO Y SEXO,20 a 24 años,Hombres,,,"['RANGO ETARIO Y SEXO', '20 a 24 años', 'Hombres']",65
P4,C,VARIABLES DE SEGUIMIENTO DEL PSCV AL CORTE,P4190970,Con úlceras activas de pie diabético tratadas con curación - Curación Convencional,COL07,J,10,RANGO ETARIO Y SEXO - 20 a 24 años - Mujeres,RANGO ETARIO Y SEXO,20 a 24 años,Mujeres,,,"['RANGO ETARIO Y SEXO', '20 a 24 años', 'Mujeres']",65
P4,C,VARIABLES DE SEGUIMIENTO DEL PSCV AL CORTE,P4190970,Con úlceras activas de pie diabético tratadas con curación - Curación Convencional,COL08,K,11,RANGO ETARIO Y SEXO - 25 a 29 años - Hombres,RANGO ETARIO Y SEXO,25 a 29 años,Hombres,,,"['RANGO ETARIO Y SEXO', '25 a 29 años', 'Hombres']",65
P4,C,VARIABLES DE SEGUIMIENTO DEL PSCV AL CORTE,P4190970,Con úlceras activas de pie diabético tratadas con curación - Curación Convencional,COL09,L,12,RANGO ETARIO Y SEXO - 25 a 29 años - Mujeres,RANGO ETARIO Y SEXO,25 a 29 años,Mujeres,,,"['RANGO ETARIO Y SEXO', '25 a 29 años', 'Mujeres']",65
P4,C,VARIABLES DE SEGUIMIENTO DEL PSCV AL CORTE,P4190970,Con úlceras activas de pie diabético tratadas con curación - Curación Convencional,COL10,M,13,RANGO ETARIO Y SEXO - 30 a 34 años - Hombres,RANGO ETARIO Y SEXO,30 a 34 años,Hombres,,,"['RANGO ETARIO Y SEXO', '30 a 34 años', 'Hombres']",65
P4,C,VARIABLES DE SEGUIMIENTO DEL PSCV AL CORTE,P4190970,Con úlceras activas de pie diabético tratadas con curación - Curación Convencional,COL11,N,14,RANGO ETARIO Y SEXO - 30 a 34 años - Mujeres,RANGO ETARIO Y SEXO,30 a 34 años,Mujeres,,,"['RANGO ETARIO Y SEXO', '30 a 34 años', 'Mujeres']",65
P4,C,VARIABLES DE SEGUIMIENTO DEL PSCV AL CORTE,P4190970,Con úlceras activas de pie diabético tratadas con curación - Curación Convencional,COL12,O,15,RANGO ETARIO Y SEXO - 35 a 39 años - Hombres,RANGO ETARIO Y SEXO,35 a 39 años,Hombres,,,"['RANGO ETARIO Y SEXO', '35 a 39 años', 'Hombres']",65
P4,C,VARIABLES DE SEGUIMIENTO DEL PSCV AL CORTE,P4190970,Con úlceras activas de pie diabético tratadas con curación - Curación Convencional,COL13,P,16,RANGO ETARIO Y SEXO - 35 a 39 años - Mujeres,RANGO ETARIO Y SEXO,35 a 39 años,Mujeres,,,"['RANGO ETARIO Y SEXO', '35 a 39 años', 'Mujeres']",65
P4,C,VARIABLES DE SEGUIMIENTO DEL PSCV AL CORTE,P4190970,Con úlceras activas de pie diabético tratadas con curación - Curación Convencional,COL14,Q,17,RANGO ETARIO Y SEXO - 40 a 44 años - Hombres,RANGO ETARIO Y SEXO,40 a 44 años,Hombres,,,"['RANGO ETARIO Y SEXO', '40 a 44 años', 'Hombres']",65
P4,C,VARIABLES DE SEGUIMIENTO DEL PSCV AL CORTE,P4190970,Con úlceras activas de pie diabético tratadas con curación - Curación Convencional,COL15,R,18,RANGO ETARIO Y SEXO - 40 a 44 años - Mujeres,RANGO ETARIO Y SEXO,40 a 44 años,Mujeres,,,"['RANGO ETARIO Y SEXO', '40 a 44 años', 'Mujeres']",65
P4,C,VARIABLES DE SEGUIMIENTO DEL PSCV AL CORTE,P4190970,Con úlceras activas de pie diabético tratadas con curación - Curación Convencional,COL16,S,19,RANGO ETARIO Y SEXO - 45 a 49 años - Hombres,RANGO ETARIO Y SEXO,45 a 49 años,Hombres,,,"['RANGO ETARIO Y SEXO', '45 a 49 años', 'Hombres']",65
P4,C,VARIABLES DE SEGUIMIENTO DEL PSCV AL CORTE,P4190970,Con úlceras activas de pie diabético tratadas con curación - Curación Convencional,COL17,T,20,RANGO ETARIO Y SEXO - 45 a 49 años - Mujeres,RANGO ETARIO Y SEXO,45 a 49 años,Mujeres,,,"['RANGO ETARIO Y SEXO', '45 a 49 años', 'Mujeres']",65
P4,C,VARIABLES DE SEGUIMIENTO DEL PSCV AL CORTE,P4190970,Con úlceras activas de pie diabético tratadas con curación - Curación Convencional,COL18,U,21,RANGO ETARIO Y SEXO - 50 a 54 años - Hombres,RANGO ETARIO Y SEXO,50 a 54 años,Hombres,,,"['RANGO ETARIO Y SEXO', '50 a 54 años', 'Hombres']",65
P4,C,VARIABLES DE SEGUIMIENTO DEL PSCV AL CORTE,P4190970,Con úlceras activas de pie diabético tratadas con curación - Curación Convencional,COL19,V,22,RANGO ETARIO Y SEXO - 50 a 54 años - Mujeres,RANGO ETARIO Y SEXO,50 a 54 años,Mujeres,,,"['RANGO ETARIO Y SEXO', '50 a 54 años', 'Mujeres']",65
P4,C,VARIABLES DE SEGUIMIENTO DEL PSCV AL CORTE,P4190970,Con úlceras activas de pie diabético tratadas con curación - Curación Convencional,COL20,W,23,RANGO ETARIO Y SEXO - 55 a 59 años - Hombres,RANGO ETARIO Y SEXO,55 a 59 años,Hombres,,,"['RANGO ETARIO Y SEXO', '55 a 59 años', 'Hombres']",65
P4,C,VARIABLES DE SEGUIMIENTO DEL PSCV AL CORTE,P4190970,Con úlceras activas de pie diabético tratadas con curación - Curación Convencional,COL21,X,24,RANGO ETARIO Y SEXO - 55 a 59 años - Mujeres,RANGO ETARIO Y SEXO,55 a 59 años,Mujeres,,,"['RANGO ETARIO Y SEXO', '55 a 59 años', 'Mujeres']",65
P4,C,VARIABLES DE SEGUIMIENTO DEL PSCV AL CORTE,P4190970,Con úlceras activas de pie diabético tratadas con curación - Curación Convencional,COL22,Y,25,RANGO ETARIO Y SEXO - 60 a 64 años - Hombres,RANGO ETARIO Y SEXO,60 a 64 años,Hombres,,,"['RANGO ETARIO Y SEXO', '60 a 64 años', 'Hombres']",65
P4,C,VARIABLES DE SEGUIMIENTO DEL PSCV AL CORTE,P4190970,Con úlceras activas de pie diabético tratadas con curación - Curación Convencional,COL23,Z,26,RANGO ETARIO Y SEXO - 60 a 64 años - Mujeres,RANGO ETARIO Y SEXO,60 a 64 años,Mujeres,,,"['RANGO ETARIO Y SEXO', '60 a 64 años', 'Mujeres']",65
P4,C,VARIABLES DE SEGUIMIENTO DEL PSCV AL CORTE,P4190970,Con úlceras activas de pie diabético tratadas con curación - Curación Convencional,COL24,AA,27,RANGO ETARIO Y SEXO - 65 a 69 años - Hombres,RANGO ETARIO Y SEXO,65 a 69 años,Hombres,,,"['RANGO ETARIO Y SEXO', '65 a 69 años', 'Hombres']",65
P4,C,VARIABLES DE SEGUIMIENTO DEL PSCV AL CORTE,P4190970,Con úlceras activas de pie diabético tratadas con curación - Curación Convencional,COL25,AB,28,RANGO ETARIO Y SEXO - 65 a 69 años - Mujeres,RANGO ETARIO Y SEXO,65 a 69 años,Mujeres,,,"['RANGO ETARIO Y SEXO', '65 a 69 años', 'Mujeres']",65
P4,C,VARIABLES DE SEGUIMIENTO DEL PSCV AL CORTE,P4190970,Con úlceras activas de pie diabético tratadas con curación - Curación Convencional,COL26,AC,29,RANGO ETARIO Y SEXO - 70 a 74 años - Hombres,RANGO ETARIO Y SEXO,70 a 74 años,Hombres,,,"['RANGO ETARIO Y SEXO', '70 a 74 años', 'Hombres']",65
P4,C,VARIABLES DE SEGUIMIENTO DEL PSCV AL CORTE,P4190970,Con úlceras activas de pie diabético tratadas con curación - Curación Convencional,COL27,AD,30,RANGO ETARIO Y SEXO - 70 a 74 años - Mujeres,RANGO ETARIO Y SEXO,70 a 74 años,Mujeres,,,"['RANGO ETARIO Y SEXO', '70 a 74 años', 'Mujeres']",65
P4,C,VARIABLES DE SEGUIMIENTO DEL PSCV AL CORTE,P4190970,Con úlceras activas de pie diabético tratadas con curación - Curación Convencional,COL28,AE,31,RANGO ETARIO Y SEXO - 75 a 79 años - Hombres,RANGO ETARIO Y SEXO,75 a 79 años,Hombres,,,"['RANGO ETARIO Y SEXO', '75 a 79 años', 'Hombres']",65
P4,C,VARIABLES DE SEGUIMIENTO DEL PSCV AL CORTE,P4190970,Con úlceras activas de pie diabético tratadas con curación - Curación Convencional,COL29,AF,32,RANGO ETARIO Y SEXO - 75 a 79 años - Mujeres,RANGO ETARIO Y SEXO,75 a 79 años,Mujeres,,,"['RANGO ETARIO Y SEXO', '75 a 79 años', 'Mujeres']",65
P4,C,VARIABLES DE SEGUIMIENTO DEL PSCV AL CORTE,P4190970,Con úlceras activas de pie diabético tratadas con curación - Curación Convencional,COL30,AG,33,RANGO ETARIO Y SEXO - 80 y más años - Hombres,RANGO ETARIO Y SEXO,80 y más años,Hombres,,,"['RANGO ETARIO Y SEXO', '80 y más años', 'Hombres']",65
P4,C,VARIABLES DE SEGUIMIENTO DEL PSCV AL CORTE,P4190970,Con úlceras activas de pie diabético tratadas con curación - Curación Convencional,COL31,AH,34,RANGO ETARIO Y SEXO - 80 y más años - Mujeres,RANGO ETARIO Y SEXO,80 y más años,Mujeres,,,"['RANGO ETARIO Y SEXO', '80 y más años', 'Mujeres']",65
P4,C,VARIABLES DE SEGUIMIENTO DEL PSCV AL CORTE,P4190970,Con úlceras activas de pie diabético tratadas con curación - Curación Convencional,COL32,AI,35,Pueblos Originarios - Hombres,Pueblos Originarios,Hombres,,,,"['Pueblos Originarios', 'Hombres']",65
P4,C,VARIABLES DE SEGUIMIENTO DEL PSCV AL CORTE,P4190970,Con úlceras activas de pie diabético tratadas con curación - Curación Convencional,COL33,AJ,36,Pueblos Originarios - Mujeres,Pueblos Originarios,Mujeres,,,,"['Pueblos Originarios', 'Mujeres']",65
P4,C,VARIABLES DE SEGUIMIENTO DEL PSCV AL CORTE,P4190970,Con úlceras activas de pie diabético tratadas con curación - Curación Convencional,COL34,AK,37,Migrantes - Hombres,Migrantes,Hombres,,,,"['Migrantes', 'Hombres']",65
P4,C,VARIABLES DE SEGUIMIENTO DEL PSCV AL CORTE,P4190970,Con úlceras activas de pie diabético tratadas con curación - Curación Convencional,COL35,AL,38,Migrantes - Mujeres,Migrantes,Mujeres,,,,"['Migrantes', 'Mujeres']",65
P4,C,VARIABLES DE SEGUIMIENTO DEL PSCV AL CORTE,P4170500,Con úlceras activas de pie diabético tratadas con curación - Curación Avanzada,COL01,D,4,TOTAL - Ambos sexos,TOTAL,Ambos sexos,,,,"['TOTAL', 'Ambos sexos']",66
P4,C,VARIABLES DE SEGUIMIENTO DEL PSCV AL CORTE,P4170500,Con úlceras activas de pie diabético tratadas con curación - Curación Avanzada,COL02,E,5,TOTAL - Hombres,TOTAL,Hombres,,,,"['TOTAL', 'Hombres']",66
P4,C,VARIABLES DE SEGUIMIENTO DEL PSCV AL CORTE,P4170500,Con úlceras activas de pie diabético tratadas con curación - Curación Avanzada,COL03,F,6,TOTAL - Mujeres,TOTAL,Mujeres,,,,"['TOTAL', 'Mujeres']",66
P4,C,VARIABLES DE SEGUIMIENTO DEL PSCV AL CORTE,P4170500,Con úlceras activas de pie diabético tratadas con curación - Curación Avanzada,COL04,G,7,RANGO ETARIO Y SEXO - 15 a 19 años - Hombres,RANGO ETARIO Y SEXO,15 a 19 años,Hombres,,,"['RANGO ETARIO Y SEXO', '15 a 19 años', 'Hombres']",66
P4,C,VARIABLES DE SEGUIMIENTO DEL PSCV AL CORTE,P4170500,Con úlceras activas de pie diabético tratadas con curación - Curación Avanzada,COL05,H,8,RANGO ETARIO Y SEXO - 15 a 19 años - Mujeres,RANGO ETARIO Y SEXO,15 a 19 años,Mujeres,,,"['RANGO ETARIO Y SEXO', '15 a 19 años', 'Mujeres']",66
P4,C,VARIABLES DE SEGUIMIENTO DEL PSCV AL CORTE,P4170500,Con úlceras activas de pie diabético tratadas con curación - Curación Avanzada,COL06,I,9,RANGO ETARIO Y SEXO - 20 a 24 años - Hombres,RANGO ETARIO Y SEXO,20 a 24 años,Hombres,,,"['RANGO ETARIO Y SEXO', '20 a 24 años', 'Hombres']",66
P4,C,VARIABLES DE SEGUIMIENTO DEL PSCV AL CORTE,P4170500,Con úlceras activas de pie diabético tratadas con curación - Curación Avanzada,COL07,J,10,RANGO ETARIO Y SEXO - 20 a 24 años - Mujeres,RANGO ETARIO Y SEXO,20 a 24 años,Mujeres,,,"['RANGO ETARIO Y SEXO', '20 a 24 años', 'Mujeres']",66
P4,C,VARIABLES DE SEGUIMIENTO DEL PSCV AL CORTE,P4170500,Con úlceras activas de pie diabético tratadas con curación - Curación Avanzada,COL08,K,11,RANGO ETARIO Y SEXO - 25 a 29 años - Hombres,RANGO ETARIO Y SEXO,25 a 29 años,Hombres,,,"['RANGO ETARIO Y SEXO', '25 a 29 años', 'Hombres']",66
P4,C,VARIABLES DE SEGUIMIENTO DEL PSCV AL CORTE,P4170500,Con úlceras activas de pie diabético tratadas con curación - Curación Avanzada,COL09,L,12,RANGO ETARIO Y SEXO - 25 a 29 años - Mujeres,RANGO ETARIO Y SEXO,25 a 29 años,Mujeres,,,"['RANGO ETARIO Y SEXO', '25 a 29 años', 'Mujeres']",66
P4,C,VARIABLES DE SEGUIMIENTO DEL PSCV AL CORTE,P4170500,Con úlceras activas de pie diabético tratadas con curación - Curación Avanzada,COL10,M,13,RANGO ETARIO Y SEXO - 30 a 34 años - Hombres,RANGO ETARIO Y SEXO,30 a 34 años,Hombres,,,"['RANGO ETARIO Y SEXO', '30 a 34 años', 'Hombres']",66
P4,C,VARIABLES DE SEGUIMIENTO DEL PSCV AL CORTE,P4170500,Con úlceras activas de pie diabético tratadas con curación - Curación Avanzada,COL11,N,14,RANGO ETARIO Y SEXO - 30 a 34 años - Mujeres,RANGO ETARIO Y SEXO,30 a 34 años,Mujeres,,,"['RANGO ETARIO Y SEXO', '30 a 34 años', 'Mujeres']",66
P4,C,VARIABLES DE SEGUIMIENTO DEL PSCV AL CORTE,P4170500,Con úlceras activas de pie diabético tratadas con curación - Curación Avanzada,COL12,O,15,RANGO ETARIO Y SEXO - 35 a 39 años - Hombres,RANGO ETARIO Y SEXO,35 a 39 años,Hombres,,,"['RANGO ETARIO Y SEXO', '35 a 39 años', 'Hombres']",66
P4,C,VARIABLES DE SEGUIMIENTO DEL PSCV AL CORTE,P4170500,Con úlceras activas de pie diabético tratadas con curación - Curación Avanzada,COL13,P,16,RANGO ETARIO Y SEXO - 35 a 39 años - Mujeres,RANGO ETARIO Y SEXO,35 a 39 años,Mujeres,,,"['RANGO ETARIO Y SEXO', '35 a 39 años', 'Mujeres']",66
P4,C,VARIABLES DE SEGUIMIENTO DEL PSCV AL CORTE,P4170500,Con úlceras activas de pie diabético tratadas con curación - Curación Avanzada,COL14,Q,17,RANGO ETARIO Y SEXO - 40 a 44 años - Hombres,RANGO ETARIO Y SEXO,40 a 44 años,Hombres,,,"['RANGO ETARIO Y SEXO', '40 a 44 años', 'Hombres']",66
P4,C,VARIABLES DE SEGUIMIENTO DEL PSCV AL CORTE,P4170500,Con úlceras activas de pie diabético tratadas con curación - Curación Avanzada,COL15,R,18,RANGO ETARIO Y SEXO - 40 a 44 años - Mujeres,RANGO ETARIO Y SEXO,40 a 44 años,Mujeres,,,"['RANGO ETARIO Y SEXO', '40 a 44 años', 'Mujeres']",66
P4,C,VARIABLES DE SEGUIMIENTO DEL PSCV AL CORTE,P4170500,Con úlceras activas de pie diabético tratadas con curación - Curación Avanzada,COL16,S,19,RANGO ETARIO Y SEXO - 45 a 49 años - Hombres,RANGO ETARIO Y SEXO,45 a 49 años,Hombres,,,"['RANGO ETARIO Y SEXO', '45 a 49 años', 'Hombres']",66
P4,C,VARIABLES DE SEGUIMIENTO DEL PSCV AL CORTE,P4170500,Con úlceras activas de pie diabético tratadas con curación - Curación Avanzada,COL17,T,20,RANGO ETARIO Y SEXO - 45 a 49 años - Mujeres,RANGO ETARIO Y SEXO,45 a 49 años,Mujeres,,,"['RANGO ETARIO Y SEXO', '45 a 49 años', 'Mujeres']",66
P4,C,VARIABLES DE SEGUIMIENTO DEL PSCV AL CORTE,P4170500,Con úlceras activas de pie diabético tratadas con curación - Curación Avanzada,COL18,U,21,RANGO ETARIO Y SEXO - 50 a 54 años - Hombres,RANGO ETARIO Y SEXO,50 a 54 años,Hombres,,,"['RANGO ETARIO Y SEXO', '50 a 54 años', 'Hombres']",66
P4,C,VARIABLES DE SEGUIMIENTO DEL PSCV AL CORTE,P4170500,Con úlceras activas de pie diabético tratadas con curación - Curación Avanzada,COL19,V,22,RANGO ETARIO Y SEXO - 50 a 54 años - Mujeres,RANGO ETARIO Y SEXO,50 a 54 años,Mujeres,,,"['RANGO ETARIO Y SEXO', '50 a 54 años', 'Mujeres']",66
P4,C,VARIABLES DE SEGUIMIENTO DEL PSCV AL CORTE,P4170500,Con úlceras activas de pie diabético tratadas con curación - Curación Avanzada,COL20,W,23,RANGO ETARIO Y SEXO - 55 a 59 años - Hombres,RANGO ETARIO Y SEXO,55 a 59 años,Hombres,,,"['RANGO ETARIO Y SEXO', '55 a 59 años', 'Hombres']",66
P4,C,VARIABLES DE SEGUIMIENTO DEL PSCV AL CORTE,P4170500,Con úlceras activas de pie diabético tratadas con curación - Curación Avanzada,COL21,X,24,RANGO ETARIO Y SEXO - 55 a 59 años - Mujeres,RANGO ETARIO Y SEXO,55 a 59 años,Mujeres,,,"['RANGO ETARIO Y SEXO', '55 a 59 años', 'Mujeres']",66
P4,C,VARIABLES DE SEGUIMIENTO DEL PSCV AL CORTE,P4170500,Con úlceras activas de pie diabético tratadas con curación - Curación Avanzada,COL22,Y,25,RANGO ETARIO Y SEXO - 60 a 64 años - Hombres,RANGO ETARIO Y SEXO,60 a 64 años,Hombres,,,"['RANGO ETARIO Y SEXO', '60 a 64 años', 'Hombres']",66
P4,C,VARIABLES DE SEGUIMIENTO DEL PSCV AL CORTE,P4170500,Con úlceras activas de pie diabético tratadas con curación - Curación Avanzada,COL23,Z,26,RANGO ETARIO Y SEXO - 60 a 64 años - Mujeres,RANGO ETARIO Y SEXO,60 a 64 años,Mujeres,,,"['RANGO ETARIO Y SEXO', '60 a 64 años', 'Mujeres']",66
P4,C,VARIABLES DE SEGUIMIENTO DEL PSCV AL CORTE,P4170500,Con úlceras activas de pie diabético tratadas con curación - Curación Avanzada,COL24,AA,27,RANGO ETARIO Y SEXO - 65 a 69 años - Hombres,RANGO ETARIO Y SEXO,65 a 69 años,Hombres,,,"['RANGO ETARIO Y SEXO', '65 a 69 años', 'Hombres']",66
P4,C,VARIABLES DE SEGUIMIENTO DEL PSCV AL CORTE,P4170500,Con úlceras activas de pie diabético tratadas con curación - Curación Avanzada,COL25,AB,28,RANGO ETARIO Y SEXO - 65 a 69 años - Mujeres,RANGO ETARIO Y SEXO,65 a 69 años,Mujeres,,,"['RANGO ETARIO Y SEXO', '65 a 69 años', 'Mujeres']",66
P4,C,VARIABLES DE SEGUIMIENTO DEL PSCV AL CORTE,P4170500,Con úlceras activas de pie diabético tratadas con curación - Curación Avanzada,COL26,AC,29,RANGO ETARIO Y SEXO - 70 a 74 años - Hombres,RANGO ETARIO Y SEXO,70 a 74 años,Hombres,,,"['RANGO ETARIO Y SEXO', '70 a 74 años', 'Hombres']",66
P4,C,VARIABLES DE SEGUIMIENTO DEL PSCV AL CORTE,P4170500,Con úlceras activas de pie diabético tratadas con curación - Curación Avanzada,COL27,AD,30,RANGO ETARIO Y SEXO - 70 a 74 años - Mujeres,RANGO ETARIO Y SEXO,70 a 74 años,Mujeres,,,"['RANGO ETARIO Y SEXO', '70 a 74 años', 'Mujeres']",66
P4,C,VARIABLES DE SEGUIMIENTO DEL PSCV AL CORTE,P4170500,Con úlceras activas de pie diabético tratadas con curación - Curación Avanzada,COL28,AE,31,RANGO ETARIO Y SEXO - 75 a 79 años - Hombres,RANGO ETARIO Y SEXO,75 a 79 años,Hombres,,,"['RANGO ETARIO Y SEXO', '75 a 79 años', 'Hombres']",66
P4,C,VARIABLES DE SEGUIMIENTO DEL PSCV AL CORTE,P4170500,Con úlceras activas de pie diabético tratadas con curación - Curación Avanzada,COL29,AF,32,RANGO ETARIO Y SEXO - 75 a 79 años - Mujeres,RANGO ETARIO Y SEXO,75 a 79 años,Mujeres,,,"['RANGO ETARIO Y SEXO', '75 a 79 años', 'Mujeres']",66
P4,C,VARIABLES DE SEGUIMIENTO DEL PSCV AL CORTE,P4170500,Con úlceras activas de pie diabético tratadas con curación - Curación Avanzada,COL30,AG,33,RANGO ETARIO Y SEXO - 80 y más años - Hombres,RANGO ETARIO Y SEXO,80 y más años,Hombres,,,"['RANGO ETARIO Y SEXO', '80 y más años', 'Hombres']",66
P4,C,VARIABLES DE SEGUIMIENTO DEL PSCV AL CORTE,P4170500,Con úlceras activas de pie diabético tratadas con curación - Curación Avanzada,COL31,AH,34,RANGO ETARIO Y SEXO - 80 y más años - Mujeres,RANGO ETARIO Y SEXO,80 y más años,Mujeres,,,"['RANGO ETARIO Y SEXO', '80 y más años', 'Mujeres']",66
P4,C,VARIABLES DE SEGUIMIENTO DEL PSCV AL CORTE,P4170500,Con úlceras activas de pie diabético tratadas con curación - Curación Avanzada,COL32,AI,35,Pueblos Originarios - Hombres,Pueblos Originarios,Hombres,,,,"['Pueblos Originarios', 'Hombres']",66
P4,C,VARIABLES DE SEGUIMIENTO DEL PSCV AL CORTE,P4170500,Con úlceras activas de pie diabético tratadas con curación - Curación Avanzada,COL33,AJ,36,Pueblos Originarios - Mujeres,Pueblos Originarios,Mujeres,,,,"['Pueblos Originarios', 'Mujeres']",66
P4,C,VARIABLES DE SEGUIMIENTO DEL PSCV AL CORTE,P4170500,Con úlceras activas de pie diabético tratadas con curación - Curación Avanzada,COL34,AK,37,Migrantes - Hombres,Migrantes,Hombres,,,,"['Migrantes', 'Hombres']",66
P4,C,VARIABLES DE SEGUIMIENTO DEL PSCV AL CORTE,P4170500,Con úlceras activas de pie diabético tratadas con curación - Curación Avanzada,COL35,AL,38,Migrantes - Mujeres,Migrantes,Mujeres,,,,"['Migrantes', 'Mujeres']",66
P4,C,VARIABLES DE SEGUIMIENTO DEL PSCV AL CORTE,P4301060,Con úlceras activas de pie diabético tratadas con curación - Con ayuda técnica de descarga,COL01,D,4,TOTAL - Ambos sexos,TOTAL,Ambos sexos,,,,"['TOTAL', 'Ambos sexos']",67
P4,C,VARIABLES DE SEGUIMIENTO DEL PSCV AL CORTE,P4301060,Con úlceras activas de pie diabético tratadas con curación - Con ayuda técnica de descarga,COL02,E,5,TOTAL - Hombres,TOTAL,Hombres,,,,"['TOTAL', 'Hombres']",67
P4,C,VARIABLES DE SEGUIMIENTO DEL PSCV AL CORTE,P4301060,Con úlceras activas de pie diabético tratadas con curación - Con ayuda técnica de descarga,COL03,F,6,TOTAL - Mujeres,TOTAL,Mujeres,,,,"['TOTAL', 'Mujeres']",67
P4,C,VARIABLES DE SEGUIMIENTO DEL PSCV AL CORTE,P4301060,Con úlceras activas de pie diabético tratadas con curación - Con ayuda técnica de descarga,COL04,G,7,RANGO ETARIO Y SEXO - 15 a 19 años - Hombres,RANGO ETARIO Y SEXO,15 a 19 años,Hombres,,,"['RANGO ETARIO Y SEXO', '15 a 19 años', 'Hombres']",67
P4,C,VARIABLES DE SEGUIMIENTO DEL PSCV AL CORTE,P4301060,Con úlceras activas de pie diabético tratadas con curación - Con ayuda técnica de descarga,COL05,H,8,RANGO ETARIO Y SEXO - 15 a 19 años - Mujeres,RANGO ETARIO Y SEXO,15 a 19 años,Mujeres,,,"['RANGO ETARIO Y SEXO', '15 a 19 años', 'Mujeres']",67
P4,C,VARIABLES DE SEGUIMIENTO DEL PSCV AL CORTE,P4301060,Con úlceras activas de pie diabético tratadas con curación - Con ayuda técnica de descarga,COL06,I,9,RANGO ETARIO Y SEXO - 20 a 24 años - Hombres,RANGO ETARIO Y SEXO,20 a 24 años,Hombres,,,"['RANGO ETARIO Y SEXO', '20 a 24 años', 'Hombres']",67
P4,C,VARIABLES DE SEGUIMIENTO DEL PSCV AL CORTE,P4301060,Con úlceras activas de pie diabético tratadas con curación - Con ayuda técnica de descarga,COL07,J,10,RANGO ETARIO Y SEXO - 20 a 24 años - Mujeres,RANGO ETARIO Y SEXO,20 a 24 años,Mujeres,,,"['RANGO ETARIO Y SEXO', '20 a 24 años', 'Mujeres']",67
P4,C,VARIABLES DE SEGUIMIENTO DEL PSCV AL CORTE,P4301060,Con úlceras activas de pie diabético tratadas con curación - Con ayuda técnica de descarga,COL08,K,11,RANGO ETARIO Y SEXO - 25 a 29 años - Hombres,RANGO ETARIO Y SEXO,25 a 29 años,Hombres,,,"['RANGO ETARIO Y SEXO', '25 a 29 años', 'Hombres']",67
P4,C,VARIABLES DE SEGUIMIENTO DEL PSCV AL CORTE,P4301060,Con úlceras activas de pie diabético tratadas con curación - Con ayuda técnica de descarga,COL09,L,12,RANGO ETARIO Y SEXO - 25 a 29 años - Mujeres,RANGO ETARIO Y SEXO,25 a 29 años,Mujeres,,,"['RANGO ETARIO Y SEXO', '25 a 29 años', 'Mujeres']",67
P4,C,VARIABLES DE SEGUIMIENTO DEL PSCV AL CORTE,P4301060,Con úlceras activas de pie diabético tratadas con curación - Con ayuda técnica de descarga,COL10,M,13,RANGO ETARIO Y SEXO - 30 a 34 años - Hombres,RANGO ETARIO Y SEXO,30 a 34 años,Hombres,,,"['RANGO ETARIO Y SEXO', '30 a 34 años', 'Hombres']",67
P4,C,VARIABLES DE SEGUIMIENTO DEL PSCV AL CORTE,P4301060,Con úlceras activas de pie diabético tratadas con curación - Con ayuda técnica de descarga,COL11,N,14,RANGO ETARIO Y SEXO - 30 a 34 años - Mujeres,RANGO ETARIO Y SEXO,30 a 34 años,Mujeres,,,"['RANGO ETARIO Y SEXO', '30 a 34 años', 'Mujeres']",67
P4,C,VARIABLES DE SEGUIMIENTO DEL PSCV AL CORTE,P4301060,Con úlceras activas de pie diabético tratadas con curación - Con ayuda técnica de descarga,COL12,O,15,RANGO ETARIO Y SEXO - 35 a 39 años - Hombres,RANGO ETARIO Y SEXO,35 a 39 años,Hombres,,,"['RANGO ETARIO Y SEXO', '35 a 39 años', 'Hombres']",67
P4,C,VARIABLES DE SEGUIMIENTO DEL PSCV AL CORTE,P4301060,Con úlceras activas de pie diabético tratadas con curación - Con ayuda técnica de descarga,COL13,P,16,RANGO ETARIO Y SEXO - 35 a 39 años - Mujeres,RANGO ETARIO Y SEXO,35 a 39 años,Mujeres,,,"['RANGO ETARIO Y SEXO', '35 a 39 años', 'Mujeres']",67
P4,C,VARIABLES DE SEGUIMIENTO DEL PSCV AL CORTE,P4301060,Con úlceras activas de pie diabético tratadas con curación - Con ayuda técnica de descarga,COL14,Q,17,RANGO ETARIO Y SEXO - 40 a 44 años - Hombres,RANGO ETARIO Y SEXO,40 a 44 años,Hombres,,,"['RANGO ETARIO Y SEXO', '40 a 44 años', 'Hombres']",67
P4,C,VARIABLES DE SEGUIMIENTO DEL PSCV AL CORTE,P4301060,Con úlceras activas de pie diabético tratadas con curación - Con ayuda técnica de descarga,COL15,R,18,RANGO ETARIO Y SEXO - 40 a 44 años - Mujeres,RANGO ETARIO Y SEXO,40 a 44 años,Mujeres,,,"['RANGO ETARIO Y SEXO', '40 a 44 años', 'Mujeres']",67
P4,C,VARIABLES DE SEGUIMIENTO DEL PSCV AL CORTE,P4301060,Con úlceras activas de pie diabético tratadas con curación - Con ayuda técnica de descarga,COL16,S,19,RANGO ETARIO Y SEXO - 45 a 49 años - Hombres,RANGO ETARIO Y SEXO,45 a 49 años,Hombres,,,"['RANGO ETARIO Y SEXO', '45 a 49 años', 'Hombres']",67
P4,C,VARIABLES DE SEGUIMIENTO DEL PSCV AL CORTE,P4301060,Con úlceras activas de pie diabético tratadas con curación - Con ayuda técnica de descarga,COL17,T,20,RANGO ETARIO Y SEXO - 45 a 49 años - Mujeres,RANGO ETARIO Y SEXO,45 a 49 años,Mujeres,,,"['RANGO ETARIO Y SEXO', '45 a 49 años', 'Mujeres']",67
P4,C,VARIABLES DE SEGUIMIENTO DEL PSCV AL CORTE,P4301060,Con úlceras activas de pie diabético tratadas con curación - Con ayuda técnica de descarga,COL18,U,21,RANGO ETARIO Y SEXO - 50 a 54 años - Hombres,RANGO ETARIO Y SEXO,50 a 54 años,Hombres,,,"['RANGO ETARIO Y SEXO', '50 a 54 años', 'Hombres']",67
P4,C,VARIABLES DE SEGUIMIENTO DEL PSCV AL CORTE,P4301060,Con úlceras activas de pie diabético tratadas con curación - Con ayuda técnica de descarga,COL19,V,22,RANGO ETARIO Y SEXO - 50 a 54 años - Mujeres,RANGO ETARIO Y SEXO,50 a 54 años,Mujeres,,,"['RANGO ETARIO Y SEXO', '50 a 54 años', 'Mujeres']",67
P4,C,VARIABLES DE SEGUIMIENTO DEL PSCV AL CORTE,P4301060,Con úlceras activas de pie diabético tratadas con curación - Con ayuda técnica de descarga,COL20,W,23,RANGO ETARIO Y SEXO - 55 a 59 años - Hombres,RANGO ETARIO Y SEXO,55 a 59 años,Hombres,,,"['RANGO ETARIO Y SEXO', '55 a 59 años', 'Hombres']",67
P4,C,VARIABLES DE SEGUIMIENTO DEL PSCV AL CORTE,P4301060,Con úlceras activas de pie diabético tratadas con curación - Con ayuda técnica de descarga,COL21,X,24,RANGO ETARIO Y SEXO - 55 a 59 años - Mujeres,RANGO ETARIO Y SEXO,55 a 59 años,Mujeres,,,"['RANGO ETARIO Y SEXO', '55 a 59 años', 'Mujeres']",67
P4,C,VARIABLES DE SEGUIMIENTO DEL PSCV AL CORTE,P4301060,Con úlceras activas de pie diabético tratadas con curación - Con ayuda técnica de descarga,COL22,Y,25,RANGO ETARIO Y SEXO - 60 a 64 años - Hombres,RANGO ETARIO Y SEXO,60 a 64 años,Hombres,,,"['RANGO ETARIO Y SEXO', '60 a 64 años', 'Hombres']",67
P4,C,VARIABLES DE SEGUIMIENTO DEL PSCV AL CORTE,P4301060,Con úlceras activas de pie diabético tratadas con curación - Con ayuda técnica de descarga,COL23,Z,26,RANGO ETARIO Y SEXO - 60 a 64 años - Mujeres,RANGO ETARIO Y SEXO,60 a 64 años,Mujeres,,,"['RANGO ETARIO Y SEXO', '60 a 64 años', 'Mujeres']",67
P4,C,VARIABLES DE SEGUIMIENTO DEL PSCV AL CORTE,P4301060,Con úlceras activas de pie diabético tratadas con curación - Con ayuda técnica de descarga,COL24,AA,27,RANGO ETARIO Y SEXO - 65 a 69 años - Hombres,RANGO ETARIO Y SEXO,65 a 69 años,Hombres,,,"['RANGO ETARIO Y SEXO', '65 a 69 años', 'Hombres']",67
P4,C,VARIABLES DE SEGUIMIENTO DEL PSCV AL CORTE,P4301060,Con úlceras activas de pie diabético tratadas con curación - Con ayuda técnica de descarga,COL25,AB,28,RANGO ETARIO Y SEXO - 65 a 69 años - Mujeres,RANGO ETARIO Y SEXO,65 a 69 años,Mujeres,,,"['RANGO ETARIO Y SEXO', '65 a 69 años', 'Mujeres']",67
P4,C,VARIABLES DE SEGUIMIENTO DEL PSCV AL CORTE,P4301060,Con úlceras activas de pie diabético tratadas con curación - Con ayuda técnica de descarga,COL26,AC,29,RANGO ETARIO Y SEXO - 70 a 74 años - Hombres,RANGO ETARIO Y SEXO,70 a 74 años,Hombres,,,"['RANGO ETARIO Y SEXO', '70 a 74 años', 'Hombres']",67
P4,C,VARIABLES DE SEGUIMIENTO DEL PSCV AL CORTE,P4301060,Con úlceras activas de pie diabético tratadas con curación - Con ayuda técnica de descarga,COL27,AD,30,RANGO ETARIO Y SEXO - 70 a 74 años - Mujeres,RANGO ETARIO Y SEXO,70 a 74 años,Mujeres,,,"['RANGO ETARIO Y SEXO', '70 a 74 años', 'Mujeres']",67
P4,C,VARIABLES DE SEGUIMIENTO DEL PSCV AL CORTE,P4301060,Con úlceras activas de pie diabético tratadas con curación - Con ayuda técnica de descarga,COL28,AE,31,RANGO ETARIO Y SEXO - 75 a 79 años - Hombres,RANGO ETARIO Y SEXO,75 a 79 años,Hombres,,,"['RANGO ETARIO Y SEXO', '75 a 79 años', 'Hombres']",67
P4,C,VARIABLES DE SEGUIMIENTO DEL PSCV AL CORTE,P4301060,Con úlceras activas de pie diabético tratadas con curación - Con ayuda técnica de descarga,COL29,AF,32,RANGO ETARIO Y SEXO - 75 a 79 años - Mujeres,RANGO ETARIO Y SEXO,75 a 79 años,Mujeres,,,"['RANGO ETARIO Y SEXO', '75 a 79 años', 'Mujeres']",67
P4,C,VARIABLES DE SEGUIMIENTO DEL PSCV AL CORTE,P4301060,Con úlceras activas de pie diabético tratadas con curación - Con ayuda técnica de descarga,COL30,AG,33,RANGO ETARIO Y SEXO - 80 y más años - Hombres,RANGO ETARIO Y SEXO,80 y más años,Hombres,,,"['RANGO ETARIO Y SEXO', '80 y más años', 'Hombres']",67
P4,C,VARIABLES DE SEGUIMIENTO DEL PSCV AL CORTE,P4301060,Con úlceras activas de pie diabético tratadas con curación - Con ayuda técnica de descarga,COL31,AH,34,RANGO ETARIO Y SEXO - 80 y más años - Mujeres,RANGO ETARIO Y SEXO,80 y más años,Mujeres,,,"['RANGO ETARIO Y SEXO', '80 y más años', 'Mujeres']",67
P4,C,VARIABLES DE SEGUIMIENTO DEL PSCV AL CORTE,P4301060,Con úlceras activas de pie diabético tratadas con curación - Con ayuda técnica de descarga,COL32,AI,35,Pueblos Originarios - Hombres,Pueblos Originarios,Hombres,,,,"['Pueblos Originarios', 'Hombres']",67
P4,C,VARIABLES DE SEGUIMIENTO DEL PSCV AL CORTE,P4301060,Con úlceras activas de pie diabético tratadas con curación - Con ayuda técnica de descarga,COL33,AJ,36,Pueblos Originarios - Mujeres,Pueblos Originarios,Mujeres,,,,"['Pueblos Originarios', 'Mujeres']",67
P4,C,VARIABLES DE SEGUIMIENTO DEL PSCV AL CORTE,P4301060,Con úlceras activas de pie diabético tratadas con curación - Con ayuda técnica de descarga,COL34,AK,37,Migrantes - Hombres,Migrantes,Hombres,,,,"['Migrantes', 'Hombres']",67
P4,C,VARIABLES DE SEGUIMIENTO DEL PSCV AL CORTE,P4301060,Con úlceras activas de pie diabético tratadas con curación - Con ayuda técnica de descarga,COL35,AL,38,Migrantes - Mujeres,Migrantes,Mujeres,,,,"['Migrantes', 'Mujeres']",67
P4,C,VARIABLES DE SEGUIMIENTO DEL PSCV AL CORTE,P4200800,Con amputación por pie diabético,COL01,D,4,TOTAL - Ambos sexos,TOTAL,Ambos sexos,,,,"['TOTAL', 'Ambos sexos']",68
P4,C,VARIABLES DE SEGUIMIENTO DEL PSCV AL CORTE,P4200800,Con amputación por pie diabético,COL02,E,5,TOTAL - Hombres,TOTAL,Hombres,,,,"['TOTAL', 'Hombres']",68
P4,C,VARIABLES DE SEGUIMIENTO DEL PSCV AL CORTE,P4200800,Con amputación por pie diabético,COL03,F,6,TOTAL - Mujeres,TOTAL,Mujeres,,,,"['TOTAL', 'Mujeres']",68
P4,C,VARIABLES DE SEGUIMIENTO DEL PSCV AL CORTE,P4200800,Con amputación por pie diabético,COL04,G,7,RANGO ETARIO Y SEXO - 15 a 19 años - Hombres,RANGO ETARIO Y SEXO,15 a 19 años,Hombres,,,"['RANGO ETARIO Y SEXO', '15 a 19 años', 'Hombres']",68
P4,C,VARIABLES DE SEGUIMIENTO DEL PSCV AL CORTE,P4200800,Con amputación por pie diabético,COL05,H,8,RANGO ETARIO Y SEXO - 15 a 19 años - Mujeres,RANGO ETARIO Y SEXO,15 a 19 años,Mujeres,,,"['RANGO ETARIO Y SEXO', '15 a 19 años', 'Mujeres']",68
P4,C,VARIABLES DE SEGUIMIENTO DEL PSCV AL CORTE,P4200800,Con amputación por pie diabético,COL06,I,9,RANGO ETARIO Y SEXO - 20 a 24 años - Hombres,RANGO ETARIO Y SEXO,20 a 24 años,Hombres,,,"['RANGO ETARIO Y SEXO', '20 a 24 años', 'Hombres']",68
P4,C,VARIABLES DE SEGUIMIENTO DEL PSCV AL CORTE,P4200800,Con amputación por pie diabético,COL07,J,10,RANGO ETARIO Y SEXO - 20 a 24 años - Mujeres,RANGO ETARIO Y SEXO,20 a 24 años,Mujeres,,,"['RANGO ETARIO Y SEXO', '20 a 24 años', 'Mujeres']",68
P4,C,VARIABLES DE SEGUIMIENTO DEL PSCV AL CORTE,P4200800,Con amputación por pie diabético,COL08,K,11,RANGO ETARIO Y SEXO - 25 a 29 años - Hombres,RANGO ETARIO Y SEXO,25 a 29 años,Hombres,,,"['RANGO ETARIO Y SEXO', '25 a 29 años', 'Hombres']",68
P4,C,VARIABLES DE SEGUIMIENTO DEL PSCV AL CORTE,P4200800,Con amputación por pie diabético,COL09,L,12,RANGO ETARIO Y SEXO - 25 a 29 años - Mujeres,RANGO ETARIO Y SEXO,25 a 29 años,Mujeres,,,"['RANGO ETARIO Y SEXO', '25 a 29 años', 'Mujeres']",68
P4,C,VARIABLES DE SEGUIMIENTO DEL PSCV AL CORTE,P4200800,Con amputación por pie diabético,COL10,M,13,RANGO ETARIO Y SEXO - 30 a 34 años - Hombres,RANGO ETARIO Y SEXO,30 a 34 años,Hombres,,,"['RANGO ETARIO Y SEXO', '30 a 34 años', 'Hombres']",68
P4,C,VARIABLES DE SEGUIMIENTO DEL PSCV AL CORTE,P4200800,Con amputación por pie diabético,COL11,N,14,RANGO ETARIO Y SEXO - 30 a 34 años - Mujeres,RANGO ETARIO Y SEXO,30 a 34 años,Mujeres,,,"['RANGO ETARIO Y SEXO', '30 a 34 años', 'Mujeres']",68
P4,C,VARIABLES DE SEGUIMIENTO DEL PSCV AL CORTE,P4200800,Con amputación por pie diabético,COL12,O,15,RANGO ETARIO Y SEXO - 35 a 39 años - Hombres,RANGO ETARIO Y SEXO,35 a 39 años,Hombres,,,"['RANGO ETARIO Y SEXO', '35 a 39 años', 'Hombres']",68
P4,C,VARIABLES DE SEGUIMIENTO DEL PSCV AL CORTE,P4200800,Con amputación por pie diabético,COL13,P,16,RANGO ETARIO Y SEXO - 35 a 39 años - Mujeres,RANGO ETARIO Y SEXO,35 a 39 años,Mujeres,,,"['RANGO ETARIO Y SEXO', '35 a 39 años', 'Mujeres']",68
P4,C,VARIABLES DE SEGUIMIENTO DEL PSCV AL CORTE,P4200800,Con amputación por pie diabético,COL14,Q,17,RANGO ETARIO Y SEXO - 40 a 44 años - Hombres,RANGO ETARIO Y SEXO,40 a 44 años,Hombres,,,"['RANGO ETARIO Y SEXO', '40 a 44 años', 'Hombres']",68
P4,C,VARIABLES DE SEGUIMIENTO DEL PSCV AL CORTE,P4200800,Con amputación por pie diabético,COL15,R,18,RANGO ETARIO Y SEXO - 40 a 44 años - Mujeres,RANGO ETARIO Y SEXO,40 a 44 años,Mujeres,,,"['RANGO ETARIO Y SEXO', '40 a 44 años', 'Mujeres']",68
P4,C,VARIABLES DE SEGUIMIENTO DEL PSCV AL CORTE,P4200800,Con amputación por pie diabético,COL16,S,19,RANGO ETARIO Y SEXO - 45 a 49 años - Hombres,RANGO ETARIO Y SEXO,45 a 49 años,Hombres,,,"['RANGO ETARIO Y SEXO', '45 a 49 años', 'Hombres']",68
P4,C,VARIABLES DE SEGUIMIENTO DEL PSCV AL CORTE,P4200800,Con amputación por pie diabético,COL17,T,20,RANGO ETARIO Y SEXO - 45 a 49 años - Mujeres,RANGO ETARIO Y SEXO,45 a 49 años,Mujeres,,,"['RANGO ETARIO Y SEXO', '45 a 49 años', 'Mujeres']",68
P4,C,VARIABLES DE SEGUIMIENTO DEL PSCV AL CORTE,P4200800,Con amputación por pie diabético,COL18,U,21,RANGO ETARIO Y SEXO - 50 a 54 años - Hombres,RANGO ETARIO Y SEXO,50 a 54 años,Hombres,,,"['RANGO ETARIO Y SEXO', '50 a 54 años', 'Hombres']",68
P4,C,VARIABLES DE SEGUIMIENTO DEL PSCV AL CORTE,P4200800,Con amputación por pie diabético,COL19,V,22,RANGO ETARIO Y SEXO - 50 a 54 años - Mujeres,RANGO ETARIO Y SEXO,50 a 54 años,Mujeres,,,"['RANGO ETARIO Y SEXO', '50 a 54 años', 'Mujeres']",68
P4,C,VARIABLES DE SEGUIMIENTO DEL PSCV AL CORTE,P4200800,Con amputación por pie diabético,COL20,W,23,RANGO ETARIO Y SEXO - 55 a 59 años - Hombres,RANGO ETARIO Y SEXO,55 a 59 años,Hombres,,,"['RANGO ETARIO Y SEXO', '55 a 59 años', 'Hombres']",68
P4,C,VARIABLES DE SEGUIMIENTO DEL PSCV AL CORTE,P4200800,Con amputación por pie diabético,COL21,X,24,RANGO ETARIO Y SEXO - 55 a 59 años - Mujeres,RANGO ETARIO Y SEXO,55 a 59 años,Mujeres,,,"['RANGO ETARIO Y SEXO', '55 a 59 años', 'Mujeres']",68
P4,C,VARIABLES DE SEGUIMIENTO DEL PSCV AL CORTE,P4200800,Con amputación por pie diabético,COL22,Y,25,RANGO ETARIO Y SEXO - 60 a 64 años - Hombres,RANGO ETARIO Y SEXO,60 a 64 años,Hombres,,,"['RANGO ETARIO Y SEXO', '60 a 64 años', 'Hombres']",68
P4,C,VARIABLES DE SEGUIMIENTO DEL PSCV AL CORTE,P4200800,Con amputación por pie diabético,COL23,Z,26,RANGO ETARIO Y SEXO - 60 a 64 años - Mujeres,RANGO ETARIO Y SEXO,60 a 64 años,Mujeres,,,"['RANGO ETARIO Y SEXO', '60 a 64 años', 'Mujeres']",68
P4,C,VARIABLES DE SEGUIMIENTO DEL PSCV AL CORTE,P4200800,Con amputación por pie diabético,COL24,AA,27,RANGO ETARIO Y SEXO - 65 a 69 años - Hombres,RANGO ETARIO Y SEXO,65 a 69 años,Hombres,,,"['RANGO ETARIO Y SEXO', '65 a 69 años', 'Hombres']",68
P4,C,VARIABLES DE SEGUIMIENTO DEL PSCV AL CORTE,P4200800,Con amputación por pie diabético,COL25,AB,28,RANGO ETARIO Y SEXO - 65 a 69 años - Mujeres,RANGO ETARIO Y SEXO,65 a 69 años,Mujeres,,,"['RANGO ETARIO Y SEXO', '65 a 69 años', 'Mujeres']",68
P4,C,VARIABLES DE SEGUIMIENTO DEL PSCV AL CORTE,P4200800,Con amputación por pie diabético,COL26,AC,29,RANGO ETARIO Y SEXO - 70 a 74 años - Hombres,RANGO ETARIO Y SEXO,70 a 74 años,Hombres,,,"['RANGO ETARIO Y SEXO', '70 a 74 años', 'Hombres']",68
P4,C,VARIABLES DE SEGUIMIENTO DEL PSCV AL CORTE,P4200800,Con amputación por pie diabético,COL27,AD,30,RANGO ETARIO Y SEXO - 70 a 74 años - Mujeres,RANGO ETARIO Y SEXO,70 a 74 años,Mujeres,,,"['RANGO ETARIO Y SEXO', '70 a 74 años', 'Mujeres']",68
P4,C,VARIABLES DE SEGUIMIENTO DEL PSCV AL CORTE,P4200800,Con amputación por pie diabético,COL28,AE,31,RANGO ETARIO Y SEXO - 75 a 79 años - Hombres,RANGO ETARIO Y SEXO,75 a 79 años,Hombres,,,"['RANGO ETARIO Y SEXO', '75 a 79 años', 'Hombres']",68
P4,C,VARIABLES DE SEGUIMIENTO DEL PSCV AL CORTE,P4200800,Con amputación por pie diabético,COL29,AF,32,RANGO ETARIO Y SEXO - 75 a 79 años - Mujeres,RANGO ETARIO Y SEXO,75 a 79 años,Mujeres,,,"['RANGO ETARIO Y SEXO', '75 a 79 años', 'Mujeres']",68
P4,C,VARIABLES DE SEGUIMIENTO DEL PSCV AL CORTE,P4200800,Con amputación por pie diabético,COL30,AG,33,RANGO ETARIO Y SEXO - 80 y más años - Hombres,RANGO ETARIO Y SEXO,80 y más años,Hombres,,,"['RANGO ETARIO Y SEXO', '80 y más años', 'Hombres']",68
P4,C,VARIABLES DE SEGUIMIENTO DEL PSCV AL CORTE,P4200800,Con amputación por pie diabético,COL31,AH,34,RANGO ETARIO Y SEXO - 80 y más años - Mujeres,RANGO ETARIO Y SEXO,80 y más años,Mujeres,,,"['RANGO ETARIO Y SEXO', '80 y más años', 'Mujeres']",68
P4,C,VARIABLES DE SEGUIMIENTO DEL PSCV AL CORTE,P4200800,Con amputación por pie diabético,COL32,AI,35,Pueblos Originarios - Hombres,Pueblos Originarios,Hombres,,,,"['Pueblos Originarios', 'Hombres']",68
P4,C,VARIABLES DE SEGUIMIENTO DEL PSCV AL CORTE,P4200800,Con amputación por pie diabético,COL33,AJ,36,Pueblos Originarios - Mujeres,Pueblos Originarios,Mujeres,,,,"['Pueblos Originarios', 'Mujeres']",68
P4,C,VARIABLES DE SEGUIMIENTO DEL PSCV AL CORTE,P4200800,Con amputación por pie diabético,COL34,AK,37,Migrantes - Hombres,Migrantes,Hombres,,,,"['Migrantes', 'Hombres']",68
P4,C,VARIABLES DE SEGUIMIENTO DEL PSCV AL CORTE,P4200800,Con amputación por pie diabético,COL35,AL,38,Migrantes - Mujeres,Migrantes,Mujeres,,,,"['Migrantes', 'Mujeres']",68
P4,C,VARIABLES DE SEGUIMIENTO DEL PSCV AL CORTE,P4200900,Con diagnóstico asociado de hipertensión arterial,COL01,D,4,TOTAL - Ambos sexos,TOTAL,Ambos sexos,,,,"['TOTAL', 'Ambos sexos']",69
P4,C,VARIABLES DE SEGUIMIENTO DEL PSCV AL CORTE,P4200900,Con diagnóstico asociado de hipertensión arterial,COL02,E,5,TOTAL - Hombres,TOTAL,Hombres,,,,"['TOTAL', 'Hombres']",69
P4,C,VARIABLES DE SEGUIMIENTO DEL PSCV AL CORTE,P4200900,Con diagnóstico asociado de hipertensión arterial,COL03,F,6,TOTAL - Mujeres,TOTAL,Mujeres,,,,"['TOTAL', 'Mujeres']",69
P4,C,VARIABLES DE SEGUIMIENTO DEL PSCV AL CORTE,P4200900,Con diagnóstico asociado de hipertensión arterial,COL04,G,7,RANGO ETARIO Y SEXO - 15 a 19 años - Hombres,RANGO ETARIO Y SEXO,15 a 19 años,Hombres,,,"['RANGO ETARIO Y SEXO', '15 a 19 años', 'Hombres']",69
P4,C,VARIABLES DE SEGUIMIENTO DEL PSCV AL CORTE,P4200900,Con diagnóstico asociado de hipertensión arterial,COL05,H,8,RANGO ETARIO Y SEXO - 15 a 19 años - Mujeres,RANGO ETARIO Y SEXO,15 a 19 años,Mujeres,,,"['RANGO ETARIO Y SEXO', '15 a 19 años', 'Mujeres']",69
P4,C,VARIABLES DE SEGUIMIENTO DEL PSCV AL CORTE,P4200900,Con diagnóstico asociado de hipertensión arterial,COL06,I,9,RANGO ETARIO Y SEXO - 20 a 24 años - Hombres,RANGO ETARIO Y SEXO,20 a 24 años,Hombres,,,"['RANGO ETARIO Y SEXO', '20 a 24 años', 'Hombres']",69
P4,C,VARIABLES DE SEGUIMIENTO DEL PSCV AL CORTE,P4200900,Con diagnóstico asociado de hipertensión arterial,COL07,J,10,RANGO ETARIO Y SEXO - 20 a 24 años - Mujeres,RANGO ETARIO Y SEXO,20 a 24 años,Mujeres,,,"['RANGO ETARIO Y SEXO', '20 a 24 años', 'Mujeres']",69
P4,C,VARIABLES DE SEGUIMIENTO DEL PSCV AL CORTE,P4200900,Con diagnóstico asociado de hipertensión arterial,COL08,K,11,RANGO ETARIO Y SEXO - 25 a 29 años - Hombres,RANGO ETARIO Y SEXO,25 a 29 años,Hombres,,,"['RANGO ETARIO Y SEXO', '25 a 29 años', 'Hombres']",69
P4,C,VARIABLES DE SEGUIMIENTO DEL PSCV AL CORTE,P4200900,Con diagnóstico asociado de hipertensión arterial,COL09,L,12,RANGO ETARIO Y SEXO - 25 a 29 años - Mujeres,RANGO ETARIO Y SEXO,25 a 29 años,Mujeres,,,"['RANGO ETARIO Y SEXO', '25 a 29 años', 'Mujeres']",69
P4,C,VARIABLES DE SEGUIMIENTO DEL PSCV AL CORTE,P4200900,Con diagnóstico asociado de hipertensión arterial,COL10,M,13,RANGO ETARIO Y SEXO - 30 a 34 años - Hombres,RANGO ETARIO Y SEXO,30 a 34 años,Hombres,,,"['RANGO ETARIO Y SEXO', '30 a 34 años', 'Hombres']",69
P4,C,VARIABLES DE SEGUIMIENTO DEL PSCV AL CORTE,P4200900,Con diagnóstico asociado de hipertensión arterial,COL11,N,14,RANGO ETARIO Y SEXO - 30 a 34 años - Mujeres,RANGO ETARIO Y SEXO,30 a 34 años,Mujeres,,,"['RANGO ETARIO Y SEXO', '30 a 34 años', 'Mujeres']",69
P4,C,VARIABLES DE SEGUIMIENTO DEL PSCV AL CORTE,P4200900,Con diagnóstico asociado de hipertensión arterial,COL12,O,15,RANGO ETARIO Y SEXO - 35 a 39 años - Hombres,RANGO ETARIO Y SEXO,35 a 39 años,Hombres,,,"['RANGO ETARIO Y SEXO', '35 a 39 años', 'Hombres']",69
P4,C,VARIABLES DE SEGUIMIENTO DEL PSCV AL CORTE,P4200900,Con diagnóstico asociado de hipertensión arterial,COL13,P,16,RANGO ETARIO Y SEXO - 35 a 39 años - Mujeres,RANGO ETARIO Y SEXO,35 a 39 años,Mujeres,,,"['RANGO ETARIO Y SEXO', '35 a 39 años', 'Mujeres']",69
P4,C,VARIABLES DE SEGUIMIENTO DEL PSCV AL CORTE,P4200900,Con diagnóstico asociado de hipertensión arterial,COL14,Q,17,RANGO ETARIO Y SEXO - 40 a 44 años - Hombres,RANGO ETARIO Y SEXO,40 a 44 años,Hombres,,,"['RANGO ETARIO Y SEXO', '40 a 44 años', 'Hombres']",69
P4,C,VARIABLES DE SEGUIMIENTO DEL PSCV AL CORTE,P4200900,Con diagnóstico asociado de hipertensión arterial,COL15,R,18,RANGO ETARIO Y SEXO - 40 a 44 años - Mujeres,RANGO ETARIO Y SEXO,40 a 44 años,Mujeres,,,"['RANGO ETARIO Y SEXO', '40 a 44 años', 'Mujeres']",69
P4,C,VARIABLES DE SEGUIMIENTO DEL PSCV AL CORTE,P4200900,Con diagnóstico asociado de hipertensión arterial,COL16,S,19,RANGO ETARIO Y SEXO - 45 a 49 años - Hombres,RANGO ETARIO Y SEXO,45 a 49 años,Hombres,,,"['RANGO ETARIO Y SEXO', '45 a 49 años', 'Hombres']",69
P4,C,VARIABLES DE SEGUIMIENTO DEL PSCV AL CORTE,P4200900,Con diagnóstico asociado de hipertensión arterial,COL17,T,20,RANGO ETARIO Y SEXO - 45 a 49 años - Mujeres,RANGO ETARIO Y SEXO,45 a 49 años,Mujeres,,,"['RANGO ETARIO Y SEXO', '45 a 49 años', 'Mujeres']",69
P4,C,VARIABLES DE SEGUIMIENTO DEL PSCV AL CORTE,P4200900,Con diagnóstico asociado de hipertensión arterial,COL18,U,21,RANGO ETARIO Y SEXO - 50 a 54 años - Hombres,RANGO ETARIO Y SEXO,50 a 54 años,Hombres,,,"['RANGO ETARIO Y SEXO', '50 a 54 años', 'Hombres']",69
P4,C,VARIABLES DE SEGUIMIENTO DEL PSCV AL CORTE,P4200900,Con diagnóstico asociado de hipertensión arterial,COL19,V,22,RANGO ETARIO Y SEXO - 50 a 54 años - Mujeres,RANGO ETARIO Y SEXO,50 a 54 años,Mujeres,,,"['RANGO ETARIO Y SEXO', '50 a 54 años', 'Mujeres']",69
P4,C,VARIABLES DE SEGUIMIENTO DEL PSCV AL CORTE,P4200900,Con diagnóstico asociado de hipertensión arterial,COL20,W,23,RANGO ETARIO Y SEXO - 55 a 59 años - Hombres,RANGO ETARIO Y SEXO,55 a 59 años,Hombres,,,"['RANGO ETARIO Y SEXO', '55 a 59 años', 'Hombres']",69
P4,C,VARIABLES DE SEGUIMIENTO DEL PSCV AL CORTE,P4200900,Con diagnóstico asociado de hipertensión arterial,COL21,X,24,RANGO ETARIO Y SEXO - 55 a 59 años - Mujeres,RANGO ETARIO Y SEXO,55 a 59 años,Mujeres,,,"['RANGO ETARIO Y SEXO', '55 a 59 años', 'Mujeres']",69
P4,C,VARIABLES DE SEGUIMIENTO DEL PSCV AL CORTE,P4200900,Con diagnóstico asociado de hipertensión arterial,COL22,Y,25,RANGO ETARIO Y SEXO - 60 a 64 años - Hombres,RANGO ETARIO Y SEXO,60 a 64 años,Hombres,,,"['RANGO ETARIO Y SEXO', '60 a 64 años', 'Hombres']",69
P4,C,VARIABLES DE SEGUIMIENTO DEL PSCV AL CORTE,P4200900,Con diagnóstico asociado de hipertensión arterial,COL23,Z,26,RANGO ETARIO Y SEXO - 60 a 64 años - Mujeres,RANGO ETARIO Y SEXO,60 a 64 años,Mujeres,,,"['RANGO ETARIO Y SEXO', '60 a 64 años', 'Mujeres']",69
P4,C,VARIABLES DE SEGUIMIENTO DEL PSCV AL CORTE,P4200900,Con diagnóstico asociado de hipertensión arterial,COL24,AA,27,RANGO ETARIO Y SEXO - 65 a 69 años - Hombres,RANGO ETARIO Y SEXO,65 a 69 años,Hombres,,,"['RANGO ETARIO Y SEXO', '65 a 69 años', 'Hombres']",69
P4,C,VARIABLES DE SEGUIMIENTO DEL PSCV AL CORTE,P4200900,Con diagnóstico asociado de hipertensión arterial,COL25,AB,28,RANGO ETARIO Y SEXO - 65 a 69 años - Mujeres,RANGO ETARIO Y SEXO,65 a 69 años,Mujeres,,,"['RANGO ETARIO Y SEXO', '65 a 69 años', 'Mujeres']",69
P4,C,VARIABLES DE SEGUIMIENTO DEL PSCV AL CORTE,P4200900,Con diagnóstico asociado de hipertensión arterial,COL26,AC,29,RANGO ETARIO Y SEXO - 70 a 74 años - Hombres,RANGO ETARIO Y SEXO,70 a 74 años,Hombres,,,"['RANGO ETARIO Y SEXO', '70 a 74 años', 'Hombres']",69
P4,C,VARIABLES DE SEGUIMIENTO DEL PSCV AL CORTE,P4200900,Con diagnóstico asociado de hipertensión arterial,COL27,AD,30,RANGO ETARIO Y SEXO - 70 a 74 años - Mujeres,RANGO ETARIO Y SEXO,70 a 74 años,Mujeres,,,"['RANGO ETARIO Y SEXO', '70 a 74 años', 'Mujeres']",69
P4,C,VARIABLES DE SEGUIMIENTO DEL PSCV AL CORTE,P4200900,Con diagnóstico asociado de hipertensión arterial,COL28,AE,31,RANGO ETARIO Y SEXO - 75 a 79 años - Hombres,RANGO ETARIO Y SEXO,75 a 79 años,Hombres,,,"['RANGO ETARIO Y SEXO', '75 a 79 años', 'Hombres']",69
P4,C,VARIABLES DE SEGUIMIENTO DEL PSCV AL CORTE,P4200900,Con diagnóstico asociado de hipertensión arterial,COL29,AF,32,RANGO ETARIO Y SEXO - 75 a 79 años - Mujeres,RANGO ETARIO Y SEXO,75 a 79 años,Mujeres,,,"['RANGO ETARIO Y SEXO', '75 a 79 años', 'Mujeres']",69
P4,C,VARIABLES DE SEGUIMIENTO DEL PSCV AL CORTE,P4200900,Con diagnóstico asociado de hipertensión arterial,COL30,AG,33,RANGO ETARIO Y SEXO - 80 y más años - Hombres,RANGO ETARIO Y SEXO,80 y más años,Hombres,,,"['RANGO ETARIO Y SEXO', '80 y más años', 'Hombres']",69
P4,C,VARIABLES DE SEGUIMIENTO DEL PSCV AL CORTE,P4200900,Con diagnóstico asociado de hipertensión arterial,COL31,AH,34,RANGO ETARIO Y SEXO - 80 y más años - Mujeres,RANGO ETARIO Y SEXO,80 y más años,Mujeres,,,"['RANGO ETARIO Y SEXO', '80 y más años', 'Mujeres']",69
P4,C,VARIABLES DE SEGUIMIENTO DEL PSCV AL CORTE,P4200900,Con diagnóstico asociado de hipertensión arterial,COL32,AI,35,Pueblos Originarios - Hombres,Pueblos Originarios,Hombres,,,,"['Pueblos Originarios', 'Hombres']",69
P4,C,VARIABLES DE SEGUIMIENTO DEL PSCV AL CORTE,P4200900,Con diagnóstico asociado de hipertensión arterial,COL33,AJ,36,Pueblos Originarios - Mujeres,Pueblos Originarios,Mujeres,,,,"['Pueblos Originarios', 'Mujeres']",69
P4,C,VARIABLES DE SEGUIMIENTO DEL PSCV AL CORTE,P4200900,Con diagnóstico asociado de hipertensión arterial,COL34,AK,37,Migrantes - Hombres,Migrantes,Hombres,,,,"['Migrantes', 'Hombres']",69
P4,C,VARIABLES DE SEGUIMIENTO DEL PSCV AL CORTE,P4200900,Con diagnóstico asociado de hipertensión arterial,COL35,AL,38,Migrantes - Mujeres,Migrantes,Mujeres,,,,"['Migrantes', 'Mujeres']",69
P4,C,VARIABLES DE SEGUIMIENTO DEL PSCV AL CORTE,P4301070,Con diagnóstico de enfermedad renal crónica,COL01,D,4,TOTAL - Ambos sexos,TOTAL,Ambos sexos,,,,"['TOTAL', 'Ambos sexos']",70
P4,C,VARIABLES DE SEGUIMIENTO DEL PSCV AL CORTE,P4301070,Con diagnóstico de enfermedad renal crónica,COL02,E,5,TOTAL - Hombres,TOTAL,Hombres,,,,"['TOTAL', 'Hombres']",70
P4,C,VARIABLES DE SEGUIMIENTO DEL PSCV AL CORTE,P4301070,Con diagnóstico de enfermedad renal crónica,COL03,F,6,TOTAL - Mujeres,TOTAL,Mujeres,,,,"['TOTAL', 'Mujeres']",70
P4,C,VARIABLES DE SEGUIMIENTO DEL PSCV AL CORTE,P4301070,Con diagnóstico de enfermedad renal crónica,COL04,G,7,RANGO ETARIO Y SEXO - 15 a 19 años - Hombres,RANGO ETARIO Y SEXO,15 a 19 años,Hombres,,,"['RANGO ETARIO Y SEXO', '15 a 19 años', 'Hombres']",70
P4,C,VARIABLES DE SEGUIMIENTO DEL PSCV AL CORTE,P4301070,Con diagnóstico de enfermedad renal crónica,COL05,H,8,RANGO ETARIO Y SEXO - 15 a 19 años - Mujeres,RANGO ETARIO Y SEXO,15 a 19 años,Mujeres,,,"['RANGO ETARIO Y SEXO', '15 a 19 años', 'Mujeres']",70
P4,C,VARIABLES DE SEGUIMIENTO DEL PSCV AL CORTE,P4301070,Con diagnóstico de enfermedad renal crónica,COL06,I,9,RANGO ETARIO Y SEXO - 20 a 24 años - Hombres,RANGO ETARIO Y SEXO,20 a 24 años,Hombres,,,"['RANGO ETARIO Y SEXO', '20 a 24 años', 'Hombres']",70
P4,C,VARIABLES DE SEGUIMIENTO DEL PSCV AL CORTE,P4301070,Con diagnóstico de enfermedad renal crónica,COL07,J,10,RANGO ETARIO Y SEXO - 20 a 24 años - Mujeres,RANGO ETARIO Y SEXO,20 a 24 años,Mujeres,,,"['RANGO ETARIO Y SEXO', '20 a 24 años', 'Mujeres']",70
P4,C,VARIABLES DE SEGUIMIENTO DEL PSCV AL CORTE,P4301070,Con diagnóstico de enfermedad renal crónica,COL08,K,11,RANGO ETARIO Y SEXO - 25 a 29 años - Hombres,RANGO ETARIO Y SEXO,25 a 29 años,Hombres,,,"['RANGO ETARIO Y SEXO', '25 a 29 años', 'Hombres']",70
P4,C,VARIABLES DE SEGUIMIENTO DEL PSCV AL CORTE,P4301070,Con diagnóstico de enfermedad renal crónica,COL09,L,12,RANGO ETARIO Y SEXO - 25 a 29 años - Mujeres,RANGO ETARIO Y SEXO,25 a 29 años,Mujeres,,,"['RANGO ETARIO Y SEXO', '25 a 29 años', 'Mujeres']",70
P4,C,VARIABLES DE SEGUIMIENTO DEL PSCV AL CORTE,P4301070,Con diagnóstico de enfermedad renal crónica,COL10,M,13,RANGO ETARIO Y SEXO - 30 a 34 años - Hombres,RANGO ETARIO Y SEXO,30 a 34 años,Hombres,,,"['RANGO ETARIO Y SEXO', '30 a 34 años', 'Hombres']",70
P4,C,VARIABLES DE SEGUIMIENTO DEL PSCV AL CORTE,P4301070,Con diagnóstico de enfermedad renal crónica,COL11,N,14,RANGO ETARIO Y SEXO - 30 a 34 años - Mujeres,RANGO ETARIO Y SEXO,30 a 34 años,Mujeres,,,"['RANGO ETARIO Y SEXO', '30 a 34 años', 'Mujeres']",70
P4,C,VARIABLES DE SEGUIMIENTO DEL PSCV AL CORTE,P4301070,Con diagnóstico de enfermedad renal crónica,COL12,O,15,RANGO ETARIO Y SEXO - 35 a 39 años - Hombres,RANGO ETARIO Y SEXO,35 a 39 años,Hombres,,,"['RANGO ETARIO Y SEXO', '35 a 39 años', 'Hombres']",70
P4,C,VARIABLES DE SEGUIMIENTO DEL PSCV AL CORTE,P4301070,Con diagnóstico de enfermedad renal crónica,COL13,P,16,RANGO ETARIO Y SEXO - 35 a 39 años - Mujeres,RANGO ETARIO Y SEXO,35 a 39 años,Mujeres,,,"['RANGO ETARIO Y SEXO', '35 a 39 años', 'Mujeres']",70
P4,C,VARIABLES DE SEGUIMIENTO DEL PSCV AL CORTE,P4301070,Con diagnóstico de enfermedad renal crónica,COL14,Q,17,RANGO ETARIO Y SEXO - 40 a 44 años - Hombres,RANGO ETARIO Y SEXO,40 a 44 años,Hombres,,,"['RANGO ETARIO Y SEXO', '40 a 44 años', 'Hombres']",70
P4,C,VARIABLES DE SEGUIMIENTO DEL PSCV AL CORTE,P4301070,Con diagnóstico de enfermedad renal crónica,COL15,R,18,RANGO ETARIO Y SEXO - 40 a 44 años - Mujeres,RANGO ETARIO Y SEXO,40 a 44 años,Mujeres,,,"['RANGO ETARIO Y SEXO', '40 a 44 años', 'Mujeres']",70
P4,C,VARIABLES DE SEGUIMIENTO DEL PSCV AL CORTE,P4301070,Con diagnóstico de enfermedad renal crónica,COL16,S,19,RANGO ETARIO Y SEXO - 45 a 49 años - Hombres,RANGO ETARIO Y SEXO,45 a 49 años,Hombres,,,"['RANGO ETARIO Y SEXO', '45 a 49 años', 'Hombres']",70
P4,C,VARIABLES DE SEGUIMIENTO DEL PSCV AL CORTE,P4301070,Con diagnóstico de enfermedad renal crónica,COL17,T,20,RANGO ETARIO Y SEXO - 45 a 49 años - Mujeres,RANGO ETARIO Y SEXO,45 a 49 años,Mujeres,,,"['RANGO ETARIO Y SEXO', '45 a 49 años', 'Mujeres']",70
P4,C,VARIABLES DE SEGUIMIENTO DEL PSCV AL CORTE,P4301070,Con diagnóstico de enfermedad renal crónica,COL18,U,21,RANGO ETARIO Y SEXO - 50 a 54 años - Hombres,RANGO ETARIO Y SEXO,50 a 54 años,Hombres,,,"['RANGO ETARIO Y SEXO', '50 a 54 años', 'Hombres']",70
P4,C,VARIABLES DE SEGUIMIENTO DEL PSCV AL CORTE,P4301070,Con diagnóstico de enfermedad renal crónica,COL19,V,22,RANGO ETARIO Y SEXO - 50 a 54 años - Mujeres,RANGO ETARIO Y SEXO,50 a 54 años,Mujeres,,,"['RANGO ETARIO Y SEXO', '50 a 54 años', 'Mujeres']",70
P4,C,VARIABLES DE SEGUIMIENTO DEL PSCV AL CORTE,P4301070,Con diagnóstico de enfermedad renal crónica,COL20,W,23,RANGO ETARIO Y SEXO - 55 a 59 años - Hombres,RANGO ETARIO Y SEXO,55 a 59 años,Hombres,,,"['RANGO ETARIO Y SEXO', '55 a 59 años', 'Hombres']",70
P4,C,VARIABLES DE SEGUIMIENTO DEL PSCV AL CORTE,P4301070,Con diagnóstico de enfermedad renal crónica,COL21,X,24,RANGO ETARIO Y SEXO - 55 a 59 años - Mujeres,RANGO ETARIO Y SEXO,55 a 59 años,Mujeres,,,"['RANGO ETARIO Y SEXO', '55 a 59 años', 'Mujeres']",70
P4,C,VARIABLES DE SEGUIMIENTO DEL PSCV AL CORTE,P4301070,Con diagnóstico de enfermedad renal crónica,COL22,Y,25,RANGO ETARIO Y SEXO - 60 a 64 años - Hombres,RANGO ETARIO Y SEXO,60 a 64 años,Hombres,,,"['RANGO ETARIO Y SEXO', '60 a 64 años', 'Hombres']",70
P4,C,VARIABLES DE SEGUIMIENTO DEL PSCV AL CORTE,P4301070,Con diagnóstico de enfermedad renal crónica,COL23,Z,26,RANGO ETARIO Y SEXO - 60 a 64 años - Mujeres,RANGO ETARIO Y SEXO,60 a 64 años,Mujeres,,,"['RANGO ETARIO Y SEXO', '60 a 64 años', 'Mujeres']",70
P4,C,VARIABLES DE SEGUIMIENTO DEL PSCV AL CORTE,P4301070,Con diagnóstico de enfermedad renal crónica,COL24,AA,27,RANGO ETARIO Y SEXO - 65 a 69 años - Hombres,RANGO ETARIO Y SEXO,65 a 69 años,Hombres,,,"['RANGO ETARIO Y SEXO', '65 a 69 años', 'Hombres']",70
P4,C,VARIABLES DE SEGUIMIENTO DEL PSCV AL CORTE,P4301070,Con diagnóstico de enfermedad renal crónica,COL25,AB,28,RANGO ETARIO Y SEXO - 65 a 69 años - Mujeres,RANGO ETARIO Y SEXO,65 a 69 años,Mujeres,,,"['RANGO ETARIO Y SEXO', '65 a 69 años', 'Mujeres']",70
P4,C,VARIABLES DE SEGUIMIENTO DEL PSCV AL CORTE,P4301070,Con diagnóstico de enfermedad renal crónica,COL26,AC,29,RANGO ETARIO Y SEXO - 70 a 74 años - Hombres,RANGO ETARIO Y SEXO,70 a 74 años,Hombres,,,"['RANGO ETARIO Y SEXO', '70 a 74 años', 'Hombres']",70
P4,C,VARIABLES DE SEGUIMIENTO DEL PSCV AL CORTE,P4301070,Con diagnóstico de enfermedad renal crónica,COL27,AD,30,RANGO ETARIO Y SEXO - 70 a 74 años - Mujeres,RANGO ETARIO Y SEXO,70 a 74 años,Mujeres,,,"['RANGO ETARIO Y SEXO', '70 a 74 años', 'Mujeres']",70
P4,C,VARIABLES DE SEGUIMIENTO DEL PSCV AL CORTE,P4301070,Con diagnóstico de enfermedad renal crónica,COL28,AE,31,RANGO ETARIO Y SEXO - 75 a 79 años - Hombres,RANGO ETARIO Y SEXO,75 a 79 años,Hombres,,,"['RANGO ETARIO Y SEXO', '75 a 79 años', 'Hombres']",70
P4,C,VARIABLES DE SEGUIMIENTO DEL PSCV AL CORTE,P4301070,Con diagnóstico de enfermedad renal crónica,COL29,AF,32,RANGO ETARIO Y SEXO - 75 a 79 años - Mujeres,RANGO ETARIO Y SEXO,75 a 79 años,Mujeres,,,"['RANGO ETARIO Y SEXO', '75 a 79 años', 'Mujeres']",70
P4,C,VARIABLES DE SEGUIMIENTO DEL PSCV AL CORTE,P4301070,Con diagnóstico de enfermedad renal crónica,COL30,AG,33,RANGO ETARIO Y SEXO - 80 y más años - Hombres,RANGO ETARIO Y SEXO,80 y más años,Hombres,,,"['RANGO ETARIO Y SEXO', '80 y más años', 'Hombres']",70
P4,C,VARIABLES DE SEGUIMIENTO DEL PSCV AL CORTE,P4301070,Con diagnóstico de enfermedad renal crónica,COL31,AH,34,RANGO ETARIO Y SEXO - 80 y más años - Mujeres,RANGO ETARIO Y SEXO,80 y más años,Mujeres,,,"['RANGO ETARIO Y SEXO', '80 y más años', 'Mujeres']",70
P4,C,VARIABLES DE SEGUIMIENTO DEL PSCV AL CORTE,P4301070,Con diagnóstico de enfermedad renal crónica,COL32,AI,35,Pueblos Originarios - Hombres,Pueblos Originarios,Hombres,,,,"['Pueblos Originarios', 'Hombres']",70
P4,C,VARIABLES DE SEGUIMIENTO DEL PSCV AL CORTE,P4301070,Con diagnóstico de enfermedad renal crónica,COL33,AJ,36,Pueblos Originarios - Mujeres,Pueblos Originarios,Mujeres,,,,"['Pueblos Originarios', 'Mujeres']",70
P4,C,VARIABLES DE SEGUIMIENTO DEL PSCV AL CORTE,P4301070,Con diagnóstico de enfermedad renal crónica,COL34,AK,37,Migrantes - Hombres,Migrantes,Hombres,,,,"['Migrantes', 'Hombres']",70
P4,C,VARIABLES DE SEGUIMIENTO DEL PSCV AL CORTE,P4301070,Con diagnóstico de enfermedad renal crónica,COL35,AL,38,Migrantes - Mujeres,Migrantes,Mujeres,,,,"['Migrantes', 'Mujeres']",70
P4,C,VARIABLES DE SEGUIMIENTO DEL PSCV AL CORTE,P4201100,Antecedente de ataque cerebro vascular,COL01,D,4,TOTAL - Ambos sexos,TOTAL,Ambos sexos,,,,"['TOTAL', 'Ambos sexos']",71
P4,C,VARIABLES DE SEGUIMIENTO DEL PSCV AL CORTE,P4201100,Antecedente de ataque cerebro vascular,COL02,E,5,TOTAL - Hombres,TOTAL,Hombres,,,,"['TOTAL', 'Hombres']",71
P4,C,VARIABLES DE SEGUIMIENTO DEL PSCV AL CORTE,P4201100,Antecedente de ataque cerebro vascular,COL03,F,6,TOTAL - Mujeres,TOTAL,Mujeres,,,,"['TOTAL', 'Mujeres']",71
P4,C,VARIABLES DE SEGUIMIENTO DEL PSCV AL CORTE,P4201100,Antecedente de ataque cerebro vascular,COL04,G,7,RANGO ETARIO Y SEXO - 15 a 19 años - Hombres,RANGO ETARIO Y SEXO,15 a 19 años,Hombres,,,"['RANGO ETARIO Y SEXO', '15 a 19 años', 'Hombres']",71
P4,C,VARIABLES DE SEGUIMIENTO DEL PSCV AL CORTE,P4201100,Antecedente de ataque cerebro vascular,COL05,H,8,RANGO ETARIO Y SEXO - 15 a 19 años - Mujeres,RANGO ETARIO Y SEXO,15 a 19 años,Mujeres,,,"['RANGO ETARIO Y SEXO', '15 a 19 años', 'Mujeres']",71
P4,C,VARIABLES DE SEGUIMIENTO DEL PSCV AL CORTE,P4201100,Antecedente de ataque cerebro vascular,COL06,I,9,RANGO ETARIO Y SEXO - 20 a 24 años - Hombres,RANGO ETARIO Y SEXO,20 a 24 años,Hombres,,,"['RANGO ETARIO Y SEXO', '20 a 24 años', 'Hombres']",71
P4,C,VARIABLES DE SEGUIMIENTO DEL PSCV AL CORTE,P4201100,Antecedente de ataque cerebro vascular,COL07,J,10,RANGO ETARIO Y SEXO - 20 a 24 años - Mujeres,RANGO ETARIO Y SEXO,20 a 24 años,Mujeres,,,"['RANGO ETARIO Y SEXO', '20 a 24 años', 'Mujeres']",71
P4,C,VARIABLES DE SEGUIMIENTO DEL PSCV AL CORTE,P4201100,Antecedente de ataque cerebro vascular,COL08,K,11,RANGO ETARIO Y SEXO - 25 a 29 años - Hombres,RANGO ETARIO Y SEXO,25 a 29 años,Hombres,,,"['RANGO ETARIO Y SEXO', '25 a 29 años', 'Hombres']",71
P4,C,VARIABLES DE SEGUIMIENTO DEL PSCV AL CORTE,P4201100,Antecedente de ataque cerebro vascular,COL09,L,12,RANGO ETARIO Y SEXO - 25 a 29 años - Mujeres,RANGO ETARIO Y SEXO,25 a 29 años,Mujeres,,,"['RANGO ETARIO Y SEXO', '25 a 29 años', 'Mujeres']",71
P4,C,VARIABLES DE SEGUIMIENTO DEL PSCV AL CORTE,P4201100,Antecedente de ataque cerebro vascular,COL10,M,13,RANGO ETARIO Y SEXO - 30 a 34 años - Hombres,RANGO ETARIO Y SEXO,30 a 34 años,Hombres,,,"['RANGO ETARIO Y SEXO', '30 a 34 años', 'Hombres']",71
P4,C,VARIABLES DE SEGUIMIENTO DEL PSCV AL CORTE,P4201100,Antecedente de ataque cerebro vascular,COL11,N,14,RANGO ETARIO Y SEXO - 30 a 34 años - Mujeres,RANGO ETARIO Y SEXO,30 a 34 años,Mujeres,,,"['RANGO ETARIO Y SEXO', '30 a 34 años', 'Mujeres']",71
P4,C,VARIABLES DE SEGUIMIENTO DEL PSCV AL CORTE,P4201100,Antecedente de ataque cerebro vascular,COL12,O,15,RANGO ETARIO Y SEXO - 35 a 39 años - Hombres,RANGO ETARIO Y SEXO,35 a 39 años,Hombres,,,"['RANGO ETARIO Y SEXO', '35 a 39 años', 'Hombres']",71
P4,C,VARIABLES DE SEGUIMIENTO DEL PSCV AL CORTE,P4201100,Antecedente de ataque cerebro vascular,COL13,P,16,RANGO ETARIO Y SEXO - 35 a 39 años - Mujeres,RANGO ETARIO Y SEXO,35 a 39 años,Mujeres,,,"['RANGO ETARIO Y SEXO', '35 a 39 años', 'Mujeres']",71
P4,C,VARIABLES DE SEGUIMIENTO DEL PSCV AL CORTE,P4201100,Antecedente de ataque cerebro vascular,COL14,Q,17,RANGO ETARIO Y SEXO - 40 a 44 años - Hombres,RANGO ETARIO Y SEXO,40 a 44 años,Hombres,,,"['RANGO ETARIO Y SEXO', '40 a 44 años', 'Hombres']",71
P4,C,VARIABLES DE SEGUIMIENTO DEL PSCV AL CORTE,P4201100,Antecedente de ataque cerebro vascular,COL15,R,18,RANGO ETARIO Y SEXO - 40 a 44 años - Mujeres,RANGO ETARIO Y SEXO,40 a 44 años,Mujeres,,,"['RANGO ETARIO Y SEXO', '40 a 44 años', 'Mujeres']",71
P4,C,VARIABLES DE SEGUIMIENTO DEL PSCV AL CORTE,P4201100,Antecedente de ataque cerebro vascular,COL16,S,19,RANGO ETARIO Y SEXO - 45 a 49 años - Hombres,RANGO ETARIO Y SEXO,45 a 49 años,Hombres,,,"['RANGO ETARIO Y SEXO', '45 a 49 años', 'Hombres']",71
P4,C,VARIABLES DE SEGUIMIENTO DEL PSCV AL CORTE,P4201100,Antecedente de ataque cerebro vascular,COL17,T,20,RANGO ETARIO Y SEXO - 45 a 49 años - Mujeres,RANGO ETARIO Y SEXO,45 a 49 años,Mujeres,,,"['RANGO ETARIO Y SEXO', '45 a 49 años', 'Mujeres']",71
P4,C,VARIABLES DE SEGUIMIENTO DEL PSCV AL CORTE,P4201100,Antecedente de ataque cerebro vascular,COL18,U,21,RANGO ETARIO Y SEXO - 50 a 54 años - Hombres,RANGO ETARIO Y SEXO,50 a 54 años,Hombres,,,"['RANGO ETARIO Y SEXO', '50 a 54 años', 'Hombres']",71
P4,C,VARIABLES DE SEGUIMIENTO DEL PSCV AL CORTE,P4201100,Antecedente de ataque cerebro vascular,COL19,V,22,RANGO ETARIO Y SEXO - 50 a 54 años - Mujeres,RANGO ETARIO Y SEXO,50 a 54 años,Mujeres,,,"['RANGO ETARIO Y SEXO', '50 a 54 años', 'Mujeres']",71
P4,C,VARIABLES DE SEGUIMIENTO DEL PSCV AL CORTE,P4201100,Antecedente de ataque cerebro vascular,COL20,W,23,RANGO ETARIO Y SEXO - 55 a 59 años - Hombres,RANGO ETARIO Y SEXO,55 a 59 años,Hombres,,,"['RANGO ETARIO Y SEXO', '55 a 59 años', 'Hombres']",71
P4,C,VARIABLES DE SEGUIMIENTO DEL PSCV AL CORTE,P4201100,Antecedente de ataque cerebro vascular,COL21,X,24,RANGO ETARIO Y SEXO - 55 a 59 años - Mujeres,RANGO ETARIO Y SEXO,55 a 59 años,Mujeres,,,"['RANGO ETARIO Y SEXO', '55 a 59 años', 'Mujeres']",71
P4,C,VARIABLES DE SEGUIMIENTO DEL PSCV AL CORTE,P4201100,Antecedente de ataque cerebro vascular,COL22,Y,25,RANGO ETARIO Y SEXO - 60 a 64 años - Hombres,RANGO ETARIO Y SEXO,60 a 64 años,Hombres,,,"['RANGO ETARIO Y SEXO', '60 a 64 años', 'Hombres']",71
P4,C,VARIABLES DE SEGUIMIENTO DEL PSCV AL CORTE,P4201100,Antecedente de ataque cerebro vascular,COL23,Z,26,RANGO ETARIO Y SEXO - 60 a 64 años - Mujeres,RANGO ETARIO Y SEXO,60 a 64 años,Mujeres,,,"['RANGO ETARIO Y SEXO', '60 a 64 años', 'Mujeres']",71
P4,C,VARIABLES DE SEGUIMIENTO DEL PSCV AL CORTE,P4201100,Antecedente de ataque cerebro vascular,COL24,AA,27,RANGO ETARIO Y SEXO - 65 a 69 años - Hombres,RANGO ETARIO Y SEXO,65 a 69 años,Hombres,,,"['RANGO ETARIO Y SEXO', '65 a 69 años', 'Hombres']",71
P4,C,VARIABLES DE SEGUIMIENTO DEL PSCV AL CORTE,P4201100,Antecedente de ataque cerebro vascular,COL25,AB,28,RANGO ETARIO Y SEXO - 65 a 69 años - Mujeres,RANGO ETARIO Y SEXO,65 a 69 años,Mujeres,,,"['RANGO ETARIO Y SEXO', '65 a 69 años', 'Mujeres']",71
P4,C,VARIABLES DE SEGUIMIENTO DEL PSCV AL CORTE,P4201100,Antecedente de ataque cerebro vascular,COL26,AC,29,RANGO ETARIO Y SEXO - 70 a 74 años - Hombres,RANGO ETARIO Y SEXO,70 a 74 años,Hombres,,,"['RANGO ETARIO Y SEXO', '70 a 74 años', 'Hombres']",71
P4,C,VARIABLES DE SEGUIMIENTO DEL PSCV AL CORTE,P4201100,Antecedente de ataque cerebro vascular,COL27,AD,30,RANGO ETARIO Y SEXO - 70 a 74 años - Mujeres,RANGO ETARIO Y SEXO,70 a 74 años,Mujeres,,,"['RANGO ETARIO Y SEXO', '70 a 74 años', 'Mujeres']",71
P4,C,VARIABLES DE SEGUIMIENTO DEL PSCV AL CORTE,P4201100,Antecedente de ataque cerebro vascular,COL28,AE,31,RANGO ETARIO Y SEXO - 75 a 79 años - Hombres,RANGO ETARIO Y SEXO,75 a 79 años,Hombres,,,"['RANGO ETARIO Y SEXO', '75 a 79 años', 'Hombres']",71
P4,C,VARIABLES DE SEGUIMIENTO DEL PSCV AL CORTE,P4201100,Antecedente de ataque cerebro vascular,COL29,AF,32,RANGO ETARIO Y SEXO - 75 a 79 años - Mujeres,RANGO ETARIO Y SEXO,75 a 79 años,Mujeres,,,"['RANGO ETARIO Y SEXO', '75 a 79 años', 'Mujeres']",71
P4,C,VARIABLES DE SEGUIMIENTO DEL PSCV AL CORTE,P4201100,Antecedente de ataque cerebro vascular,COL30,AG,33,RANGO ETARIO Y SEXO - 80 y más años - Hombres,RANGO ETARIO Y SEXO,80 y más años,Hombres,,,"['RANGO ETARIO Y SEXO', '80 y más años', 'Hombres']",71
P4,C,VARIABLES DE SEGUIMIENTO DEL PSCV AL CORTE,P4201100,Antecedente de ataque cerebro vascular,COL31,AH,34,RANGO ETARIO Y SEXO - 80 y más años - Mujeres,RANGO ETARIO Y SEXO,80 y más años,Mujeres,,,"['RANGO ETARIO Y SEXO', '80 y más años', 'Mujeres']",71
P4,C,VARIABLES DE SEGUIMIENTO DEL PSCV AL CORTE,P4201100,Antecedente de ataque cerebro vascular,COL32,AI,35,Pueblos Originarios - Hombres,Pueblos Originarios,Hombres,,,,"['Pueblos Originarios', 'Hombres']",71
P4,C,VARIABLES DE SEGUIMIENTO DEL PSCV AL CORTE,P4201100,Antecedente de ataque cerebro vascular,COL33,AJ,36,Pueblos Originarios - Mujeres,Pueblos Originarios,Mujeres,,,,"['Pueblos Originarios', 'Mujeres']",71
P4,C,VARIABLES DE SEGUIMIENTO DEL PSCV AL CORTE,P4201100,Antecedente de ataque cerebro vascular,COL34,AK,37,Migrantes - Hombres,Migrantes,Hombres,,,,"['Migrantes', 'Hombres']",71
P4,C,VARIABLES DE SEGUIMIENTO DEL PSCV AL CORTE,P4201100,Antecedente de ataque cerebro vascular,COL35,AL,38,Migrantes - Mujeres,Migrantes,Mujeres,,,,"['Migrantes', 'Mujeres']",71
P4,C,VARIABLES DE SEGUIMIENTO DEL PSCV AL CORTE,P4201200,Antecedentes de infarto agudo al miocardio,COL01,D,4,TOTAL - Ambos sexos,TOTAL,Ambos sexos,,,,"['TOTAL', 'Ambos sexos']",72
P4,C,VARIABLES DE SEGUIMIENTO DEL PSCV AL CORTE,P4201200,Antecedentes de infarto agudo al miocardio,COL02,E,5,TOTAL - Hombres,TOTAL,Hombres,,,,"['TOTAL', 'Hombres']",72
P4,C,VARIABLES DE SEGUIMIENTO DEL PSCV AL CORTE,P4201200,Antecedentes de infarto agudo al miocardio,COL03,F,6,TOTAL - Mujeres,TOTAL,Mujeres,,,,"['TOTAL', 'Mujeres']",72
P4,C,VARIABLES DE SEGUIMIENTO DEL PSCV AL CORTE,P4201200,Antecedentes de infarto agudo al miocardio,COL04,G,7,RANGO ETARIO Y SEXO - 15 a 19 años - Hombres,RANGO ETARIO Y SEXO,15 a 19 años,Hombres,,,"['RANGO ETARIO Y SEXO', '15 a 19 años', 'Hombres']",72
P4,C,VARIABLES DE SEGUIMIENTO DEL PSCV AL CORTE,P4201200,Antecedentes de infarto agudo al miocardio,COL05,H,8,RANGO ETARIO Y SEXO - 15 a 19 años - Mujeres,RANGO ETARIO Y SEXO,15 a 19 años,Mujeres,,,"['RANGO ETARIO Y SEXO', '15 a 19 años', 'Mujeres']",72
P4,C,VARIABLES DE SEGUIMIENTO DEL PSCV AL CORTE,P4201200,Antecedentes de infarto agudo al miocardio,COL06,I,9,RANGO ETARIO Y SEXO - 20 a 24 años - Hombres,RANGO ETARIO Y SEXO,20 a 24 años,Hombres,,,"['RANGO ETARIO Y SEXO', '20 a 24 años', 'Hombres']",72
P4,C,VARIABLES DE SEGUIMIENTO DEL PSCV AL CORTE,P4201200,Antecedentes de infarto agudo al miocardio,COL07,J,10,RANGO ETARIO Y SEXO - 20 a 24 años - Mujeres,RANGO ETARIO Y SEXO,20 a 24 años,Mujeres,,,"['RANGO ETARIO Y SEXO', '20 a 24 años', 'Mujeres']",72
P4,C,VARIABLES DE SEGUIMIENTO DEL PSCV AL CORTE,P4201200,Antecedentes de infarto agudo al miocardio,COL08,K,11,RANGO ETARIO Y SEXO - 25 a 29 años - Hombres,RANGO ETARIO Y SEXO,25 a 29 años,Hombres,,,"['RANGO ETARIO Y SEXO', '25 a 29 años', 'Hombres']",72
P4,C,VARIABLES DE SEGUIMIENTO DEL PSCV AL CORTE,P4201200,Antecedentes de infarto agudo al miocardio,COL09,L,12,RANGO ETARIO Y SEXO - 25 a 29 años - Mujeres,RANGO ETARIO Y SEXO,25 a 29 años,Mujeres,,,"['RANGO ETARIO Y SEXO', '25 a 29 años', 'Mujeres']",72
P4,C,VARIABLES DE SEGUIMIENTO DEL PSCV AL CORTE,P4201200,Antecedentes de infarto agudo al miocardio,COL10,M,13,RANGO ETARIO Y SEXO - 30 a 34 años - Hombres,RANGO ETARIO Y SEXO,30 a 34 años,Hombres,,,"['RANGO ETARIO Y SEXO', '30 a 34 años', 'Hombres']",72
P4,C,VARIABLES DE SEGUIMIENTO DEL PSCV AL CORTE,P4201200,Antecedentes de infarto agudo al miocardio,COL11,N,14,RANGO ETARIO Y SEXO - 30 a 34 años - Mujeres,RANGO ETARIO Y SEXO,30 a 34 años,Mujeres,,,"['RANGO ETARIO Y SEXO', '30 a 34 años', 'Mujeres']",72
P4,C,VARIABLES DE SEGUIMIENTO DEL PSCV AL CORTE,P4201200,Antecedentes de infarto agudo al miocardio,COL12,O,15,RANGO ETARIO Y SEXO - 35 a 39 años - Hombres,RANGO ETARIO Y SEXO,35 a 39 años,Hombres,,,"['RANGO ETARIO Y SEXO', '35 a 39 años', 'Hombres']",72
P4,C,VARIABLES DE SEGUIMIENTO DEL PSCV AL CORTE,P4201200,Antecedentes de infarto agudo al miocardio,COL13,P,16,RANGO ETARIO Y SEXO - 35 a 39 años - Mujeres,RANGO ETARIO Y SEXO,35 a 39 años,Mujeres,,,"['RANGO ETARIO Y SEXO', '35 a 39 años', 'Mujeres']",72
P4,C,VARIABLES DE SEGUIMIENTO DEL PSCV AL CORTE,P4201200,Antecedentes de infarto agudo al miocardio,COL14,Q,17,RANGO ETARIO Y SEXO - 40 a 44 años - Hombres,RANGO ETARIO Y SEXO,40 a 44 años,Hombres,,,"['RANGO ETARIO Y SEXO', '40 a 44 años', 'Hombres']",72
P4,C,VARIABLES DE SEGUIMIENTO DEL PSCV AL CORTE,P4201200,Antecedentes de infarto agudo al miocardio,COL15,R,18,RANGO ETARIO Y SEXO - 40 a 44 años - Mujeres,RANGO ETARIO Y SEXO,40 a 44 años,Mujeres,,,"['RANGO ETARIO Y SEXO', '40 a 44 años', 'Mujeres']",72
P4,C,VARIABLES DE SEGUIMIENTO DEL PSCV AL CORTE,P4201200,Antecedentes de infarto agudo al miocardio,COL16,S,19,RANGO ETARIO Y SEXO - 45 a 49 años - Hombres,RANGO ETARIO Y SEXO,45 a 49 años,Hombres,,,"['RANGO ETARIO Y SEXO', '45 a 49 años', 'Hombres']",72
P4,C,VARIABLES DE SEGUIMIENTO DEL PSCV AL CORTE,P4201200,Antecedentes de infarto agudo al miocardio,COL17,T,20,RANGO ETARIO Y SEXO - 45 a 49 años - Mujeres,RANGO ETARIO Y SEXO,45 a 49 años,Mujeres,,,"['RANGO ETARIO Y SEXO', '45 a 49 años', 'Mujeres']",72
P4,C,VARIABLES DE SEGUIMIENTO DEL PSCV AL CORTE,P4201200,Antecedentes de infarto agudo al miocardio,COL18,U,21,RANGO ETARIO Y SEXO - 50 a 54 años - Hombres,RANGO ETARIO Y SEXO,50 a 54 años,Hombres,,,"['RANGO ETARIO Y SEXO', '50 a 54 años', 'Hombres']",72
P4,C,VARIABLES DE SEGUIMIENTO DEL PSCV AL CORTE,P4201200,Antecedentes de infarto agudo al miocardio,COL19,V,22,RANGO ETARIO Y SEXO - 50 a 54 años - Mujeres,RANGO ETARIO Y SEXO,50 a 54 años,Mujeres,,,"['RANGO ETARIO Y SEXO', '50 a 54 años', 'Mujeres']",72
P4,C,VARIABLES DE SEGUIMIENTO DEL PSCV AL CORTE,P4201200,Antecedentes de infarto agudo al miocardio,COL20,W,23,RANGO ETARIO Y SEXO - 55 a 59 años - Hombres,RANGO ETARIO Y SEXO,55 a 59 años,Hombres,,,"['RANGO ETARIO Y SEXO', '55 a 59 años', 'Hombres']",72
P4,C,VARIABLES DE SEGUIMIENTO DEL PSCV AL CORTE,P4201200,Antecedentes de infarto agudo al miocardio,COL21,X,24,RANGO ETARIO Y SEXO - 55 a 59 años - Mujeres,RANGO ETARIO Y SEXO,55 a 59 años,Mujeres,,,"['RANGO ETARIO Y SEXO', '55 a 59 años', 'Mujeres']",72
P4,C,VARIABLES DE SEGUIMIENTO DEL PSCV AL CORTE,P4201200,Antecedentes de infarto agudo al miocardio,COL22,Y,25,RANGO ETARIO Y SEXO - 60 a 64 años - Hombres,RANGO ETARIO Y SEXO,60 a 64 años,Hombres,,,"['RANGO ETARIO Y SEXO', '60 a 64 años', 'Hombres']",72
P4,C,VARIABLES DE SEGUIMIENTO DEL PSCV AL CORTE,P4201200,Antecedentes de infarto agudo al miocardio,COL23,Z,26,RANGO ETARIO Y SEXO - 60 a 64 años - Mujeres,RANGO ETARIO Y SEXO,60 a 64 años,Mujeres,,,"['RANGO ETARIO Y SEXO', '60 a 64 años', 'Mujeres']",72
P4,C,VARIABLES DE SEGUIMIENTO DEL PSCV AL CORTE,P4201200,Antecedentes de infarto agudo al miocardio,COL24,AA,27,RANGO ETARIO Y SEXO - 65 a 69 años - Hombres,RANGO ETARIO Y SEXO,65 a 69 años,Hombres,,,"['RANGO ETARIO Y SEXO', '65 a 69 años', 'Hombres']",72
P4,C,VARIABLES DE SEGUIMIENTO DEL PSCV AL CORTE,P4201200,Antecedentes de infarto agudo al miocardio,COL25,AB,28,RANGO ETARIO Y SEXO - 65 a 69 años - Mujeres,RANGO ETARIO Y SEXO,65 a 69 años,Mujeres,,,"['RANGO ETARIO Y SEXO', '65 a 69 años', 'Mujeres']",72
P4,C,VARIABLES DE SEGUIMIENTO DEL PSCV AL CORTE,P4201200,Antecedentes de infarto agudo al miocardio,COL26,AC,29,RANGO ETARIO Y SEXO - 70 a 74 años - Hombres,RANGO ETARIO Y SEXO,70 a 74 años,Hombres,,,"['RANGO ETARIO Y SEXO', '70 a 74 años', 'Hombres']",72
P4,C,VARIABLES DE SEGUIMIENTO DEL PSCV AL CORTE,P4201200,Antecedentes de infarto agudo al miocardio,COL27,AD,30,RANGO ETARIO Y SEXO - 70 a 74 años - Mujeres,RANGO ETARIO Y SEXO,70 a 74 años,Mujeres,,,"['RANGO ETARIO Y SEXO', '70 a 74 años', 'Mujeres']",72
P4,C,VARIABLES DE SEGUIMIENTO DEL PSCV AL CORTE,P4201200,Antecedentes de infarto agudo al miocardio,COL28,AE,31,RANGO ETARIO Y SEXO - 75 a 79 años - Hombres,RANGO ETARIO Y SEXO,75 a 79 años,Hombres,,,"['RANGO ETARIO Y SEXO', '75 a 79 años', 'Hombres']",72
P4,C,VARIABLES DE SEGUIMIENTO DEL PSCV AL CORTE,P4201200,Antecedentes de infarto agudo al miocardio,COL29,AF,32,RANGO ETARIO Y SEXO - 75 a 79 años - Mujeres,RANGO ETARIO Y SEXO,75 a 79 años,Mujeres,,,"['RANGO ETARIO Y SEXO', '75 a 79 años', 'Mujeres']",72
P4,C,VARIABLES DE SEGUIMIENTO DEL PSCV AL CORTE,P4201200,Antecedentes de infarto agudo al miocardio,COL30,AG,33,RANGO ETARIO Y SEXO - 80 y más años - Hombres,RANGO ETARIO Y SEXO,80 y más años,Hombres,,,"['RANGO ETARIO Y SEXO', '80 y más años', 'Hombres']",72
P4,C,VARIABLES DE SEGUIMIENTO DEL PSCV AL CORTE,P4201200,Antecedentes de infarto agudo al miocardio,COL31,AH,34,RANGO ETARIO Y SEXO - 80 y más años - Mujeres,RANGO ETARIO Y SEXO,80 y más años,Mujeres,,,"['RANGO ETARIO Y SEXO', '80 y más años', 'Mujeres']",72
P4,C,VARIABLES DE SEGUIMIENTO DEL PSCV AL CORTE,P4201200,Antecedentes de infarto agudo al miocardio,COL32,AI,35,Pueblos Originarios - Hombres,Pueblos Originarios,Hombres,,,,"['Pueblos Originarios', 'Hombres']",72
P4,C,VARIABLES DE SEGUIMIENTO DEL PSCV AL CORTE,P4201200,Antecedentes de infarto agudo al miocardio,COL33,AJ,36,Pueblos Originarios - Mujeres,Pueblos Originarios,Mujeres,,,,"['Pueblos Originarios', 'Mujeres']",72
P4,C,VARIABLES DE SEGUIMIENTO DEL PSCV AL CORTE,P4201200,Antecedentes de infarto agudo al miocardio,COL34,AK,37,Migrantes - Hombres,Migrantes,Hombres,,,,"['Migrantes', 'Hombres']",72
P4,C,VARIABLES DE SEGUIMIENTO DEL PSCV AL CORTE,P4201200,Antecedentes de infarto agudo al miocardio,COL35,AL,38,Migrantes - Mujeres,Migrantes,Mujeres,,,,"['Migrantes', 'Mujeres']",72
P4,C,VARIABLES DE SEGUIMIENTO DEL PSCV AL CORTE,P4302102,Retinopatía diabética,COL01,D,4,TOTAL - Ambos sexos,TOTAL,Ambos sexos,,,,"['TOTAL', 'Ambos sexos']",73
P4,C,VARIABLES DE SEGUIMIENTO DEL PSCV AL CORTE,P4302102,Retinopatía diabética,COL02,E,5,TOTAL - Hombres,TOTAL,Hombres,,,,"['TOTAL', 'Hombres']",73
P4,C,VARIABLES DE SEGUIMIENTO DEL PSCV AL CORTE,P4302102,Retinopatía diabética,COL03,F,6,TOTAL - Mujeres,TOTAL,Mujeres,,,,"['TOTAL', 'Mujeres']",73
P4,C,VARIABLES DE SEGUIMIENTO DEL PSCV AL CORTE,P4302102,Retinopatía diabética,COL04,G,7,RANGO ETARIO Y SEXO - 15 a 19 años - Hombres,RANGO ETARIO Y SEXO,15 a 19 años,Hombres,,,"['RANGO ETARIO Y SEXO', '15 a 19 años', 'Hombres']",73
P4,C,VARIABLES DE SEGUIMIENTO DEL PSCV AL CORTE,P4302102,Retinopatía diabética,COL05,H,8,RANGO ETARIO Y SEXO - 15 a 19 años - Mujeres,RANGO ETARIO Y SEXO,15 a 19 años,Mujeres,,,"['RANGO ETARIO Y SEXO', '15 a 19 años', 'Mujeres']",73
P4,C,VARIABLES DE SEGUIMIENTO DEL PSCV AL CORTE,P4302102,Retinopatía diabética,COL06,I,9,RANGO ETARIO Y SEXO - 20 a 24 años - Hombres,RANGO ETARIO Y SEXO,20 a 24 años,Hombres,,,"['RANGO ETARIO Y SEXO', '20 a 24 años', 'Hombres']",73
P4,C,VARIABLES DE SEGUIMIENTO DEL PSCV AL CORTE,P4302102,Retinopatía diabética,COL07,J,10,RANGO ETARIO Y SEXO - 20 a 24 años - Mujeres,RANGO ETARIO Y SEXO,20 a 24 años,Mujeres,,,"['RANGO ETARIO Y SEXO', '20 a 24 años', 'Mujeres']",73
P4,C,VARIABLES DE SEGUIMIENTO DEL PSCV AL CORTE,P4302102,Retinopatía diabética,COL08,K,11,RANGO ETARIO Y SEXO - 25 a 29 años - Hombres,RANGO ETARIO Y SEXO,25 a 29 años,Hombres,,,"['RANGO ETARIO Y SEXO', '25 a 29 años', 'Hombres']",73
P4,C,VARIABLES DE SEGUIMIENTO DEL PSCV AL CORTE,P4302102,Retinopatía diabética,COL09,L,12,RANGO ETARIO Y SEXO - 25 a 29 años - Mujeres,RANGO ETARIO Y SEXO,25 a 29 años,Mujeres,,,"['RANGO ETARIO Y SEXO', '25 a 29 años', 'Mujeres']",73
P4,C,VARIABLES DE SEGUIMIENTO DEL PSCV AL CORTE,P4302102,Retinopatía diabética,COL10,M,13,RANGO ETARIO Y SEXO - 30 a 34 años - Hombres,RANGO ETARIO Y SEXO,30 a 34 años,Hombres,,,"['RANGO ETARIO Y SEXO', '30 a 34 años', 'Hombres']",73
P4,C,VARIABLES DE SEGUIMIENTO DEL PSCV AL CORTE,P4302102,Retinopatía diabética,COL11,N,14,RANGO ETARIO Y SEXO - 30 a 34 años - Mujeres,RANGO ETARIO Y SEXO,30 a 34 años,Mujeres,,,"['RANGO ETARIO Y SEXO', '30 a 34 años', 'Mujeres']",73
P4,C,VARIABLES DE SEGUIMIENTO DEL PSCV AL CORTE,P4302102,Retinopatía diabética,COL12,O,15,RANGO ETARIO Y SEXO - 35 a 39 años - Hombres,RANGO ETARIO Y SEXO,35 a 39 años,Hombres,,,"['RANGO ETARIO Y SEXO', '35 a 39 años', 'Hombres']",73
P4,C,VARIABLES DE SEGUIMIENTO DEL PSCV AL CORTE,P4302102,Retinopatía diabética,COL13,P,16,RANGO ETARIO Y SEXO - 35 a 39 años - Mujeres,RANGO ETARIO Y SEXO,35 a 39 años,Mujeres,,,"['RANGO ETARIO Y SEXO', '35 a 39 años', 'Mujeres']",73
P4,C,VARIABLES DE SEGUIMIENTO DEL PSCV AL CORTE,P4302102,Retinopatía diabética,COL14,Q,17,RANGO ETARIO Y SEXO - 40 a 44 años - Hombres,RANGO ETARIO Y SEXO,40 a 44 años,Hombres,,,"['RANGO ETARIO Y SEXO', '40 a 44 años', 'Hombres']",73
P4,C,VARIABLES DE SEGUIMIENTO DEL PSCV AL CORTE,P4302102,Retinopatía diabética,COL15,R,18,RANGO ETARIO Y SEXO - 40 a 44 años - Mujeres,RANGO ETARIO Y SEXO,40 a 44 años,Mujeres,,,"['RANGO ETARIO Y SEXO', '40 a 44 años', 'Mujeres']",73
P4,C,VARIABLES DE SEGUIMIENTO DEL PSCV AL CORTE,P4302102,Retinopatía diabética,COL16,S,19,RANGO ETARIO Y SEXO - 45 a 49 años - Hombres,RANGO ETARIO Y SEXO,45 a 49 años,Hombres,,,"['RANGO ETARIO Y SEXO', '45 a 49 años', 'Hombres']",73
P4,C,VARIABLES DE SEGUIMIENTO DEL PSCV AL CORTE,P4302102,Retinopatía diabética,COL17,T,20,RANGO ETARIO Y SEXO - 45 a 49 años - Mujeres,RANGO ETARIO Y SEXO,45 a 49 años,Mujeres,,,"['RANGO ETARIO Y SEXO', '45 a 49 años', 'Mujeres']",73
P4,C,VARIABLES DE SEGUIMIENTO DEL PSCV AL CORTE,P4302102,Retinopatía diabética,COL18,U,21,RANGO ETARIO Y SEXO - 50 a 54 años - Hombres,RANGO ETARIO Y SEXO,50 a 54 años,Hombres,,,"['RANGO ETARIO Y SEXO', '50 a 54 años', 'Hombres']",73
P4,C,VARIABLES DE SEGUIMIENTO DEL PSCV AL CORTE,P4302102,Retinopatía diabética,COL19,V,22,RANGO ETARIO Y SEXO - 50 a 54 años - Mujeres,RANGO ETARIO Y SEXO,50 a 54 años,Mujeres,,,"['RANGO ETARIO Y SEXO', '50 a 54 años', 'Mujeres']",73
P4,C,VARIABLES DE SEGUIMIENTO DEL PSCV AL CORTE,P4302102,Retinopatía diabética,COL20,W,23,RANGO ETARIO Y SEXO - 55 a 59 años - Hombres,RANGO ETARIO Y SEXO,55 a 59 años,Hombres,,,"['RANGO ETARIO Y SEXO', '55 a 59 años', 'Hombres']",73
P4,C,VARIABLES DE SEGUIMIENTO DEL PSCV AL CORTE,P4302102,Retinopatía diabética,COL21,X,24,RANGO ETARIO Y SEXO - 55 a 59 años - Mujeres,RANGO ETARIO Y SEXO,55 a 59 años,Mujeres,,,"['RANGO ETARIO Y SEXO', '55 a 59 años', 'Mujeres']",73
P4,C,VARIABLES DE SEGUIMIENTO DEL PSCV AL CORTE,P4302102,Retinopatía diabética,COL22,Y,25,RANGO ETARIO Y SEXO - 60 a 64 años - Hombres,RANGO ETARIO Y SEXO,60 a 64 años,Hombres,,,"['RANGO ETARIO Y SEXO', '60 a 64 años', 'Hombres']",73
P4,C,VARIABLES DE SEGUIMIENTO DEL PSCV AL CORTE,P4302102,Retinopatía diabética,COL23,Z,26,RANGO ETARIO Y SEXO - 60 a 64 años - Mujeres,RANGO ETARIO Y SEXO,60 a 64 años,Mujeres,,,"['RANGO ETARIO Y SEXO', '60 a 64 años', 'Mujeres']",73
P4,C,VARIABLES DE SEGUIMIENTO DEL PSCV AL CORTE,P4302102,Retinopatía diabética,COL24,AA,27,RANGO ETARIO Y SEXO - 65 a 69 años - Hombres,RANGO ETARIO Y SEXO,65 a 69 años,Hombres,,,"['RANGO ETARIO Y SEXO', '65 a 69 años', 'Hombres']",73
P4,C,VARIABLES DE SEGUIMIENTO DEL PSCV AL CORTE,P4302102,Retinopatía diabética,COL25,AB,28,RANGO ETARIO Y SEXO - 65 a 69 años - Mujeres,RANGO ETARIO Y SEXO,65 a 69 años,Mujeres,,,"['RANGO ETARIO Y SEXO', '65 a 69 años', 'Mujeres']",73
P4,C,VARIABLES DE SEGUIMIENTO DEL PSCV AL CORTE,P4302102,Retinopatía diabética,COL26,AC,29,RANGO ETARIO Y SEXO - 70 a 74 años - Hombres,RANGO ETARIO Y SEXO,70 a 74 años,Hombres,,,"['RANGO ETARIO Y SEXO', '70 a 74 años', 'Hombres']",73
P4,C,VARIABLES DE SEGUIMIENTO DEL PSCV AL CORTE,P4302102,Retinopatía diabética,COL27,AD,30,RANGO ETARIO Y SEXO - 70 a 74 años - Mujeres,RANGO ETARIO Y SEXO,70 a 74 años,Mujeres,,,"['RANGO ETARIO Y SEXO', '70 a 74 años', 'Mujeres']",73
P4,C,VARIABLES DE SEGUIMIENTO DEL PSCV AL CORTE,P4302102,Retinopatía diabética,COL28,AE,31,RANGO ETARIO Y SEXO - 75 a 79 años - Hombres,RANGO ETARIO Y SEXO,75 a 79 años,Hombres,,,"['RANGO ETARIO Y SEXO', '75 a 79 años', 'Hombres']",73
P4,C,VARIABLES DE SEGUIMIENTO DEL PSCV AL CORTE,P4302102,Retinopatía diabética,COL29,AF,32,RANGO ETARIO Y SEXO - 75 a 79 años - Mujeres,RANGO ETARIO Y SEXO,75 a 79 años,Mujeres,,,"['RANGO ETARIO Y SEXO', '75 a 79 años', 'Mujeres']",73
P4,C,VARIABLES DE SEGUIMIENTO DEL PSCV AL CORTE,P4302102,Retinopatía diabética,COL30,AG,33,RANGO ETARIO Y SEXO - 80 y más años - Hombres,RANGO ETARIO Y SEXO,80 y más años,Hombres,,,"['RANGO ETARIO Y SEXO', '80 y más años', 'Hombres']",73
P4,C,VARIABLES DE SEGUIMIENTO DEL PSCV AL CORTE,P4302102,Retinopatía diabética,COL31,AH,34,RANGO ETARIO Y SEXO - 80 y más años - Mujeres,RANGO ETARIO Y SEXO,80 y más años,Mujeres,,,"['RANGO ETARIO Y SEXO', '80 y más años', 'Mujeres']",73
P4,C,VARIABLES DE SEGUIMIENTO DEL PSCV AL CORTE,P4302102,Retinopatía diabética,COL32,AI,35,Pueblos Originarios - Hombres,Pueblos Originarios,Hombres,,,,"['Pueblos Originarios', 'Hombres']",73
P4,C,VARIABLES DE SEGUIMIENTO DEL PSCV AL CORTE,P4302102,Retinopatía diabética,COL33,AJ,36,Pueblos Originarios - Mujeres,Pueblos Originarios,Mujeres,,,,"['Pueblos Originarios', 'Mujeres']",73
P4,C,VARIABLES DE SEGUIMIENTO DEL PSCV AL CORTE,P4302102,Retinopatía diabética,COL34,AK,37,Migrantes - Hombres,Migrantes,Hombres,,,,"['Migrantes', 'Hombres']",73
P4,C,VARIABLES DE SEGUIMIENTO DEL PSCV AL CORTE,P4302102,Retinopatía diabética,COL35,AL,38,Migrantes - Mujeres,Migrantes,Mujeres,,,,"['Migrantes', 'Mujeres']",73
P4,C,VARIABLES DE SEGUIMIENTO DEL PSCV AL CORTE,P4190812,"Con razón albúmina creatinina (RAC), vigente",COL01,D,4,TOTAL - Ambos sexos,TOTAL,Ambos sexos,,,,"['TOTAL', 'Ambos sexos']",75
P4,C,VARIABLES DE SEGUIMIENTO DEL PSCV AL CORTE,P4190812,"Con razón albúmina creatinina (RAC), vigente",COL02,E,5,TOTAL - Hombres,TOTAL,Hombres,,,,"['TOTAL', 'Hombres']",75
P4,C,VARIABLES DE SEGUIMIENTO DEL PSCV AL CORTE,P4190812,"Con razón albúmina creatinina (RAC), vigente",COL03,F,6,TOTAL - Mujeres,TOTAL,Mujeres,,,,"['TOTAL', 'Mujeres']",75
P4,C,VARIABLES DE SEGUIMIENTO DEL PSCV AL CORTE,P4190812,"Con razón albúmina creatinina (RAC), vigente",COL04,G,7,RANGO ETARIO Y SEXO - 15 a 19 años - Hombres,RANGO ETARIO Y SEXO,15 a 19 años,Hombres,,,"['RANGO ETARIO Y SEXO', '15 a 19 años', 'Hombres']",75
P4,C,VARIABLES DE SEGUIMIENTO DEL PSCV AL CORTE,P4190812,"Con razón albúmina creatinina (RAC), vigente",COL05,H,8,RANGO ETARIO Y SEXO - 15 a 19 años - Mujeres,RANGO ETARIO Y SEXO,15 a 19 años,Mujeres,,,"['RANGO ETARIO Y SEXO', '15 a 19 años', 'Mujeres']",75
P4,C,VARIABLES DE SEGUIMIENTO DEL PSCV AL CORTE,P4190812,"Con razón albúmina creatinina (RAC), vigente",COL06,I,9,RANGO ETARIO Y SEXO - 20 a 24 años - Hombres,RANGO ETARIO Y SEXO,20 a 24 años,Hombres,,,"['RANGO ETARIO Y SEXO', '20 a 24 años', 'Hombres']",75
P4,C,VARIABLES DE SEGUIMIENTO DEL PSCV AL CORTE,P4190812,"Con razón albúmina creatinina (RAC), vigente",COL07,J,10,RANGO ETARIO Y SEXO - 20 a 24 años - Mujeres,RANGO ETARIO Y SEXO,20 a 24 años,Mujeres,,,"['RANGO ETARIO Y SEXO', '20 a 24 años', 'Mujeres']",75
P4,C,VARIABLES DE SEGUIMIENTO DEL PSCV AL CORTE,P4190812,"Con razón albúmina creatinina (RAC), vigente",COL08,K,11,RANGO ETARIO Y SEXO - 25 a 29 años - Hombres,RANGO ETARIO Y SEXO,25 a 29 años,Hombres,,,"['RANGO ETARIO Y SEXO', '25 a 29 años', 'Hombres']",75
P4,C,VARIABLES DE SEGUIMIENTO DEL PSCV AL CORTE,P4190812,"Con razón albúmina creatinina (RAC), vigente",COL09,L,12,RANGO ETARIO Y SEXO - 25 a 29 años - Mujeres,RANGO ETARIO Y SEXO,25 a 29 años,Mujeres,,,"['RANGO ETARIO Y SEXO', '25 a 29 años', 'Mujeres']",75
P4,C,VARIABLES DE SEGUIMIENTO DEL PSCV AL CORTE,P4190812,"Con razón albúmina creatinina (RAC), vigente",COL10,M,13,RANGO ETARIO Y SEXO - 30 a 34 años - Hombres,RANGO ETARIO Y SEXO,30 a 34 años,Hombres,,,"['RANGO ETARIO Y SEXO', '30 a 34 años', 'Hombres']",75
P4,C,VARIABLES DE SEGUIMIENTO DEL PSCV AL CORTE,P4190812,"Con razón albúmina creatinina (RAC), vigente",COL11,N,14,RANGO ETARIO Y SEXO - 30 a 34 años - Mujeres,RANGO ETARIO Y SEXO,30 a 34 años,Mujeres,,,"['RANGO ETARIO Y SEXO', '30 a 34 años', 'Mujeres']",75
P4,C,VARIABLES DE SEGUIMIENTO DEL PSCV AL CORTE,P4190812,"Con razón albúmina creatinina (RAC), vigente",COL12,O,15,RANGO ETARIO Y SEXO - 35 a 39 años - Hombres,RANGO ETARIO Y SEXO,35 a 39 años,Hombres,,,"['RANGO ETARIO Y SEXO', '35 a 39 años', 'Hombres']",75
P4,C,VARIABLES DE SEGUIMIENTO DEL PSCV AL CORTE,P4190812,"Con razón albúmina creatinina (RAC), vigente",COL13,P,16,RANGO ETARIO Y SEXO - 35 a 39 años - Mujeres,RANGO ETARIO Y SEXO,35 a 39 años,Mujeres,,,"['RANGO ETARIO Y SEXO', '35 a 39 años', 'Mujeres']",75
P4,C,VARIABLES DE SEGUIMIENTO DEL PSCV AL CORTE,P4190812,"Con razón albúmina creatinina (RAC), vigente",COL14,Q,17,RANGO ETARIO Y SEXO - 40 a 44 años - Hombres,RANGO ETARIO Y SEXO,40 a 44 años,Hombres,,,"['RANGO ETARIO Y SEXO', '40 a 44 años', 'Hombres']",75
P4,C,VARIABLES DE SEGUIMIENTO DEL PSCV AL CORTE,P4190812,"Con razón albúmina creatinina (RAC), vigente",COL15,R,18,RANGO ETARIO Y SEXO - 40 a 44 años - Mujeres,RANGO ETARIO Y SEXO,40 a 44 años,Mujeres,,,"['RANGO ETARIO Y SEXO', '40 a 44 años', 'Mujeres']",75
P4,C,VARIABLES DE SEGUIMIENTO DEL PSCV AL CORTE,P4190812,"Con razón albúmina creatinina (RAC), vigente",COL16,S,19,RANGO ETARIO Y SEXO - 45 a 49 años - Hombres,RANGO ETARIO Y SEXO,45 a 49 años,Hombres,,,"['RANGO ETARIO Y SEXO', '45 a 49 años', 'Hombres']",75
P4,C,VARIABLES DE SEGUIMIENTO DEL PSCV AL CORTE,P4190812,"Con razón albúmina creatinina (RAC), vigente",COL17,T,20,RANGO ETARIO Y SEXO - 45 a 49 años - Mujeres,RANGO ETARIO Y SEXO,45 a 49 años,Mujeres,,,"['RANGO ETARIO Y SEXO', '45 a 49 años', 'Mujeres']",75
P4,C,VARIABLES DE SEGUIMIENTO DEL PSCV AL CORTE,P4190812,"Con razón albúmina creatinina (RAC), vigente",COL18,U,21,RANGO ETARIO Y SEXO - 50 a 54 años - Hombres,RANGO ETARIO Y SEXO,50 a 54 años,Hombres,,,"['RANGO ETARIO Y SEXO', '50 a 54 años', 'Hombres']",75
P4,C,VARIABLES DE SEGUIMIENTO DEL PSCV AL CORTE,P4190812,"Con razón albúmina creatinina (RAC), vigente",COL19,V,22,RANGO ETARIO Y SEXO - 50 a 54 años - Mujeres,RANGO ETARIO Y SEXO,50 a 54 años,Mujeres,,,"['RANGO ETARIO Y SEXO', '50 a 54 años', 'Mujeres']",75
P4,C,VARIABLES DE SEGUIMIENTO DEL PSCV AL CORTE,P4190812,"Con razón albúmina creatinina (RAC), vigente",COL20,W,23,RANGO ETARIO Y SEXO - 55 a 59 años - Hombres,RANGO ETARIO Y SEXO,55 a 59 años,Hombres,,,"['RANGO ETARIO Y SEXO', '55 a 59 años', 'Hombres']",75
P4,C,VARIABLES DE SEGUIMIENTO DEL PSCV AL CORTE,P4190812,"Con razón albúmina creatinina (RAC), vigente",COL21,X,24,RANGO ETARIO Y SEXO - 55 a 59 años - Mujeres,RANGO ETARIO Y SEXO,55 a 59 años,Mujeres,,,"['RANGO ETARIO Y SEXO', '55 a 59 años', 'Mujeres']",75
P4,C,VARIABLES DE SEGUIMIENTO DEL PSCV AL CORTE,P4190812,"Con razón albúmina creatinina (RAC), vigente",COL22,Y,25,RANGO ETARIO Y SEXO - 60 a 64 años - Hombres,RANGO ETARIO Y SEXO,60 a 64 años,Hombres,,,"['RANGO ETARIO Y SEXO', '60 a 64 años', 'Hombres']",75
P4,C,VARIABLES DE SEGUIMIENTO DEL PSCV AL CORTE,P4190812,"Con razón albúmina creatinina (RAC), vigente",COL23,Z,26,RANGO ETARIO Y SEXO - 60 a 64 años - Mujeres,RANGO ETARIO Y SEXO,60 a 64 años,Mujeres,,,"['RANGO ETARIO Y SEXO', '60 a 64 años', 'Mujeres']",75
P4,C,VARIABLES DE SEGUIMIENTO DEL PSCV AL CORTE,P4190812,"Con razón albúmina creatinina (RAC), vigente",COL24,AA,27,RANGO ETARIO Y SEXO - 65 a 69 años - Hombres,RANGO ETARIO Y SEXO,65 a 69 años,Hombres,,,"['RANGO ETARIO Y SEXO', '65 a 69 años', 'Hombres']",75
P4,C,VARIABLES DE SEGUIMIENTO DEL PSCV AL CORTE,P4190812,"Con razón albúmina creatinina (RAC), vigente",COL25,AB,28,RANGO ETARIO Y SEXO - 65 a 69 años - Mujeres,RANGO ETARIO Y SEXO,65 a 69 años,Mujeres,,,"['RANGO ETARIO Y SEXO', '65 a 69 años', 'Mujeres']",75
P4,C,VARIABLES DE SEGUIMIENTO DEL PSCV AL CORTE,P4190812,"Con razón albúmina creatinina (RAC), vigente",COL26,AC,29,RANGO ETARIO Y SEXO - 70 a 74 años - Hombres,RANGO ETARIO Y SEXO,70 a 74 años,Hombres,,,"['RANGO ETARIO Y SEXO', '70 a 74 años', 'Hombres']",75
P4,C,VARIABLES DE SEGUIMIENTO DEL PSCV AL CORTE,P4190812,"Con razón albúmina creatinina (RAC), vigente",COL27,AD,30,RANGO ETARIO Y SEXO - 70 a 74 años - Mujeres,RANGO ETARIO Y SEXO,70 a 74 años,Mujeres,,,"['RANGO ETARIO Y SEXO', '70 a 74 años', 'Mujeres']",75
P4,C,VARIABLES DE SEGUIMIENTO DEL PSCV AL CORTE,P4190812,"Con razón albúmina creatinina (RAC), vigente",COL28,AE,31,RANGO ETARIO Y SEXO - 75 a 79 años - Hombres,RANGO ETARIO Y SEXO,75 a 79 años,Hombres,,,"['RANGO ETARIO Y SEXO', '75 a 79 años', 'Hombres']",75
P4,C,VARIABLES DE SEGUIMIENTO DEL PSCV AL CORTE,P4190812,"Con razón albúmina creatinina (RAC), vigente",COL29,AF,32,RANGO ETARIO Y SEXO - 75 a 79 años - Mujeres,RANGO ETARIO Y SEXO,75 a 79 años,Mujeres,,,"['RANGO ETARIO Y SEXO', '75 a 79 años', 'Mujeres']",75
P4,C,VARIABLES DE SEGUIMIENTO DEL PSCV AL CORTE,P4190812,"Con razón albúmina creatinina (RAC), vigente",COL30,AG,33,RANGO ETARIO Y SEXO - 80 y más años - Hombres,RANGO ETARIO Y SEXO,80 y más años,Hombres,,,"['RANGO ETARIO Y SEXO', '80 y más años', 'Hombres']",75
P4,C,VARIABLES DE SEGUIMIENTO DEL PSCV AL CORTE,P4190812,"Con razón albúmina creatinina (RAC), vigente",COL31,AH,34,RANGO ETARIO Y SEXO - 80 y más años - Mujeres,RANGO ETARIO Y SEXO,80 y más años,Mujeres,,,"['RANGO ETARIO Y SEXO', '80 y más años', 'Mujeres']",75
P4,C,VARIABLES DE SEGUIMIENTO DEL PSCV AL CORTE,P4190812,"Con razón albúmina creatinina (RAC), vigente",COL32,AI,35,Pueblos Originarios - Hombres,Pueblos Originarios,Hombres,,,,"['Pueblos Originarios', 'Hombres']",75
P4,C,VARIABLES DE SEGUIMIENTO DEL PSCV AL CORTE,P4190812,"Con razón albúmina creatinina (RAC), vigente",COL33,AJ,36,Pueblos Originarios - Mujeres,Pueblos Originarios,Mujeres,,,,"['Pueblos Originarios', 'Mujeres']",75
P4,C,VARIABLES DE SEGUIMIENTO DEL PSCV AL CORTE,P4190812,"Con razón albúmina creatinina (RAC), vigente",COL34,AK,37,Migrantes - Hombres,Migrantes,Hombres,,,,"['Migrantes', 'Hombres']",75
P4,C,VARIABLES DE SEGUIMIENTO DEL PSCV AL CORTE,P4190812,"Con razón albúmina creatinina (RAC), vigente",COL35,AL,38,Migrantes - Mujeres,Migrantes,Mujeres,,,,"['Migrantes', 'Mujeres']",75
P4,C,VARIABLES DE SEGUIMIENTO DEL PSCV AL CORTE,P4301010,Con velocidad de filtración glomerular estimada (VFGE) vigente,COL01,D,4,TOTAL - Ambos sexos,TOTAL,Ambos sexos,,,,"['TOTAL', 'Ambos sexos']",76
P4,C,VARIABLES DE SEGUIMIENTO DEL PSCV AL CORTE,P4301010,Con velocidad de filtración glomerular estimada (VFGE) vigente,COL02,E,5,TOTAL - Hombres,TOTAL,Hombres,,,,"['TOTAL', 'Hombres']",76
P4,C,VARIABLES DE SEGUIMIENTO DEL PSCV AL CORTE,P4301010,Con velocidad de filtración glomerular estimada (VFGE) vigente,COL03,F,6,TOTAL - Mujeres,TOTAL,Mujeres,,,,"['TOTAL', 'Mujeres']",76
P4,C,VARIABLES DE SEGUIMIENTO DEL PSCV AL CORTE,P4301010,Con velocidad de filtración glomerular estimada (VFGE) vigente,COL04,G,7,RANGO ETARIO Y SEXO - 15 a 19 años - Hombres,RANGO ETARIO Y SEXO,15 a 19 años,Hombres,,,"['RANGO ETARIO Y SEXO', '15 a 19 años', 'Hombres']",76
P4,C,VARIABLES DE SEGUIMIENTO DEL PSCV AL CORTE,P4301010,Con velocidad de filtración glomerular estimada (VFGE) vigente,COL05,H,8,RANGO ETARIO Y SEXO - 15 a 19 años - Mujeres,RANGO ETARIO Y SEXO,15 a 19 años,Mujeres,,,"['RANGO ETARIO Y SEXO', '15 a 19 años', 'Mujeres']",76
P4,C,VARIABLES DE SEGUIMIENTO DEL PSCV AL CORTE,P4301010,Con velocidad de filtración glomerular estimada (VFGE) vigente,COL06,I,9,RANGO ETARIO Y SEXO - 20 a 24 años - Hombres,RANGO ETARIO Y SEXO,20 a 24 años,Hombres,,,"['RANGO ETARIO Y SEXO', '20 a 24 años', 'Hombres']",76
P4,C,VARIABLES DE SEGUIMIENTO DEL PSCV AL CORTE,P4301010,Con velocidad de filtración glomerular estimada (VFGE) vigente,COL07,J,10,RANGO ETARIO Y SEXO - 20 a 24 años - Mujeres,RANGO ETARIO Y SEXO,20 a 24 años,Mujeres,,,"['RANGO ETARIO Y SEXO', '20 a 24 años', 'Mujeres']",76
P4,C,VARIABLES DE SEGUIMIENTO DEL PSCV AL CORTE,P4301010,Con velocidad de filtración glomerular estimada (VFGE) vigente,COL08,K,11,RANGO ETARIO Y SEXO - 25 a 29 años - Hombres,RANGO ETARIO Y SEXO,25 a 29 años,Hombres,,,"['RANGO ETARIO Y SEXO', '25 a 29 años', 'Hombres']",76
P4,C,VARIABLES DE SEGUIMIENTO DEL PSCV AL CORTE,P4301010,Con velocidad de filtración glomerular estimada (VFGE) vigente,COL09,L,12,RANGO ETARIO Y SEXO - 25 a 29 años - Mujeres,RANGO ETARIO Y SEXO,25 a 29 años,Mujeres,,,"['RANGO ETARIO Y SEXO', '25 a 29 años', 'Mujeres']",76
P4,C,VARIABLES DE SEGUIMIENTO DEL PSCV AL CORTE,P4301010,Con velocidad de filtración glomerular estimada (VFGE) vigente,COL10,M,13,RANGO ETARIO Y SEXO - 30 a 34 años - Hombres,RANGO ETARIO Y SEXO,30 a 34 años,Hombres,,,"['RANGO ETARIO Y SEXO', '30 a 34 años', 'Hombres']",76
P4,C,VARIABLES DE SEGUIMIENTO DEL PSCV AL CORTE,P4301010,Con velocidad de filtración glomerular estimada (VFGE) vigente,COL11,N,14,RANGO ETARIO Y SEXO - 30 a 34 años - Mujeres,RANGO ETARIO Y SEXO,30 a 34 años,Mujeres,,,"['RANGO ETARIO Y SEXO', '30 a 34 años', 'Mujeres']",76
P4,C,VARIABLES DE SEGUIMIENTO DEL PSCV AL CORTE,P4301010,Con velocidad de filtración glomerular estimada (VFGE) vigente,COL12,O,15,RANGO ETARIO Y SEXO - 35 a 39 años - Hombres,RANGO ETARIO Y SEXO,35 a 39 años,Hombres,,,"['RANGO ETARIO Y SEXO', '35 a 39 años', 'Hombres']",76
P4,C,VARIABLES DE SEGUIMIENTO DEL PSCV AL CORTE,P4301010,Con velocidad de filtración glomerular estimada (VFGE) vigente,COL13,P,16,RANGO ETARIO Y SEXO - 35 a 39 años - Mujeres,RANGO ETARIO Y SEXO,35 a 39 años,Mujeres,,,"['RANGO ETARIO Y SEXO', '35 a 39 años', 'Mujeres']",76
P4,C,VARIABLES DE SEGUIMIENTO DEL PSCV AL CORTE,P4301010,Con velocidad de filtración glomerular estimada (VFGE) vigente,COL14,Q,17,RANGO ETARIO Y SEXO - 40 a 44 años - Hombres,RANGO ETARIO Y SEXO,40 a 44 años,Hombres,,,"['RANGO ETARIO Y SEXO', '40 a 44 años', 'Hombres']",76
P4,C,VARIABLES DE SEGUIMIENTO DEL PSCV AL CORTE,P4301010,Con velocidad de filtración glomerular estimada (VFGE) vigente,COL15,R,18,RANGO ETARIO Y SEXO - 40 a 44 años - Mujeres,RANGO ETARIO Y SEXO,40 a 44 años,Mujeres,,,"['RANGO ETARIO Y SEXO', '40 a 44 años', 'Mujeres']",76
P4,C,VARIABLES DE SEGUIMIENTO DEL PSCV AL CORTE,P4301010,Con velocidad de filtración glomerular estimada (VFGE) vigente,COL16,S,19,RANGO ETARIO Y SEXO - 45 a 49 años - Hombres,RANGO ETARIO Y SEXO,45 a 49 años,Hombres,,,"['RANGO ETARIO Y SEXO', '45 a 49 años', 'Hombres']",76
P4,C,VARIABLES DE SEGUIMIENTO DEL PSCV AL CORTE,P4301010,Con velocidad de filtración glomerular estimada (VFGE) vigente,COL17,T,20,RANGO ETARIO Y SEXO - 45 a 49 años - Mujeres,RANGO ETARIO Y SEXO,45 a 49 años,Mujeres,,,"['RANGO ETARIO Y SEXO', '45 a 49 años', 'Mujeres']",76
P4,C,VARIABLES DE SEGUIMIENTO DEL PSCV AL CORTE,P4301010,Con velocidad de filtración glomerular estimada (VFGE) vigente,COL18,U,21,RANGO ETARIO Y SEXO - 50 a 54 años - Hombres,RANGO ETARIO Y SEXO,50 a 54 años,Hombres,,,"['RANGO ETARIO Y SEXO', '50 a 54 años', 'Hombres']",76
P4,C,VARIABLES DE SEGUIMIENTO DEL PSCV AL CORTE,P4301010,Con velocidad de filtración glomerular estimada (VFGE) vigente,COL19,V,22,RANGO ETARIO Y SEXO - 50 a 54 años - Mujeres,RANGO ETARIO Y SEXO,50 a 54 años,Mujeres,,,"['RANGO ETARIO Y SEXO', '50 a 54 años', 'Mujeres']",76
P4,C,VARIABLES DE SEGUIMIENTO DEL PSCV AL CORTE,P4301010,Con velocidad de filtración glomerular estimada (VFGE) vigente,COL20,W,23,RANGO ETARIO Y SEXO - 55 a 59 años - Hombres,RANGO ETARIO Y SEXO,55 a 59 años,Hombres,,,"['RANGO ETARIO Y SEXO', '55 a 59 años', 'Hombres']",76
P4,C,VARIABLES DE SEGUIMIENTO DEL PSCV AL CORTE,P4301010,Con velocidad de filtración glomerular estimada (VFGE) vigente,COL21,X,24,RANGO ETARIO Y SEXO - 55 a 59 años - Mujeres,RANGO ETARIO Y SEXO,55 a 59 años,Mujeres,,,"['RANGO ETARIO Y SEXO', '55 a 59 años', 'Mujeres']",76
P4,C,VARIABLES DE SEGUIMIENTO DEL PSCV AL CORTE,P4301010,Con velocidad de filtración glomerular estimada (VFGE) vigente,COL22,Y,25,RANGO ETARIO Y SEXO - 60 a 64 años - Hombres,RANGO ETARIO Y SEXO,60 a 64 años,Hombres,,,"['RANGO ETARIO Y SEXO', '60 a 64 años', 'Hombres']",76
P4,C,VARIABLES DE SEGUIMIENTO DEL PSCV AL CORTE,P4301010,Con velocidad de filtración glomerular estimada (VFGE) vigente,COL23,Z,26,RANGO ETARIO Y SEXO - 60 a 64 años - Mujeres,RANGO ETARIO Y SEXO,60 a 64 años,Mujeres,,,"['RANGO ETARIO Y SEXO', '60 a 64 años', 'Mujeres']",76
P4,C,VARIABLES DE SEGUIMIENTO DEL PSCV AL CORTE,P4301010,Con velocidad de filtración glomerular estimada (VFGE) vigente,COL24,AA,27,RANGO ETARIO Y SEXO - 65 a 69 años - Hombres,RANGO ETARIO Y SEXO,65 a 69 años,Hombres,,,"['RANGO ETARIO Y SEXO', '65 a 69 años', 'Hombres']",76
P4,C,VARIABLES DE SEGUIMIENTO DEL PSCV AL CORTE,P4301010,Con velocidad de filtración glomerular estimada (VFGE) vigente,COL25,AB,28,RANGO ETARIO Y SEXO - 65 a 69 años - Mujeres,RANGO ETARIO Y SEXO,65 a 69 años,Mujeres,,,"['RANGO ETARIO Y SEXO', '65 a 69 años', 'Mujeres']",76
P4,C,VARIABLES DE SEGUIMIENTO DEL PSCV AL CORTE,P4301010,Con velocidad de filtración glomerular estimada (VFGE) vigente,COL26,AC,29,RANGO ETARIO Y SEXO - 70 a 74 años - Hombres,RANGO ETARIO Y SEXO,70 a 74 años,Hombres,,,"['RANGO ETARIO Y SEXO', '70 a 74 años', 'Hombres']",76
P4,C,VARIABLES DE SEGUIMIENTO DEL PSCV AL CORTE,P4301010,Con velocidad de filtración glomerular estimada (VFGE) vigente,COL27,AD,30,RANGO ETARIO Y SEXO - 70 a 74 años - Mujeres,RANGO ETARIO Y SEXO,70 a 74 años,Mujeres,,,"['RANGO ETARIO Y SEXO', '70 a 74 años', 'Mujeres']",76
P4,C,VARIABLES DE SEGUIMIENTO DEL PSCV AL CORTE,P4301010,Con velocidad de filtración glomerular estimada (VFGE) vigente,COL28,AE,31,RANGO ETARIO Y SEXO - 75 a 79 años - Hombres,RANGO ETARIO Y SEXO,75 a 79 años,Hombres,,,"['RANGO ETARIO Y SEXO', '75 a 79 años', 'Hombres']",76
P4,C,VARIABLES DE SEGUIMIENTO DEL PSCV AL CORTE,P4301010,Con velocidad de filtración glomerular estimada (VFGE) vigente,COL29,AF,32,RANGO ETARIO Y SEXO - 75 a 79 años - Mujeres,RANGO ETARIO Y SEXO,75 a 79 años,Mujeres,,,"['RANGO ETARIO Y SEXO', '75 a 79 años', 'Mujeres']",76
P4,C,VARIABLES DE SEGUIMIENTO DEL PSCV AL CORTE,P4301010,Con velocidad de filtración glomerular estimada (VFGE) vigente,COL30,AG,33,RANGO ETARIO Y SEXO - 80 y más años - Hombres,RANGO ETARIO Y SEXO,80 y más años,Hombres,,,"['RANGO ETARIO Y SEXO', '80 y más años', 'Hombres']",76
P4,C,VARIABLES DE SEGUIMIENTO DEL PSCV AL CORTE,P4301010,Con velocidad de filtración glomerular estimada (VFGE) vigente,COL31,AH,34,RANGO ETARIO Y SEXO - 80 y más años - Mujeres,RANGO ETARIO Y SEXO,80 y más años,Mujeres,,,"['RANGO ETARIO Y SEXO', '80 y más años', 'Mujeres']",76
P4,C,VARIABLES DE SEGUIMIENTO DEL PSCV AL CORTE,P4301010,Con velocidad de filtración glomerular estimada (VFGE) vigente,COL32,AI,35,Pueblos Originarios - Hombres,Pueblos Originarios,Hombres,,,,"['Pueblos Originarios', 'Hombres']",76
P4,C,VARIABLES DE SEGUIMIENTO DEL PSCV AL CORTE,P4301010,Con velocidad de filtración glomerular estimada (VFGE) vigente,COL33,AJ,36,Pueblos Originarios - Mujeres,Pueblos Originarios,Mujeres,,,,"['Pueblos Originarios', 'Mujeres']",76
P4,C,VARIABLES DE SEGUIMIENTO DEL PSCV AL CORTE,P4301010,Con velocidad de filtración glomerular estimada (VFGE) vigente,COL34,AK,37,Migrantes - Hombres,Migrantes,Hombres,,,,"['Migrantes', 'Hombres']",76
P4,C,VARIABLES DE SEGUIMIENTO DEL PSCV AL CORTE,P4301010,Con velocidad de filtración glomerular estimada (VFGE) vigente,COL35,AL,38,Migrantes - Mujeres,Migrantes,Mujeres,,,,"['Migrantes', 'Mujeres']",76
P4,C,VARIABLES DE SEGUIMIENTO DEL PSCV AL CORTE,P4301080,Con velocidad de filtración glomerular estimada (VFGE) y con razón albúmina creatinina (RAC) vigente,COL01,D,4,TOTAL - Ambos sexos,TOTAL,Ambos sexos,,,,"['TOTAL', 'Ambos sexos']",77
P4,C,VARIABLES DE SEGUIMIENTO DEL PSCV AL CORTE,P4301080,Con velocidad de filtración glomerular estimada (VFGE) y con razón albúmina creatinina (RAC) vigente,COL02,E,5,TOTAL - Hombres,TOTAL,Hombres,,,,"['TOTAL', 'Hombres']",77
P4,C,VARIABLES DE SEGUIMIENTO DEL PSCV AL CORTE,P4301080,Con velocidad de filtración glomerular estimada (VFGE) y con razón albúmina creatinina (RAC) vigente,COL03,F,6,TOTAL - Mujeres,TOTAL,Mujeres,,,,"['TOTAL', 'Mujeres']",77
P4,C,VARIABLES DE SEGUIMIENTO DEL PSCV AL CORTE,P4301080,Con velocidad de filtración glomerular estimada (VFGE) y con razón albúmina creatinina (RAC) vigente,COL04,G,7,RANGO ETARIO Y SEXO - 15 a 19 años - Hombres,RANGO ETARIO Y SEXO,15 a 19 años,Hombres,,,"['RANGO ETARIO Y SEXO', '15 a 19 años', 'Hombres']",77
P4,C,VARIABLES DE SEGUIMIENTO DEL PSCV AL CORTE,P4301080,Con velocidad de filtración glomerular estimada (VFGE) y con razón albúmina creatinina (RAC) vigente,COL05,H,8,RANGO ETARIO Y SEXO - 15 a 19 años - Mujeres,RANGO ETARIO Y SEXO,15 a 19 años,Mujeres,,,"['RANGO ETARIO Y SEXO', '15 a 19 años', 'Mujeres']",77
P4,C,VARIABLES DE SEGUIMIENTO DEL PSCV AL CORTE,P4301080,Con velocidad de filtración glomerular estimada (VFGE) y con razón albúmina creatinina (RAC) vigente,COL06,I,9,RANGO ETARIO Y SEXO - 20 a 24 años - Hombres,RANGO ETARIO Y SEXO,20 a 24 años,Hombres,,,"['RANGO ETARIO Y SEXO', '20 a 24 años', 'Hombres']",77
P4,C,VARIABLES DE SEGUIMIENTO DEL PSCV AL CORTE,P4301080,Con velocidad de filtración glomerular estimada (VFGE) y con razón albúmina creatinina (RAC) vigente,COL07,J,10,RANGO ETARIO Y SEXO - 20 a 24 años - Mujeres,RANGO ETARIO Y SEXO,20 a 24 años,Mujeres,,,"['RANGO ETARIO Y SEXO', '20 a 24 años', 'Mujeres']",77
P4,C,VARIABLES DE SEGUIMIENTO DEL PSCV AL CORTE,P4301080,Con velocidad de filtración glomerular estimada (VFGE) y con razón albúmina creatinina (RAC) vigente,COL08,K,11,RANGO ETARIO Y SEXO - 25 a 29 años - Hombres,RANGO ETARIO Y SEXO,25 a 29 años,Hombres,,,"['RANGO ETARIO Y SEXO', '25 a 29 años', 'Hombres']",77
P4,C,VARIABLES DE SEGUIMIENTO DEL PSCV AL CORTE,P4301080,Con velocidad de filtración glomerular estimada (VFGE) y con razón albúmina creatinina (RAC) vigente,COL09,L,12,RANGO ETARIO Y SEXO - 25 a 29 años - Mujeres,RANGO ETARIO Y SEXO,25 a 29 años,Mujeres,,,"['RANGO ETARIO Y SEXO', '25 a 29 años', 'Mujeres']",77
P4,C,VARIABLES DE SEGUIMIENTO DEL PSCV AL CORTE,P4301080,Con velocidad de filtración glomerular estimada (VFGE) y con razón albúmina creatinina (RAC) vigente,COL10,M,13,RANGO ETARIO Y SEXO - 30 a 34 años - Hombres,RANGO ETARIO Y SEXO,30 a 34 años,Hombres,,,"['RANGO ETARIO Y SEXO', '30 a 34 años', 'Hombres']",77
P4,C,VARIABLES DE SEGUIMIENTO DEL PSCV AL CORTE,P4301080,Con velocidad de filtración glomerular estimada (VFGE) y con razón albúmina creatinina (RAC) vigente,COL11,N,14,RANGO ETARIO Y SEXO - 30 a 34 años - Mujeres,RANGO ETARIO Y SEXO,30 a 34 años,Mujeres,,,"['RANGO ETARIO Y SEXO', '30 a 34 años', 'Mujeres']",77
P4,C,VARIABLES DE SEGUIMIENTO DEL PSCV AL CORTE,P4301080,Con velocidad de filtración glomerular estimada (VFGE) y con razón albúmina creatinina (RAC) vigente,COL12,O,15,RANGO ETARIO Y SEXO - 35 a 39 años - Hombres,RANGO ETARIO Y SEXO,35 a 39 años,Hombres,,,"['RANGO ETARIO Y SEXO', '35 a 39 años', 'Hombres']",77
P4,C,VARIABLES DE SEGUIMIENTO DEL PSCV AL CORTE,P4301080,Con velocidad de filtración glomerular estimada (VFGE) y con razón albúmina creatinina (RAC) vigente,COL13,P,16,RANGO ETARIO Y SEXO - 35 a 39 años - Mujeres,RANGO ETARIO Y SEXO,35 a 39 años,Mujeres,,,"['RANGO ETARIO Y SEXO', '35 a 39 años', 'Mujeres']",77
P4,C,VARIABLES DE SEGUIMIENTO DEL PSCV AL CORTE,P4301080,Con velocidad de filtración glomerular estimada (VFGE) y con razón albúmina creatinina (RAC) vigente,COL14,Q,17,RANGO ETARIO Y SEXO - 40 a 44 años - Hombres,RANGO ETARIO Y SEXO,40 a 44 años,Hombres,,,"['RANGO ETARIO Y SEXO', '40 a 44 años', 'Hombres']",77
P4,C,VARIABLES DE SEGUIMIENTO DEL PSCV AL CORTE,P4301080,Con velocidad de filtración glomerular estimada (VFGE) y con razón albúmina creatinina (RAC) vigente,COL15,R,18,RANGO ETARIO Y SEXO - 40 a 44 años - Mujeres,RANGO ETARIO Y SEXO,40 a 44 años,Mujeres,,,"['RANGO ETARIO Y SEXO', '40 a 44 años', 'Mujeres']",77
P4,C,VARIABLES DE SEGUIMIENTO DEL PSCV AL CORTE,P4301080,Con velocidad de filtración glomerular estimada (VFGE) y con razón albúmina creatinina (RAC) vigente,COL16,S,19,RANGO ETARIO Y SEXO - 45 a 49 años - Hombres,RANGO ETARIO Y SEXO,45 a 49 años,Hombres,,,"['RANGO ETARIO Y SEXO', '45 a 49 años', 'Hombres']",77
P4,C,VARIABLES DE SEGUIMIENTO DEL PSCV AL CORTE,P4301080,Con velocidad de filtración glomerular estimada (VFGE) y con razón albúmina creatinina (RAC) vigente,COL17,T,20,RANGO ETARIO Y SEXO - 45 a 49 años - Mujeres,RANGO ETARIO Y SEXO,45 a 49 años,Mujeres,,,"['RANGO ETARIO Y SEXO', '45 a 49 años', 'Mujeres']",77
P4,C,VARIABLES DE SEGUIMIENTO DEL PSCV AL CORTE,P4301080,Con velocidad de filtración glomerular estimada (VFGE) y con razón albúmina creatinina (RAC) vigente,COL18,U,21,RANGO ETARIO Y SEXO - 50 a 54 años - Hombres,RANGO ETARIO Y SEXO,50 a 54 años,Hombres,,,"['RANGO ETARIO Y SEXO', '50 a 54 años', 'Hombres']",77
P4,C,VARIABLES DE SEGUIMIENTO DEL PSCV AL CORTE,P4301080,Con velocidad de filtración glomerular estimada (VFGE) y con razón albúmina creatinina (RAC) vigente,COL19,V,22,RANGO ETARIO Y SEXO - 50 a 54 años - Mujeres,RANGO ETARIO Y SEXO,50 a 54 años,Mujeres,,,"['RANGO ETARIO Y SEXO', '50 a 54 años', 'Mujeres']",77
P4,C,VARIABLES DE SEGUIMIENTO DEL PSCV AL CORTE,P4301080,Con velocidad de filtración glomerular estimada (VFGE) y con razón albúmina creatinina (RAC) vigente,COL20,W,23,RANGO ETARIO Y SEXO - 55 a 59 años - Hombres,RANGO ETARIO Y SEXO,55 a 59 años,Hombres,,,"['RANGO ETARIO Y SEXO', '55 a 59 años', 'Hombres']",77
P4,C,VARIABLES DE SEGUIMIENTO DEL PSCV AL CORTE,P4301080,Con velocidad de filtración glomerular estimada (VFGE) y con razón albúmina creatinina (RAC) vigente,COL21,X,24,RANGO ETARIO Y SEXO - 55 a 59 años - Mujeres,RANGO ETARIO Y SEXO,55 a 59 años,Mujeres,,,"['RANGO ETARIO Y SEXO', '55 a 59 años', 'Mujeres']",77
P4,C,VARIABLES DE SEGUIMIENTO DEL PSCV AL CORTE,P4301080,Con velocidad de filtración glomerular estimada (VFGE) y con razón albúmina creatinina (RAC) vigente,COL22,Y,25,RANGO ETARIO Y SEXO - 60 a 64 años - Hombres,RANGO ETARIO Y SEXO,60 a 64 años,Hombres,,,"['RANGO ETARIO Y SEXO', '60 a 64 años', 'Hombres']",77
P4,C,VARIABLES DE SEGUIMIENTO DEL PSCV AL CORTE,P4301080,Con velocidad de filtración glomerular estimada (VFGE) y con razón albúmina creatinina (RAC) vigente,COL23,Z,26,RANGO ETARIO Y SEXO - 60 a 64 años - Mujeres,RANGO ETARIO Y SEXO,60 a 64 años,Mujeres,,,"['RANGO ETARIO Y SEXO', '60 a 64 años', 'Mujeres']",77
P4,C,VARIABLES DE SEGUIMIENTO DEL PSCV AL CORTE,P4301080,Con velocidad de filtración glomerular estimada (VFGE) y con razón albúmina creatinina (RAC) vigente,COL24,AA,27,RANGO ETARIO Y SEXO - 65 a 69 años - Hombres,RANGO ETARIO Y SEXO,65 a 69 años,Hombres,,,"['RANGO ETARIO Y SEXO', '65 a 69 años', 'Hombres']",77
P4,C,VARIABLES DE SEGUIMIENTO DEL PSCV AL CORTE,P4301080,Con velocidad de filtración glomerular estimada (VFGE) y con razón albúmina creatinina (RAC) vigente,COL25,AB,28,RANGO ETARIO Y SEXO - 65 a 69 años - Mujeres,RANGO ETARIO Y SEXO,65 a 69 años,Mujeres,,,"['RANGO ETARIO Y SEXO', '65 a 69 años', 'Mujeres']",77
P4,C,VARIABLES DE SEGUIMIENTO DEL PSCV AL CORTE,P4301080,Con velocidad de filtración glomerular estimada (VFGE) y con razón albúmina creatinina (RAC) vigente,COL26,AC,29,RANGO ETARIO Y SEXO - 70 a 74 años - Hombres,RANGO ETARIO Y SEXO,70 a 74 años,Hombres,,,"['RANGO ETARIO Y SEXO', '70 a 74 años', 'Hombres']",77
P4,C,VARIABLES DE SEGUIMIENTO DEL PSCV AL CORTE,P4301080,Con velocidad de filtración glomerular estimada (VFGE) y con razón albúmina creatinina (RAC) vigente,COL27,AD,30,RANGO ETARIO Y SEXO - 70 a 74 años - Mujeres,RANGO ETARIO Y SEXO,70 a 74 años,Mujeres,,,"['RANGO ETARIO Y SEXO', '70 a 74 años', 'Mujeres']",77
P4,C,VARIABLES DE SEGUIMIENTO DEL PSCV AL CORTE,P4301080,Con velocidad de filtración glomerular estimada (VFGE) y con razón albúmina creatinina (RAC) vigente,COL28,AE,31,RANGO ETARIO Y SEXO - 75 a 79 años - Hombres,RANGO ETARIO Y SEXO,75 a 79 años,Hombres,,,"['RANGO ETARIO Y SEXO', '75 a 79 años', 'Hombres']",77
P4,C,VARIABLES DE SEGUIMIENTO DEL PSCV AL CORTE,P4301080,Con velocidad de filtración glomerular estimada (VFGE) y con razón albúmina creatinina (RAC) vigente,COL29,AF,32,RANGO ETARIO Y SEXO - 75 a 79 años - Mujeres,RANGO ETARIO Y SEXO,75 a 79 años,Mujeres,,,"['RANGO ETARIO Y SEXO', '75 a 79 años', 'Mujeres']",77
P4,C,VARIABLES DE SEGUIMIENTO DEL PSCV AL CORTE,P4301080,Con velocidad de filtración glomerular estimada (VFGE) y con razón albúmina creatinina (RAC) vigente,COL30,AG,33,RANGO ETARIO Y SEXO - 80 y más años - Hombres,RANGO ETARIO Y SEXO,80 y más años,Hombres,,,"['RANGO ETARIO Y SEXO', '80 y más años', 'Hombres']",77
P4,C,VARIABLES DE SEGUIMIENTO DEL PSCV AL CORTE,P4301080,Con velocidad de filtración glomerular estimada (VFGE) y con razón albúmina creatinina (RAC) vigente,COL31,AH,34,RANGO ETARIO Y SEXO - 80 y más años - Mujeres,RANGO ETARIO Y SEXO,80 y más años,Mujeres,,,"['RANGO ETARIO Y SEXO', '80 y más años', 'Mujeres']",77
P4,C,VARIABLES DE SEGUIMIENTO DEL PSCV AL CORTE,P4301080,Con velocidad de filtración glomerular estimada (VFGE) y con razón albúmina creatinina (RAC) vigente,COL32,AI,35,Pueblos Originarios - Hombres,Pueblos Originarios,Hombres,,,,"['Pueblos Originarios', 'Hombres']",77
P4,C,VARIABLES DE SEGUIMIENTO DEL PSCV AL CORTE,P4301080,Con velocidad de filtración glomerular estimada (VFGE) y con razón albúmina creatinina (RAC) vigente,COL33,AJ,36,Pueblos Originarios - Mujeres,Pueblos Originarios,Mujeres,,,,"['Pueblos Originarios', 'Mujeres']",77
P4,C,VARIABLES DE SEGUIMIENTO DEL PSCV AL CORTE,P4301080,Con velocidad de filtración glomerular estimada (VFGE) y con razón albúmina creatinina (RAC) vigente,COL34,AK,37,Migrantes - Hombres,Migrantes,Hombres,,,,"['Migrantes', 'Hombres']",77
P4,C,VARIABLES DE SEGUIMIENTO DEL PSCV AL CORTE,P4301080,Con velocidad de filtración glomerular estimada (VFGE) y con razón albúmina creatinina (RAC) vigente,COL35,AL,38,Migrantes - Mujeres,Migrantes,Mujeres,,,,"['Migrantes', 'Mujeres']",77
P4,C,VARIABLES DE SEGUIMIENTO DEL PSCV AL CORTE,P4200400,Con presión arterial igual o mayor 160/100 MMHG,COL01,D,4,TOTAL - Ambos sexos,TOTAL,Ambos sexos,,,,"['TOTAL', 'Ambos sexos']",78
P4,C,VARIABLES DE SEGUIMIENTO DEL PSCV AL CORTE,P4200400,Con presión arterial igual o mayor 160/100 MMHG,COL02,E,5,TOTAL - Hombres,TOTAL,Hombres,,,,"['TOTAL', 'Hombres']",78
P4,C,VARIABLES DE SEGUIMIENTO DEL PSCV AL CORTE,P4200400,Con presión arterial igual o mayor 160/100 MMHG,COL03,F,6,TOTAL - Mujeres,TOTAL,Mujeres,,,,"['TOTAL', 'Mujeres']",78
P4,C,VARIABLES DE SEGUIMIENTO DEL PSCV AL CORTE,P4200400,Con presión arterial igual o mayor 160/100 MMHG,COL04,G,7,RANGO ETARIO Y SEXO - 15 a 19 años - Hombres,RANGO ETARIO Y SEXO,15 a 19 años,Hombres,,,"['RANGO ETARIO Y SEXO', '15 a 19 años', 'Hombres']",78
P4,C,VARIABLES DE SEGUIMIENTO DEL PSCV AL CORTE,P4200400,Con presión arterial igual o mayor 160/100 MMHG,COL05,H,8,RANGO ETARIO Y SEXO - 15 a 19 años - Mujeres,RANGO ETARIO Y SEXO,15 a 19 años,Mujeres,,,"['RANGO ETARIO Y SEXO', '15 a 19 años', 'Mujeres']",78
P4,C,VARIABLES DE SEGUIMIENTO DEL PSCV AL CORTE,P4200400,Con presión arterial igual o mayor 160/100 MMHG,COL06,I,9,RANGO ETARIO Y SEXO - 20 a 24 años - Hombres,RANGO ETARIO Y SEXO,20 a 24 años,Hombres,,,"['RANGO ETARIO Y SEXO', '20 a 24 años', 'Hombres']",78
P4,C,VARIABLES DE SEGUIMIENTO DEL PSCV AL CORTE,P4200400,Con presión arterial igual o mayor 160/100 MMHG,COL07,J,10,RANGO ETARIO Y SEXO - 20 a 24 años - Mujeres,RANGO ETARIO Y SEXO,20 a 24 años,Mujeres,,,"['RANGO ETARIO Y SEXO', '20 a 24 años', 'Mujeres']",78
P4,C,VARIABLES DE SEGUIMIENTO DEL PSCV AL CORTE,P4200400,Con presión arterial igual o mayor 160/100 MMHG,COL08,K,11,RANGO ETARIO Y SEXO - 25 a 29 años - Hombres,RANGO ETARIO Y SEXO,25 a 29 años,Hombres,,,"['RANGO ETARIO Y SEXO', '25 a 29 años', 'Hombres']",78
P4,C,VARIABLES DE SEGUIMIENTO DEL PSCV AL CORTE,P4200400,Con presión arterial igual o mayor 160/100 MMHG,COL09,L,12,RANGO ETARIO Y SEXO - 25 a 29 años - Mujeres,RANGO ETARIO Y SEXO,25 a 29 años,Mujeres,,,"['RANGO ETARIO Y SEXO', '25 a 29 años', 'Mujeres']",78
P4,C,VARIABLES DE SEGUIMIENTO DEL PSCV AL CORTE,P4200400,Con presión arterial igual o mayor 160/100 MMHG,COL10,M,13,RANGO ETARIO Y SEXO - 30 a 34 años - Hombres,RANGO ETARIO Y SEXO,30 a 34 años,Hombres,,,"['RANGO ETARIO Y SEXO', '30 a 34 años', 'Hombres']",78
P4,C,VARIABLES DE SEGUIMIENTO DEL PSCV AL CORTE,P4200400,Con presión arterial igual o mayor 160/100 MMHG,COL11,N,14,RANGO ETARIO Y SEXO - 30 a 34 años - Mujeres,RANGO ETARIO Y SEXO,30 a 34 años,Mujeres,,,"['RANGO ETARIO Y SEXO', '30 a 34 años', 'Mujeres']",78
P4,C,VARIABLES DE SEGUIMIENTO DEL PSCV AL CORTE,P4200400,Con presión arterial igual o mayor 160/100 MMHG,COL12,O,15,RANGO ETARIO Y SEXO - 35 a 39 años - Hombres,RANGO ETARIO Y SEXO,35 a 39 años,Hombres,,,"['RANGO ETARIO Y SEXO', '35 a 39 años', 'Hombres']",78
P4,C,VARIABLES DE SEGUIMIENTO DEL PSCV AL CORTE,P4200400,Con presión arterial igual o mayor 160/100 MMHG,COL13,P,16,RANGO ETARIO Y SEXO - 35 a 39 años - Mujeres,RANGO ETARIO Y SEXO,35 a 39 años,Mujeres,,,"['RANGO ETARIO Y SEXO', '35 a 39 años', 'Mujeres']",78
P4,C,VARIABLES DE SEGUIMIENTO DEL PSCV AL CORTE,P4200400,Con presión arterial igual o mayor 160/100 MMHG,COL14,Q,17,RANGO ETARIO Y SEXO - 40 a 44 años - Hombres,RANGO ETARIO Y SEXO,40 a 44 años,Hombres,,,"['RANGO ETARIO Y SEXO', '40 a 44 años', 'Hombres']",78
P4,C,VARIABLES DE SEGUIMIENTO DEL PSCV AL CORTE,P4200400,Con presión arterial igual o mayor 160/100 MMHG,COL15,R,18,RANGO ETARIO Y SEXO - 40 a 44 años - Mujeres,RANGO ETARIO Y SEXO,40 a 44 años,Mujeres,,,"['RANGO ETARIO Y SEXO', '40 a 44 años', 'Mujeres']",78
P4,C,VARIABLES DE SEGUIMIENTO DEL PSCV AL CORTE,P4200400,Con presión arterial igual o mayor 160/100 MMHG,COL16,S,19,RANGO ETARIO Y SEXO - 45 a 49 años - Hombres,RANGO ETARIO Y SEXO,45 a 49 años,Hombres,,,"['RANGO ETARIO Y SEXO', '45 a 49 años', 'Hombres']",78
P4,C,VARIABLES DE SEGUIMIENTO DEL PSCV AL CORTE,P4200400,Con presión arterial igual o mayor 160/100 MMHG,COL17,T,20,RANGO ETARIO Y SEXO - 45 a 49 años - Mujeres,RANGO ETARIO Y SEXO,45 a 49 años,Mujeres,,,"['RANGO ETARIO Y SEXO', '45 a 49 años', 'Mujeres']",78
P4,C,VARIABLES DE SEGUIMIENTO DEL PSCV AL CORTE,P4200400,Con presión arterial igual o mayor 160/100 MMHG,COL18,U,21,RANGO ETARIO Y SEXO - 50 a 54 años - Hombres,RANGO ETARIO Y SEXO,50 a 54 años,Hombres,,,"['RANGO ETARIO Y SEXO', '50 a 54 años', 'Hombres']",78
P4,C,VARIABLES DE SEGUIMIENTO DEL PSCV AL CORTE,P4200400,Con presión arterial igual o mayor 160/100 MMHG,COL19,V,22,RANGO ETARIO Y SEXO - 50 a 54 años - Mujeres,RANGO ETARIO Y SEXO,50 a 54 años,Mujeres,,,"['RANGO ETARIO Y SEXO', '50 a 54 años', 'Mujeres']",78
P4,C,VARIABLES DE SEGUIMIENTO DEL PSCV AL CORTE,P4200400,Con presión arterial igual o mayor 160/100 MMHG,COL20,W,23,RANGO ETARIO Y SEXO - 55 a 59 años - Hombres,RANGO ETARIO Y SEXO,55 a 59 años,Hombres,,,"['RANGO ETARIO Y SEXO', '55 a 59 años', 'Hombres']",78
P4,C,VARIABLES DE SEGUIMIENTO DEL PSCV AL CORTE,P4200400,Con presión arterial igual o mayor 160/100 MMHG,COL21,X,24,RANGO ETARIO Y SEXO - 55 a 59 años - Mujeres,RANGO ETARIO Y SEXO,55 a 59 años,Mujeres,,,"['RANGO ETARIO Y SEXO', '55 a 59 años', 'Mujeres']",78
P4,C,VARIABLES DE SEGUIMIENTO DEL PSCV AL CORTE,P4200400,Con presión arterial igual o mayor 160/100 MMHG,COL22,Y,25,RANGO ETARIO Y SEXO - 60 a 64 años - Hombres,RANGO ETARIO Y SEXO,60 a 64 años,Hombres,,,"['RANGO ETARIO Y SEXO', '60 a 64 años', 'Hombres']",78
P4,C,VARIABLES DE SEGUIMIENTO DEL PSCV AL CORTE,P4200400,Con presión arterial igual o mayor 160/100 MMHG,COL23,Z,26,RANGO ETARIO Y SEXO - 60 a 64 años - Mujeres,RANGO ETARIO Y SEXO,60 a 64 años,Mujeres,,,"['RANGO ETARIO Y SEXO', '60 a 64 años', 'Mujeres']",78
P4,C,VARIABLES DE SEGUIMIENTO DEL PSCV AL CORTE,P4200400,Con presión arterial igual o mayor 160/100 MMHG,COL24,AA,27,RANGO ETARIO Y SEXO - 65 a 69 años - Hombres,RANGO ETARIO Y SEXO,65 a 69 años,Hombres,,,"['RANGO ETARIO Y SEXO', '65 a 69 años', 'Hombres']",78
P4,C,VARIABLES DE SEGUIMIENTO DEL PSCV AL CORTE,P4200400,Con presión arterial igual o mayor 160/100 MMHG,COL25,AB,28,RANGO ETARIO Y SEXO - 65 a 69 años - Mujeres,RANGO ETARIO Y SEXO,65 a 69 años,Mujeres,,,"['RANGO ETARIO Y SEXO', '65 a 69 años', 'Mujeres']",78
P4,C,VARIABLES DE SEGUIMIENTO DEL PSCV AL CORTE,P4200400,Con presión arterial igual o mayor 160/100 MMHG,COL26,AC,29,RANGO ETARIO Y SEXO - 70 a 74 años - Hombres,RANGO ETARIO Y SEXO,70 a 74 años,Hombres,,,"['RANGO ETARIO Y SEXO', '70 a 74 años', 'Hombres']",78
P4,C,VARIABLES DE SEGUIMIENTO DEL PSCV AL CORTE,P4200400,Con presión arterial igual o mayor 160/100 MMHG,COL27,AD,30,RANGO ETARIO Y SEXO - 70 a 74 años - Mujeres,RANGO ETARIO Y SEXO,70 a 74 años,Mujeres,,,"['RANGO ETARIO Y SEXO', '70 a 74 años', 'Mujeres']",78
P4,C,VARIABLES DE SEGUIMIENTO DEL PSCV AL CORTE,P4200400,Con presión arterial igual o mayor 160/100 MMHG,COL28,AE,31,RANGO ETARIO Y SEXO - 75 a 79 años - Hombres,RANGO ETARIO Y SEXO,75 a 79 años,Hombres,,,"['RANGO ETARIO Y SEXO', '75 a 79 años', 'Hombres']",78
P4,C,VARIABLES DE SEGUIMIENTO DEL PSCV AL CORTE,P4200400,Con presión arterial igual o mayor 160/100 MMHG,COL29,AF,32,RANGO ETARIO Y SEXO - 75 a 79 años - Mujeres,RANGO ETARIO Y SEXO,75 a 79 años,Mujeres,,,"['RANGO ETARIO Y SEXO', '75 a 79 años', 'Mujeres']",78
P4,C,VARIABLES DE SEGUIMIENTO DEL PSCV AL CORTE,P4200400,Con presión arterial igual o mayor 160/100 MMHG,COL30,AG,33,RANGO ETARIO Y SEXO - 80 y más años - Hombres,RANGO ETARIO Y SEXO,80 y más años,Hombres,,,"['RANGO ETARIO Y SEXO', '80 y más años', 'Hombres']",78
P4,C,VARIABLES DE SEGUIMIENTO DEL PSCV AL CORTE,P4200400,Con presión arterial igual o mayor 160/100 MMHG,COL31,AH,34,RANGO ETARIO Y SEXO - 80 y más años - Mujeres,RANGO ETARIO Y SEXO,80 y más años,Mujeres,,,"['RANGO ETARIO Y SEXO', '80 y más años', 'Mujeres']",78
P4,C,VARIABLES DE SEGUIMIENTO DEL PSCV AL CORTE,P4200400,Con presión arterial igual o mayor 160/100 MMHG,COL32,AI,35,Pueblos Originarios - Hombres,Pueblos Originarios,Hombres,,,,"['Pueblos Originarios', 'Hombres']",78
P4,C,VARIABLES DE SEGUIMIENTO DEL PSCV AL CORTE,P4200400,Con presión arterial igual o mayor 160/100 MMHG,COL33,AJ,36,Pueblos Originarios - Mujeres,Pueblos Originarios,Mujeres,,,,"['Pueblos Originarios', 'Mujeres']",78
P4,C,VARIABLES DE SEGUIMIENTO DEL PSCV AL CORTE,P4200400,Con presión arterial igual o mayor 160/100 MMHG,COL34,AK,37,Migrantes - Hombres,Migrantes,Hombres,,,,"['Migrantes', 'Hombres']",78
P4,C,VARIABLES DE SEGUIMIENTO DEL PSCV AL CORTE,P4200400,Con presión arterial igual o mayor 160/100 MMHG,COL35,AL,38,Migrantes - Mujeres,Migrantes,Mujeres,,,,"['Migrantes', 'Mujeres']",78
P4,C,VARIABLES DE SEGUIMIENTO DEL PSCV AL CORTE,P4401020,Con diagnóstico de enfermedad renal crónica,COL01,D,4,TOTAL - Ambos sexos,TOTAL,Ambos sexos,,,,"['TOTAL', 'Ambos sexos']",79
P4,C,VARIABLES DE SEGUIMIENTO DEL PSCV AL CORTE,P4401020,Con diagnóstico de enfermedad renal crónica,COL02,E,5,TOTAL - Hombres,TOTAL,Hombres,,,,"['TOTAL', 'Hombres']",79
P4,C,VARIABLES DE SEGUIMIENTO DEL PSCV AL CORTE,P4401020,Con diagnóstico de enfermedad renal crónica,COL03,F,6,TOTAL - Mujeres,TOTAL,Mujeres,,,,"['TOTAL', 'Mujeres']",79
P4,C,VARIABLES DE SEGUIMIENTO DEL PSCV AL CORTE,P4401020,Con diagnóstico de enfermedad renal crónica,COL04,G,7,RANGO ETARIO Y SEXO - 15 a 19 años - Hombres,RANGO ETARIO Y SEXO,15 a 19 años,Hombres,,,"['RANGO ETARIO Y SEXO', '15 a 19 años', 'Hombres']",79
P4,C,VARIABLES DE SEGUIMIENTO DEL PSCV AL CORTE,P4401020,Con diagnóstico de enfermedad renal crónica,COL05,H,8,RANGO ETARIO Y SEXO - 15 a 19 años - Mujeres,RANGO ETARIO Y SEXO,15 a 19 años,Mujeres,,,"['RANGO ETARIO Y SEXO', '15 a 19 años', 'Mujeres']",79
P4,C,VARIABLES DE SEGUIMIENTO DEL PSCV AL CORTE,P4401020,Con diagnóstico de enfermedad renal crónica,COL06,I,9,RANGO ETARIO Y SEXO - 20 a 24 años - Hombres,RANGO ETARIO Y SEXO,20 a 24 años,Hombres,,,"['RANGO ETARIO Y SEXO', '20 a 24 años', 'Hombres']",79
P4,C,VARIABLES DE SEGUIMIENTO DEL PSCV AL CORTE,P4401020,Con diagnóstico de enfermedad renal crónica,COL07,J,10,RANGO ETARIO Y SEXO - 20 a 24 años - Mujeres,RANGO ETARIO Y SEXO,20 a 24 años,Mujeres,,,"['RANGO ETARIO Y SEXO', '20 a 24 años', 'Mujeres']",79
P4,C,VARIABLES DE SEGUIMIENTO DEL PSCV AL CORTE,P4401020,Con diagnóstico de enfermedad renal crónica,COL08,K,11,RANGO ETARIO Y SEXO - 25 a 29 años - Hombres,RANGO ETARIO Y SEXO,25 a 29 años,Hombres,,,"['RANGO ETARIO Y SEXO', '25 a 29 años', 'Hombres']",79
P4,C,VARIABLES DE SEGUIMIENTO DEL PSCV AL CORTE,P4401020,Con diagnóstico de enfermedad renal crónica,COL09,L,12,RANGO ETARIO Y SEXO - 25 a 29 años - Mujeres,RANGO ETARIO Y SEXO,25 a 29 años,Mujeres,,,"['RANGO ETARIO Y SEXO', '25 a 29 años', 'Mujeres']",79
P4,C,VARIABLES DE SEGUIMIENTO DEL PSCV AL CORTE,P4401020,Con diagnóstico de enfermedad renal crónica,COL10,M,13,RANGO ETARIO Y SEXO - 30 a 34 años - Hombres,RANGO ETARIO Y SEXO,30 a 34 años,Hombres,,,"['RANGO ETARIO Y SEXO', '30 a 34 años', 'Hombres']",79
P4,C,VARIABLES DE SEGUIMIENTO DEL PSCV AL CORTE,P4401020,Con diagnóstico de enfermedad renal crónica,COL11,N,14,RANGO ETARIO Y SEXO - 30 a 34 años - Mujeres,RANGO ETARIO Y SEXO,30 a 34 años,Mujeres,,,"['RANGO ETARIO Y SEXO', '30 a 34 años', 'Mujeres']",79
P4,C,VARIABLES DE SEGUIMIENTO DEL PSCV AL CORTE,P4401020,Con diagnóstico de enfermedad renal crónica,COL12,O,15,RANGO ETARIO Y SEXO - 35 a 39 años - Hombres,RANGO ETARIO Y SEXO,35 a 39 años,Hombres,,,"['RANGO ETARIO Y SEXO', '35 a 39 años', 'Hombres']",79
P4,C,VARIABLES DE SEGUIMIENTO DEL PSCV AL CORTE,P4401020,Con diagnóstico de enfermedad renal crónica,COL13,P,16,RANGO ETARIO Y SEXO - 35 a 39 años - Mujeres,RANGO ETARIO Y SEXO,35 a 39 años,Mujeres,,,"['RANGO ETARIO Y SEXO', '35 a 39 años', 'Mujeres']",79
P4,C,VARIABLES DE SEGUIMIENTO DEL PSCV AL CORTE,P4401020,Con diagnóstico de enfermedad renal crónica,COL14,Q,17,RANGO ETARIO Y SEXO - 40 a 44 años - Hombres,RANGO ETARIO Y SEXO,40 a 44 años,Hombres,,,"['RANGO ETARIO Y SEXO', '40 a 44 años', 'Hombres']",79
P4,C,VARIABLES DE SEGUIMIENTO DEL PSCV AL CORTE,P4401020,Con diagnóstico de enfermedad renal crónica,COL15,R,18,RANGO ETARIO Y SEXO - 40 a 44 años - Mujeres,RANGO ETARIO Y SEXO,40 a 44 años,Mujeres,,,"['RANGO ETARIO Y SEXO', '40 a 44 años', 'Mujeres']",79
P4,C,VARIABLES DE SEGUIMIENTO DEL PSCV AL CORTE,P4401020,Con diagnóstico de enfermedad renal crónica,COL16,S,19,RANGO ETARIO Y SEXO - 45 a 49 años - Hombres,RANGO ETARIO Y SEXO,45 a 49 años,Hombres,,,"['RANGO ETARIO Y SEXO', '45 a 49 años', 'Hombres']",79
P4,C,VARIABLES DE SEGUIMIENTO DEL PSCV AL CORTE,P4401020,Con diagnóstico de enfermedad renal crónica,COL17,T,20,RANGO ETARIO Y SEXO - 45 a 49 años - Mujeres,RANGO ETARIO Y SEXO,45 a 49 años,Mujeres,,,"['RANGO ETARIO Y SEXO', '45 a 49 años', 'Mujeres']",79
P4,C,VARIABLES DE SEGUIMIENTO DEL PSCV AL CORTE,P4401020,Con diagnóstico de enfermedad renal crónica,COL18,U,21,RANGO ETARIO Y SEXO - 50 a 54 años - Hombres,RANGO ETARIO Y SEXO,50 a 54 años,Hombres,,,"['RANGO ETARIO Y SEXO', '50 a 54 años', 'Hombres']",79
P4,C,VARIABLES DE SEGUIMIENTO DEL PSCV AL CORTE,P4401020,Con diagnóstico de enfermedad renal crónica,COL19,V,22,RANGO ETARIO Y SEXO - 50 a 54 años - Mujeres,RANGO ETARIO Y SEXO,50 a 54 años,Mujeres,,,"['RANGO ETARIO Y SEXO', '50 a 54 años', 'Mujeres']",79
P4,C,VARIABLES DE SEGUIMIENTO DEL PSCV AL CORTE,P4401020,Con diagnóstico de enfermedad renal crónica,COL20,W,23,RANGO ETARIO Y SEXO - 55 a 59 años - Hombres,RANGO ETARIO Y SEXO,55 a 59 años,Hombres,,,"['RANGO ETARIO Y SEXO', '55 a 59 años', 'Hombres']",79
P4,C,VARIABLES DE SEGUIMIENTO DEL PSCV AL CORTE,P4401020,Con diagnóstico de enfermedad renal crónica,COL21,X,24,RANGO ETARIO Y SEXO - 55 a 59 años - Mujeres,RANGO ETARIO Y SEXO,55 a 59 años,Mujeres,,,"['RANGO ETARIO Y SEXO', '55 a 59 años', 'Mujeres']",79
P4,C,VARIABLES DE SEGUIMIENTO DEL PSCV AL CORTE,P4401020,Con diagnóstico de enfermedad renal crónica,COL22,Y,25,RANGO ETARIO Y SEXO - 60 a 64 años - Hombres,RANGO ETARIO Y SEXO,60 a 64 años,Hombres,,,"['RANGO ETARIO Y SEXO', '60 a 64 años', 'Hombres']",79
P4,C,VARIABLES DE SEGUIMIENTO DEL PSCV AL CORTE,P4401020,Con diagnóstico de enfermedad renal crónica,COL23,Z,26,RANGO ETARIO Y SEXO - 60 a 64 años - Mujeres,RANGO ETARIO Y SEXO,60 a 64 años,Mujeres,,,"['RANGO ETARIO Y SEXO', '60 a 64 años', 'Mujeres']",79
P4,C,VARIABLES DE SEGUIMIENTO DEL PSCV AL CORTE,P4401020,Con diagnóstico de enfermedad renal crónica,COL24,AA,27,RANGO ETARIO Y SEXO - 65 a 69 años - Hombres,RANGO ETARIO Y SEXO,65 a 69 años,Hombres,,,"['RANGO ETARIO Y SEXO', '65 a 69 años', 'Hombres']",79
P4,C,VARIABLES DE SEGUIMIENTO DEL PSCV AL CORTE,P4401020,Con diagnóstico de enfermedad renal crónica,COL25,AB,28,RANGO ETARIO Y SEXO - 65 a 69 años - Mujeres,RANGO ETARIO Y SEXO,65 a 69 años,Mujeres,,,"['RANGO ETARIO Y SEXO', '65 a 69 años', 'Mujeres']",79
P4,C,VARIABLES DE SEGUIMIENTO DEL PSCV AL CORTE,P4401020,Con diagnóstico de enfermedad renal crónica,COL26,AC,29,RANGO ETARIO Y SEXO - 70 a 74 años - Hombres,RANGO ETARIO Y SEXO,70 a 74 años,Hombres,,,"['RANGO ETARIO Y SEXO', '70 a 74 años', 'Hombres']",79
P4,C,VARIABLES DE SEGUIMIENTO DEL PSCV AL CORTE,P4401020,Con diagnóstico de enfermedad renal crónica,COL27,AD,30,RANGO ETARIO Y SEXO - 70 a 74 años - Mujeres,RANGO ETARIO Y SEXO,70 a 74 años,Mujeres,,,"['RANGO ETARIO Y SEXO', '70 a 74 años', 'Mujeres']",79
P4,C,VARIABLES DE SEGUIMIENTO DEL PSCV AL CORTE,P4401020,Con diagnóstico de enfermedad renal crónica,COL28,AE,31,RANGO ETARIO Y SEXO - 75 a 79 años - Hombres,RANGO ETARIO Y SEXO,75 a 79 años,Hombres,,,"['RANGO ETARIO Y SEXO', '75 a 79 años', 'Hombres']",79
P4,C,VARIABLES DE SEGUIMIENTO DEL PSCV AL CORTE,P4401020,Con diagnóstico de enfermedad renal crónica,COL29,AF,32,RANGO ETARIO Y SEXO - 75 a 79 años - Mujeres,RANGO ETARIO Y SEXO,75 a 79 años,Mujeres,,,"['RANGO ETARIO Y SEXO', '75 a 79 años', 'Mujeres']",79
P4,C,VARIABLES DE SEGUIMIENTO DEL PSCV AL CORTE,P4401020,Con diagnóstico de enfermedad renal crónica,COL30,AG,33,RANGO ETARIO Y SEXO - 80 y más años - Hombres,RANGO ETARIO Y SEXO,80 y más años,Hombres,,,"['RANGO ETARIO Y SEXO', '80 y más años', 'Hombres']",79
P4,C,VARIABLES DE SEGUIMIENTO DEL PSCV AL CORTE,P4401020,Con diagnóstico de enfermedad renal crónica,COL31,AH,34,RANGO ETARIO Y SEXO - 80 y más años - Mujeres,RANGO ETARIO Y SEXO,80 y más años,Mujeres,,,"['RANGO ETARIO Y SEXO', '80 y más años', 'Mujeres']",79
P4,C,VARIABLES DE SEGUIMIENTO DEL PSCV AL CORTE,P4401020,Con diagnóstico de enfermedad renal crónica,COL32,AI,35,Pueblos Originarios - Hombres,Pueblos Originarios,Hombres,,,,"['Pueblos Originarios', 'Hombres']",79
P4,C,VARIABLES DE SEGUIMIENTO DEL PSCV AL CORTE,P4401020,Con diagnóstico de enfermedad renal crónica,COL33,AJ,36,Pueblos Originarios - Mujeres,Pueblos Originarios,Mujeres,,,,"['Pueblos Originarios', 'Mujeres']",79
P4,C,VARIABLES DE SEGUIMIENTO DEL PSCV AL CORTE,P4401020,Con diagnóstico de enfermedad renal crónica,COL34,AK,37,Migrantes - Hombres,Migrantes,Hombres,,,,"['Migrantes', 'Hombres']",79
P4,C,VARIABLES DE SEGUIMIENTO DEL PSCV AL CORTE,P4401020,Con diagnóstico de enfermedad renal crónica,COL35,AL,38,Migrantes - Mujeres,Migrantes,Mujeres,,,,"['Migrantes', 'Mujeres']",79
P4,C,VARIABLES DE SEGUIMIENTO DEL PSCV AL CORTE,P4302103,Protocolo Hearts,COL01,D,4,TOTAL - Ambos sexos,TOTAL,Ambos sexos,,,,"['TOTAL', 'Ambos sexos']",80
P4,C,VARIABLES DE SEGUIMIENTO DEL PSCV AL CORTE,P4302103,Protocolo Hearts,COL02,E,5,TOTAL - Hombres,TOTAL,Hombres,,,,"['TOTAL', 'Hombres']",80
P4,C,VARIABLES DE SEGUIMIENTO DEL PSCV AL CORTE,P4302103,Protocolo Hearts,COL03,F,6,TOTAL - Mujeres,TOTAL,Mujeres,,,,"['TOTAL', 'Mujeres']",80
P4,C,VARIABLES DE SEGUIMIENTO DEL PSCV AL CORTE,P4302103,Protocolo Hearts,COL04,G,7,RANGO ETARIO Y SEXO - 15 a 19 años - Hombres,RANGO ETARIO Y SEXO,15 a 19 años,Hombres,,,"['RANGO ETARIO Y SEXO', '15 a 19 años', 'Hombres']",80
P4,C,VARIABLES DE SEGUIMIENTO DEL PSCV AL CORTE,P4302103,Protocolo Hearts,COL05,H,8,RANGO ETARIO Y SEXO - 15 a 19 años - Mujeres,RANGO ETARIO Y SEXO,15 a 19 años,Mujeres,,,"['RANGO ETARIO Y SEXO', '15 a 19 años', 'Mujeres']",80
P4,C,VARIABLES DE SEGUIMIENTO DEL PSCV AL CORTE,P4302103,Protocolo Hearts,COL06,I,9,RANGO ETARIO Y SEXO - 20 a 24 años - Hombres,RANGO ETARIO Y SEXO,20 a 24 años,Hombres,,,"['RANGO ETARIO Y SEXO', '20 a 24 años', 'Hombres']",80
P4,C,VARIABLES DE SEGUIMIENTO DEL PSCV AL CORTE,P4302103,Protocolo Hearts,COL07,J,10,RANGO ETARIO Y SEXO - 20 a 24 años - Mujeres,RANGO ETARIO Y SEXO,20 a 24 años,Mujeres,,,"['RANGO ETARIO Y SEXO', '20 a 24 años', 'Mujeres']",80
P4,C,VARIABLES DE SEGUIMIENTO DEL PSCV AL CORTE,P4302103,Protocolo Hearts,COL08,K,11,RANGO ETARIO Y SEXO - 25 a 29 años - Hombres,RANGO ETARIO Y SEXO,25 a 29 años,Hombres,,,"['RANGO ETARIO Y SEXO', '25 a 29 años', 'Hombres']",80
P4,C,VARIABLES DE SEGUIMIENTO DEL PSCV AL CORTE,P4302103,Protocolo Hearts,COL09,L,12,RANGO ETARIO Y SEXO - 25 a 29 años - Mujeres,RANGO ETARIO Y SEXO,25 a 29 años,Mujeres,,,"['RANGO ETARIO Y SEXO', '25 a 29 años', 'Mujeres']",80
P4,C,VARIABLES DE SEGUIMIENTO DEL PSCV AL CORTE,P4302103,Protocolo Hearts,COL10,M,13,RANGO ETARIO Y SEXO - 30 a 34 años - Hombres,RANGO ETARIO Y SEXO,30 a 34 años,Hombres,,,"['RANGO ETARIO Y SEXO', '30 a 34 años', 'Hombres']",80
P4,C,VARIABLES DE SEGUIMIENTO DEL PSCV AL CORTE,P4302103,Protocolo Hearts,COL11,N,14,RANGO ETARIO Y SEXO - 30 a 34 años - Mujeres,RANGO ETARIO Y SEXO,30 a 34 años,Mujeres,,,"['RANGO ETARIO Y SEXO', '30 a 34 años', 'Mujeres']",80
P4,C,VARIABLES DE SEGUIMIENTO DEL PSCV AL CORTE,P4302103,Protocolo Hearts,COL12,O,15,RANGO ETARIO Y SEXO - 35 a 39 años - Hombres,RANGO ETARIO Y SEXO,35 a 39 años,Hombres,,,"['RANGO ETARIO Y SEXO', '35 a 39 años', 'Hombres']",80
P4,C,VARIABLES DE SEGUIMIENTO DEL PSCV AL CORTE,P4302103,Protocolo Hearts,COL13,P,16,RANGO ETARIO Y SEXO - 35 a 39 años - Mujeres,RANGO ETARIO Y SEXO,35 a 39 años,Mujeres,,,"['RANGO ETARIO Y SEXO', '35 a 39 años', 'Mujeres']",80
P4,C,VARIABLES DE SEGUIMIENTO DEL PSCV AL CORTE,P4302103,Protocolo Hearts,COL14,Q,17,RANGO ETARIO Y SEXO - 40 a 44 años - Hombres,RANGO ETARIO Y SEXO,40 a 44 años,Hombres,,,"['RANGO ETARIO Y SEXO', '40 a 44 años', 'Hombres']",80
P4,C,VARIABLES DE SEGUIMIENTO DEL PSCV AL CORTE,P4302103,Protocolo Hearts,COL15,R,18,RANGO ETARIO Y SEXO - 40 a 44 años - Mujeres,RANGO ETARIO Y SEXO,40 a 44 años,Mujeres,,,"['RANGO ETARIO Y SEXO', '40 a 44 años', 'Mujeres']",80
P4,C,VARIABLES DE SEGUIMIENTO DEL PSCV AL CORTE,P4302103,Protocolo Hearts,COL16,S,19,RANGO ETARIO Y SEXO - 45 a 49 años - Hombres,RANGO ETARIO Y SEXO,45 a 49 años,Hombres,,,"['RANGO ETARIO Y SEXO', '45 a 49 años', 'Hombres']",80
P4,C,VARIABLES DE SEGUIMIENTO DEL PSCV AL CORTE,P4302103,Protocolo Hearts,COL17,T,20,RANGO ETARIO Y SEXO - 45 a 49 años - Mujeres,RANGO ETARIO Y SEXO,45 a 49 años,Mujeres,,,"['RANGO ETARIO Y SEXO', '45 a 49 años', 'Mujeres']",80
P4,C,VARIABLES DE SEGUIMIENTO DEL PSCV AL CORTE,P4302103,Protocolo Hearts,COL18,U,21,RANGO ETARIO Y SEXO - 50 a 54 años - Hombres,RANGO ETARIO Y SEXO,50 a 54 años,Hombres,,,"['RANGO ETARIO Y SEXO', '50 a 54 años', 'Hombres']",80
P4,C,VARIABLES DE SEGUIMIENTO DEL PSCV AL CORTE,P4302103,Protocolo Hearts,COL19,V,22,RANGO ETARIO Y SEXO - 50 a 54 años - Mujeres,RANGO ETARIO Y SEXO,50 a 54 años,Mujeres,,,"['RANGO ETARIO Y SEXO', '50 a 54 años', 'Mujeres']",80
P4,C,VARIABLES DE SEGUIMIENTO DEL PSCV AL CORTE,P4302103,Protocolo Hearts,COL20,W,23,RANGO ETARIO Y SEXO - 55 a 59 años - Hombres,RANGO ETARIO Y SEXO,55 a 59 años,Hombres,,,"['RANGO ETARIO Y SEXO', '55 a 59 años', 'Hombres']",80
P4,C,VARIABLES DE SEGUIMIENTO DEL PSCV AL CORTE,P4302103,Protocolo Hearts,COL21,X,24,RANGO ETARIO Y SEXO - 55 a 59 años - Mujeres,RANGO ETARIO Y SEXO,55 a 59 años,Mujeres,,,"['RANGO ETARIO Y SEXO', '55 a 59 años', 'Mujeres']",80
P4,C,VARIABLES DE SEGUIMIENTO DEL PSCV AL CORTE,P4302103,Protocolo Hearts,COL22,Y,25,RANGO ETARIO Y SEXO - 60 a 64 años - Hombres,RANGO ETARIO Y SEXO,60 a 64 años,Hombres,,,"['RANGO ETARIO Y SEXO', '60 a 64 años', 'Hombres']",80
P4,C,VARIABLES DE SEGUIMIENTO DEL PSCV AL CORTE,P4302103,Protocolo Hearts,COL23,Z,26,RANGO ETARIO Y SEXO - 60 a 64 años - Mujeres,RANGO ETARIO Y SEXO,60 a 64 años,Mujeres,,,"['RANGO ETARIO Y SEXO', '60 a 64 años', 'Mujeres']",80
P4,C,VARIABLES DE SEGUIMIENTO DEL PSCV AL CORTE,P4302103,Protocolo Hearts,COL24,AA,27,RANGO ETARIO Y SEXO - 65 a 69 años - Hombres,RANGO ETARIO Y SEXO,65 a 69 años,Hombres,,,"['RANGO ETARIO Y SEXO', '65 a 69 años', 'Hombres']",80
P4,C,VARIABLES DE SEGUIMIENTO DEL PSCV AL CORTE,P4302103,Protocolo Hearts,COL25,AB,28,RANGO ETARIO Y SEXO - 65 a 69 años - Mujeres,RANGO ETARIO Y SEXO,65 a 69 años,Mujeres,,,"['RANGO ETARIO Y SEXO', '65 a 69 años', 'Mujeres']",80
P4,C,VARIABLES DE SEGUIMIENTO DEL PSCV AL CORTE,P4302103,Protocolo Hearts,COL26,AC,29,RANGO ETARIO Y SEXO - 70 a 74 años - Hombres,RANGO ETARIO Y SEXO,70 a 74 años,Hombres,,,"['RANGO ETARIO Y SEXO', '70 a 74 años', 'Hombres']",80
P4,C,VARIABLES DE SEGUIMIENTO DEL PSCV AL CORTE,P4302103,Protocolo Hearts,COL27,AD,30,RANGO ETARIO Y SEXO - 70 a 74 años - Mujeres,RANGO ETARIO Y SEXO,70 a 74 años,Mujeres,,,"['RANGO ETARIO Y SEXO', '70 a 74 años', 'Mujeres']",80
P4,C,VARIABLES DE SEGUIMIENTO DEL PSCV AL CORTE,P4302103,Protocolo Hearts,COL28,AE,31,RANGO ETARIO Y SEXO - 75 a 79 años - Hombres,RANGO ETARIO Y SEXO,75 a 79 años,Hombres,,,"['RANGO ETARIO Y SEXO', '75 a 79 años', 'Hombres']",80
P4,C,VARIABLES DE SEGUIMIENTO DEL PSCV AL CORTE,P4302103,Protocolo Hearts,COL29,AF,32,RANGO ETARIO Y SEXO - 75 a 79 años - Mujeres,RANGO ETARIO Y SEXO,75 a 79 años,Mujeres,,,"['RANGO ETARIO Y SEXO', '75 a 79 años', 'Mujeres']",80
P4,C,VARIABLES DE SEGUIMIENTO DEL PSCV AL CORTE,P4302103,Protocolo Hearts,COL30,AG,33,RANGO ETARIO Y SEXO - 80 y más años - Hombres,RANGO ETARIO Y SEXO,80 y más años,Hombres,,,"['RANGO ETARIO Y SEXO', '80 y más años', 'Hombres']",80
P4,C,VARIABLES DE SEGUIMIENTO DEL PSCV AL CORTE,P4302103,Protocolo Hearts,COL31,AH,34,RANGO ETARIO Y SEXO - 80 y más años - Mujeres,RANGO ETARIO Y SEXO,80 y más años,Mujeres,,,"['RANGO ETARIO Y SEXO', '80 y más años', 'Mujeres']",80
P4,C,VARIABLES DE SEGUIMIENTO DEL PSCV AL CORTE,P4302103,Protocolo Hearts,COL32,AI,35,Pueblos Originarios - Hombres,Pueblos Originarios,Hombres,,,,"['Pueblos Originarios', 'Hombres']",80
P4,C,VARIABLES DE SEGUIMIENTO DEL PSCV AL CORTE,P4302103,Protocolo Hearts,COL33,AJ,36,Pueblos Originarios - Mujeres,Pueblos Originarios,Mujeres,,,,"['Pueblos Originarios', 'Mujeres']",80
P4,C,VARIABLES DE SEGUIMIENTO DEL PSCV AL CORTE,P4302103,Protocolo Hearts,COL34,AK,37,Migrantes - Hombres,Migrantes,Hombres,,,,"['Migrantes', 'Hombres']",80
P4,C,VARIABLES DE SEGUIMIENTO DEL PSCV AL CORTE,P4302103,Protocolo Hearts,COL35,AL,38,Migrantes - Mujeres,Migrantes,Mujeres,,,,"['Migrantes', 'Mujeres']",80
P4,C,VARIABLES DE SEGUIMIENTO DEL PSCV AL CORTE,P4201500,Sobrepeso: IMC entre 25 y 29.9 <65 años,COL01,D,4,TOTAL - Ambos sexos,TOTAL,Ambos sexos,,,,"['TOTAL', 'Ambos sexos']",82
P4,C,VARIABLES DE SEGUIMIENTO DEL PSCV AL CORTE,P4201500,Sobrepeso: IMC entre 25 y 29.9 <65 años,COL02,E,5,TOTAL - Hombres,TOTAL,Hombres,,,,"['TOTAL', 'Hombres']",82
P4,C,VARIABLES DE SEGUIMIENTO DEL PSCV AL CORTE,P4201500,Sobrepeso: IMC entre 25 y 29.9 <65 años,COL03,F,6,TOTAL - Mujeres,TOTAL,Mujeres,,,,"['TOTAL', 'Mujeres']",82
P4,C,VARIABLES DE SEGUIMIENTO DEL PSCV AL CORTE,P4201500,Sobrepeso: IMC entre 25 y 29.9 <65 años,COL04,G,7,RANGO ETARIO Y SEXO - 15 a 19 años - Hombres,RANGO ETARIO Y SEXO,15 a 19 años,Hombres,,,"['RANGO ETARIO Y SEXO', '15 a 19 años', 'Hombres']",82
P4,C,VARIABLES DE SEGUIMIENTO DEL PSCV AL CORTE,P4201500,Sobrepeso: IMC entre 25 y 29.9 <65 años,COL05,H,8,RANGO ETARIO Y SEXO - 15 a 19 años - Mujeres,RANGO ETARIO Y SEXO,15 a 19 años,Mujeres,,,"['RANGO ETARIO Y SEXO', '15 a 19 años', 'Mujeres']",82
P4,C,VARIABLES DE SEGUIMIENTO DEL PSCV AL CORTE,P4201500,Sobrepeso: IMC entre 25 y 29.9 <65 años,COL06,I,9,RANGO ETARIO Y SEXO - 20 a 24 años - Hombres,RANGO ETARIO Y SEXO,20 a 24 años,Hombres,,,"['RANGO ETARIO Y SEXO', '20 a 24 años', 'Hombres']",82
P4,C,VARIABLES DE SEGUIMIENTO DEL PSCV AL CORTE,P4201500,Sobrepeso: IMC entre 25 y 29.9 <65 años,COL07,J,10,RANGO ETARIO Y SEXO - 20 a 24 años - Mujeres,RANGO ETARIO Y SEXO,20 a 24 años,Mujeres,,,"['RANGO ETARIO Y SEXO', '20 a 24 años', 'Mujeres']",82
P4,C,VARIABLES DE SEGUIMIENTO DEL PSCV AL CORTE,P4201500,Sobrepeso: IMC entre 25 y 29.9 <65 años,COL08,K,11,RANGO ETARIO Y SEXO - 25 a 29 años - Hombres,RANGO ETARIO Y SEXO,25 a 29 años,Hombres,,,"['RANGO ETARIO Y SEXO', '25 a 29 años', 'Hombres']",82
P4,C,VARIABLES DE SEGUIMIENTO DEL PSCV AL CORTE,P4201500,Sobrepeso: IMC entre 25 y 29.9 <65 años,COL09,L,12,RANGO ETARIO Y SEXO - 25 a 29 años - Mujeres,RANGO ETARIO Y SEXO,25 a 29 años,Mujeres,,,"['RANGO ETARIO Y SEXO', '25 a 29 años', 'Mujeres']",82
P4,C,VARIABLES DE SEGUIMIENTO DEL PSCV AL CORTE,P4201500,Sobrepeso: IMC entre 25 y 29.9 <65 años,COL10,M,13,RANGO ETARIO Y SEXO - 30 a 34 años - Hombres,RANGO ETARIO Y SEXO,30 a 34 años,Hombres,,,"['RANGO ETARIO Y SEXO', '30 a 34 años', 'Hombres']",82
P4,C,VARIABLES DE SEGUIMIENTO DEL PSCV AL CORTE,P4201500,Sobrepeso: IMC entre 25 y 29.9 <65 años,COL11,N,14,RANGO ETARIO Y SEXO - 30 a 34 años - Mujeres,RANGO ETARIO Y SEXO,30 a 34 años,Mujeres,,,"['RANGO ETARIO Y SEXO', '30 a 34 años', 'Mujeres']",82
P4,C,VARIABLES DE SEGUIMIENTO DEL PSCV AL CORTE,P4201500,Sobrepeso: IMC entre 25 y 29.9 <65 años,COL12,O,15,RANGO ETARIO Y SEXO - 35 a 39 años - Hombres,RANGO ETARIO Y SEXO,35 a 39 años,Hombres,,,"['RANGO ETARIO Y SEXO', '35 a 39 años', 'Hombres']",82
P4,C,VARIABLES DE SEGUIMIENTO DEL PSCV AL CORTE,P4201500,Sobrepeso: IMC entre 25 y 29.9 <65 años,COL13,P,16,RANGO ETARIO Y SEXO - 35 a 39 años - Mujeres,RANGO ETARIO Y SEXO,35 a 39 años,Mujeres,,,"['RANGO ETARIO Y SEXO', '35 a 39 años', 'Mujeres']",82
P4,C,VARIABLES DE SEGUIMIENTO DEL PSCV AL CORTE,P4201500,Sobrepeso: IMC entre 25 y 29.9 <65 años,COL14,Q,17,RANGO ETARIO Y SEXO - 40 a 44 años - Hombres,RANGO ETARIO Y SEXO,40 a 44 años,Hombres,,,"['RANGO ETARIO Y SEXO', '40 a 44 años', 'Hombres']",82
P4,C,VARIABLES DE SEGUIMIENTO DEL PSCV AL CORTE,P4201500,Sobrepeso: IMC entre 25 y 29.9 <65 años,COL15,R,18,RANGO ETARIO Y SEXO - 40 a 44 años - Mujeres,RANGO ETARIO Y SEXO,40 a 44 años,Mujeres,,,"['RANGO ETARIO Y SEXO', '40 a 44 años', 'Mujeres']",82
P4,C,VARIABLES DE SEGUIMIENTO DEL PSCV AL CORTE,P4201500,Sobrepeso: IMC entre 25 y 29.9 <65 años,COL16,S,19,RANGO ETARIO Y SEXO - 45 a 49 años - Hombres,RANGO ETARIO Y SEXO,45 a 49 años,Hombres,,,"['RANGO ETARIO Y SEXO', '45 a 49 años', 'Hombres']",82
P4,C,VARIABLES DE SEGUIMIENTO DEL PSCV AL CORTE,P4201500,Sobrepeso: IMC entre 25 y 29.9 <65 años,COL17,T,20,RANGO ETARIO Y SEXO - 45 a 49 años - Mujeres,RANGO ETARIO Y SEXO,45 a 49 años,Mujeres,,,"['RANGO ETARIO Y SEXO', '45 a 49 años', 'Mujeres']",82
P4,C,VARIABLES DE SEGUIMIENTO DEL PSCV AL CORTE,P4201500,Sobrepeso: IMC entre 25 y 29.9 <65 años,COL18,U,21,RANGO ETARIO Y SEXO - 50 a 54 años - Hombres,RANGO ETARIO Y SEXO,50 a 54 años,Hombres,,,"['RANGO ETARIO Y SEXO', '50 a 54 años', 'Hombres']",82
P4,C,VARIABLES DE SEGUIMIENTO DEL PSCV AL CORTE,P4201500,Sobrepeso: IMC entre 25 y 29.9 <65 años,COL19,V,22,RANGO ETARIO Y SEXO - 50 a 54 años - Mujeres,RANGO ETARIO Y SEXO,50 a 54 años,Mujeres,,,"['RANGO ETARIO Y SEXO', '50 a 54 años', 'Mujeres']",82
P4,C,VARIABLES DE SEGUIMIENTO DEL PSCV AL CORTE,P4201500,Sobrepeso: IMC entre 25 y 29.9 <65 años,COL20,W,23,RANGO ETARIO Y SEXO - 55 a 59 años - Hombres,RANGO ETARIO Y SEXO,55 a 59 años,Hombres,,,"['RANGO ETARIO Y SEXO', '55 a 59 años', 'Hombres']",82
P4,C,VARIABLES DE SEGUIMIENTO DEL PSCV AL CORTE,P4201500,Sobrepeso: IMC entre 25 y 29.9 <65 años,COL21,X,24,RANGO ETARIO Y SEXO - 55 a 59 años - Mujeres,RANGO ETARIO Y SEXO,55 a 59 años,Mujeres,,,"['RANGO ETARIO Y SEXO', '55 a 59 años', 'Mujeres']",82
P4,C,VARIABLES DE SEGUIMIENTO DEL PSCV AL CORTE,P4201500,Sobrepeso: IMC entre 25 y 29.9 <65 años,COL22,Y,25,RANGO ETARIO Y SEXO - 60 a 64 años - Hombres,RANGO ETARIO Y SEXO,60 a 64 años,Hombres,,,"['RANGO ETARIO Y SEXO', '60 a 64 años', 'Hombres']",82
P4,C,VARIABLES DE SEGUIMIENTO DEL PSCV AL CORTE,P4201500,Sobrepeso: IMC entre 25 y 29.9 <65 años,COL23,Z,26,RANGO ETARIO Y SEXO - 60 a 64 años - Mujeres,RANGO ETARIO Y SEXO,60 a 64 años,Mujeres,,,"['RANGO ETARIO Y SEXO', '60 a 64 años', 'Mujeres']",82
P4,C,VARIABLES DE SEGUIMIENTO DEL PSCV AL CORTE,P4201500,Sobrepeso: IMC entre 25 y 29.9 <65 años,COL24,AA,27,RANGO ETARIO Y SEXO - 65 a 69 años - Hombres,RANGO ETARIO Y SEXO,65 a 69 años,Hombres,,,"['RANGO ETARIO Y SEXO', '65 a 69 años', 'Hombres']",82
P4,C,VARIABLES DE SEGUIMIENTO DEL PSCV AL CORTE,P4201500,Sobrepeso: IMC entre 25 y 29.9 <65 años,COL25,AB,28,RANGO ETARIO Y SEXO - 65 a 69 años - Mujeres,RANGO ETARIO Y SEXO,65 a 69 años,Mujeres,,,"['RANGO ETARIO Y SEXO', '65 a 69 años', 'Mujeres']",82
P4,C,VARIABLES DE SEGUIMIENTO DEL PSCV AL CORTE,P4201500,Sobrepeso: IMC entre 25 y 29.9 <65 años,COL26,AC,29,RANGO ETARIO Y SEXO - 70 a 74 años - Hombres,RANGO ETARIO Y SEXO,70 a 74 años,Hombres,,,"['RANGO ETARIO Y SEXO', '70 a 74 años', 'Hombres']",82
P4,C,VARIABLES DE SEGUIMIENTO DEL PSCV AL CORTE,P4201500,Sobrepeso: IMC entre 25 y 29.9 <65 años,COL27,AD,30,RANGO ETARIO Y SEXO - 70 a 74 años - Mujeres,RANGO ETARIO Y SEXO,70 a 74 años,Mujeres,,,"['RANGO ETARIO Y SEXO', '70 a 74 años', 'Mujeres']",82
P4,C,VARIABLES DE SEGUIMIENTO DEL PSCV AL CORTE,P4201500,Sobrepeso: IMC entre 25 y 29.9 <65 años,COL28,AE,31,RANGO ETARIO Y SEXO - 75 a 79 años - Hombres,RANGO ETARIO Y SEXO,75 a 79 años,Hombres,,,"['RANGO ETARIO Y SEXO', '75 a 79 años', 'Hombres']",82
P4,C,VARIABLES DE SEGUIMIENTO DEL PSCV AL CORTE,P4201500,Sobrepeso: IMC entre 25 y 29.9 <65 años,COL29,AF,32,RANGO ETARIO Y SEXO - 75 a 79 años - Mujeres,RANGO ETARIO Y SEXO,75 a 79 años,Mujeres,,,"['RANGO ETARIO Y SEXO', '75 a 79 años', 'Mujeres']",82
P4,C,VARIABLES DE SEGUIMIENTO DEL PSCV AL CORTE,P4201500,Sobrepeso: IMC entre 25 y 29.9 <65 años,COL30,AG,33,RANGO ETARIO Y SEXO - 80 y más años - Hombres,RANGO ETARIO Y SEXO,80 y más años,Hombres,,,"['RANGO ETARIO Y SEXO', '80 y más años', 'Hombres']",82
P4,C,VARIABLES DE SEGUIMIENTO DEL PSCV AL CORTE,P4201500,Sobrepeso: IMC entre 25 y 29.9 <65 años,COL31,AH,34,RANGO ETARIO Y SEXO - 80 y más años - Mujeres,RANGO ETARIO Y SEXO,80 y más años,Mujeres,,,"['RANGO ETARIO Y SEXO', '80 y más años', 'Mujeres']",82
P4,C,VARIABLES DE SEGUIMIENTO DEL PSCV AL CORTE,P4201500,Sobrepeso: IMC entre 25 y 29.9 <65 años,COL32,AI,35,Pueblos Originarios - Hombres,Pueblos Originarios,Hombres,,,,"['Pueblos Originarios', 'Hombres']",82
P4,C,VARIABLES DE SEGUIMIENTO DEL PSCV AL CORTE,P4201500,Sobrepeso: IMC entre 25 y 29.9 <65 años,COL33,AJ,36,Pueblos Originarios - Mujeres,Pueblos Originarios,Mujeres,,,,"['Pueblos Originarios', 'Mujeres']",82
P4,C,VARIABLES DE SEGUIMIENTO DEL PSCV AL CORTE,P4201500,Sobrepeso: IMC entre 25 y 29.9 <65 años,COL34,AK,37,Migrantes - Hombres,Migrantes,Hombres,,,,"['Migrantes', 'Hombres']",82
P4,C,VARIABLES DE SEGUIMIENTO DEL PSCV AL CORTE,P4201500,Sobrepeso: IMC entre 25 y 29.9 <65 años,COL35,AL,38,Migrantes - Mujeres,Migrantes,Mujeres,,,,"['Migrantes', 'Mujeres']",82
P4,C,VARIABLES DE SEGUIMIENTO DEL PSCV AL CORTE,P4201600,Sobrepeso: IMC entre 28 y 31.9 >65 años,COL01,D,4,TOTAL - Ambos sexos,TOTAL,Ambos sexos,,,,"['TOTAL', 'Ambos sexos']",83
P4,C,VARIABLES DE SEGUIMIENTO DEL PSCV AL CORTE,P4201600,Sobrepeso: IMC entre 28 y 31.9 >65 años,COL02,E,5,TOTAL - Hombres,TOTAL,Hombres,,,,"['TOTAL', 'Hombres']",83
P4,C,VARIABLES DE SEGUIMIENTO DEL PSCV AL CORTE,P4201600,Sobrepeso: IMC entre 28 y 31.9 >65 años,COL03,F,6,TOTAL - Mujeres,TOTAL,Mujeres,,,,"['TOTAL', 'Mujeres']",83
P4,C,VARIABLES DE SEGUIMIENTO DEL PSCV AL CORTE,P4201600,Sobrepeso: IMC entre 28 y 31.9 >65 años,COL04,G,7,RANGO ETARIO Y SEXO - 15 a 19 años - Hombres,RANGO ETARIO Y SEXO,15 a 19 años,Hombres,,,"['RANGO ETARIO Y SEXO', '15 a 19 años', 'Hombres']",83
P4,C,VARIABLES DE SEGUIMIENTO DEL PSCV AL CORTE,P4201600,Sobrepeso: IMC entre 28 y 31.9 >65 años,COL05,H,8,RANGO ETARIO Y SEXO - 15 a 19 años - Mujeres,RANGO ETARIO Y SEXO,15 a 19 años,Mujeres,,,"['RANGO ETARIO Y SEXO', '15 a 19 años', 'Mujeres']",83
P4,C,VARIABLES DE SEGUIMIENTO DEL PSCV AL CORTE,P4201600,Sobrepeso: IMC entre 28 y 31.9 >65 años,COL06,I,9,RANGO ETARIO Y SEXO - 20 a 24 años - Hombres,RANGO ETARIO Y SEXO,20 a 24 años,Hombres,,,"['RANGO ETARIO Y SEXO', '20 a 24 años', 'Hombres']",83
P4,C,VARIABLES DE SEGUIMIENTO DEL PSCV AL CORTE,P4201600,Sobrepeso: IMC entre 28 y 31.9 >65 años,COL07,J,10,RANGO ETARIO Y SEXO - 20 a 24 años - Mujeres,RANGO ETARIO Y SEXO,20 a 24 años,Mujeres,,,"['RANGO ETARIO Y SEXO', '20 a 24 años', 'Mujeres']",83
P4,C,VARIABLES DE SEGUIMIENTO DEL PSCV AL CORTE,P4201600,Sobrepeso: IMC entre 28 y 31.9 >65 años,COL08,K,11,RANGO ETARIO Y SEXO - 25 a 29 años - Hombres,RANGO ETARIO Y SEXO,25 a 29 años,Hombres,,,"['RANGO ETARIO Y SEXO', '25 a 29 años', 'Hombres']",83
P4,C,VARIABLES DE SEGUIMIENTO DEL PSCV AL CORTE,P4201600,Sobrepeso: IMC entre 28 y 31.9 >65 años,COL09,L,12,RANGO ETARIO Y SEXO - 25 a 29 años - Mujeres,RANGO ETARIO Y SEXO,25 a 29 años,Mujeres,,,"['RANGO ETARIO Y SEXO', '25 a 29 años', 'Mujeres']",83
P4,C,VARIABLES DE SEGUIMIENTO DEL PSCV AL CORTE,P4201600,Sobrepeso: IMC entre 28 y 31.9 >65 años,COL10,M,13,RANGO ETARIO Y SEXO - 30 a 34 años - Hombres,RANGO ETARIO Y SEXO,30 a 34 años,Hombres,,,"['RANGO ETARIO Y SEXO', '30 a 34 años', 'Hombres']",83
P4,C,VARIABLES DE SEGUIMIENTO DEL PSCV AL CORTE,P4201600,Sobrepeso: IMC entre 28 y 31.9 >65 años,COL11,N,14,RANGO ETARIO Y SEXO - 30 a 34 años - Mujeres,RANGO ETARIO Y SEXO,30 a 34 años,Mujeres,,,"['RANGO ETARIO Y SEXO', '30 a 34 años', 'Mujeres']",83
P4,C,VARIABLES DE SEGUIMIENTO DEL PSCV AL CORTE,P4201600,Sobrepeso: IMC entre 28 y 31.9 >65 años,COL12,O,15,RANGO ETARIO Y SEXO - 35 a 39 años - Hombres,RANGO ETARIO Y SEXO,35 a 39 años,Hombres,,,"['RANGO ETARIO Y SEXO', '35 a 39 años', 'Hombres']",83
P4,C,VARIABLES DE SEGUIMIENTO DEL PSCV AL CORTE,P4201600,Sobrepeso: IMC entre 28 y 31.9 >65 años,COL13,P,16,RANGO ETARIO Y SEXO - 35 a 39 años - Mujeres,RANGO ETARIO Y SEXO,35 a 39 años,Mujeres,,,"['RANGO ETARIO Y SEXO', '35 a 39 años', 'Mujeres']",83
P4,C,VARIABLES DE SEGUIMIENTO DEL PSCV AL CORTE,P4201600,Sobrepeso: IMC entre 28 y 31.9 >65 años,COL14,Q,17,RANGO ETARIO Y SEXO - 40 a 44 años - Hombres,RANGO ETARIO Y SEXO,40 a 44 años,Hombres,,,"['RANGO ETARIO Y SEXO', '40 a 44 años', 'Hombres']",83
P4,C,VARIABLES DE SEGUIMIENTO DEL PSCV AL CORTE,P4201600,Sobrepeso: IMC entre 28 y 31.9 >65 años,COL15,R,18,RANGO ETARIO Y SEXO - 40 a 44 años - Mujeres,RANGO ETARIO Y SEXO,40 a 44 años,Mujeres,,,"['RANGO ETARIO Y SEXO', '40 a 44 años', 'Mujeres']",83
P4,C,VARIABLES DE SEGUIMIENTO DEL PSCV AL CORTE,P4201600,Sobrepeso: IMC entre 28 y 31.9 >65 años,COL16,S,19,RANGO ETARIO Y SEXO - 45 a 49 años - Hombres,RANGO ETARIO Y SEXO,45 a 49 años,Hombres,,,"['RANGO ETARIO Y SEXO', '45 a 49 años', 'Hombres']",83
P4,C,VARIABLES DE SEGUIMIENTO DEL PSCV AL CORTE,P4201600,Sobrepeso: IMC entre 28 y 31.9 >65 años,COL17,T,20,RANGO ETARIO Y SEXO - 45 a 49 años - Mujeres,RANGO ETARIO Y SEXO,45 a 49 años,Mujeres,,,"['RANGO ETARIO Y SEXO', '45 a 49 años', 'Mujeres']",83
P4,C,VARIABLES DE SEGUIMIENTO DEL PSCV AL CORTE,P4201600,Sobrepeso: IMC entre 28 y 31.9 >65 años,COL18,U,21,RANGO ETARIO Y SEXO - 50 a 54 años - Hombres,RANGO ETARIO Y SEXO,50 a 54 años,Hombres,,,"['RANGO ETARIO Y SEXO', '50 a 54 años', 'Hombres']",83
P4,C,VARIABLES DE SEGUIMIENTO DEL PSCV AL CORTE,P4201600,Sobrepeso: IMC entre 28 y 31.9 >65 años,COL19,V,22,RANGO ETARIO Y SEXO - 50 a 54 años - Mujeres,RANGO ETARIO Y SEXO,50 a 54 años,Mujeres,,,"['RANGO ETARIO Y SEXO', '50 a 54 años', 'Mujeres']",83
P4,C,VARIABLES DE SEGUIMIENTO DEL PSCV AL CORTE,P4201600,Sobrepeso: IMC entre 28 y 31.9 >65 años,COL20,W,23,RANGO ETARIO Y SEXO - 55 a 59 años - Hombres,RANGO ETARIO Y SEXO,55 a 59 años,Hombres,,,"['RANGO ETARIO Y SEXO', '55 a 59 años', 'Hombres']",83
P4,C,VARIABLES DE SEGUIMIENTO DEL PSCV AL CORTE,P4201600,Sobrepeso: IMC entre 28 y 31.9 >65 años,COL21,X,24,RANGO ETARIO Y SEXO - 55 a 59 años - Mujeres,RANGO ETARIO Y SEXO,55 a 59 años,Mujeres,,,"['RANGO ETARIO Y SEXO', '55 a 59 años', 'Mujeres']",83
P4,C,VARIABLES DE SEGUIMIENTO DEL PSCV AL CORTE,P4201600,Sobrepeso: IMC entre 28 y 31.9 >65 años,COL22,Y,25,RANGO ETARIO Y SEXO - 60 a 64 años - Hombres,RANGO ETARIO Y SEXO,60 a 64 años,Hombres,,,"['RANGO ETARIO Y SEXO', '60 a 64 años', 'Hombres']",83
P4,C,VARIABLES DE SEGUIMIENTO DEL PSCV AL CORTE,P4201600,Sobrepeso: IMC entre 28 y 31.9 >65 años,COL23,Z,26,RANGO ETARIO Y SEXO - 60 a 64 años - Mujeres,RANGO ETARIO Y SEXO,60 a 64 años,Mujeres,,,"['RANGO ETARIO Y SEXO', '60 a 64 años', 'Mujeres']",83
P4,C,VARIABLES DE SEGUIMIENTO DEL PSCV AL CORTE,P4201600,Sobrepeso: IMC entre 28 y 31.9 >65 años,COL24,AA,27,RANGO ETARIO Y SEXO - 65 a 69 años - Hombres,RANGO ETARIO Y SEXO,65 a 69 años,Hombres,,,"['RANGO ETARIO Y SEXO', '65 a 69 años', 'Hombres']",83
P4,C,VARIABLES DE SEGUIMIENTO DEL PSCV AL CORTE,P4201600,Sobrepeso: IMC entre 28 y 31.9 >65 años,COL25,AB,28,RANGO ETARIO Y SEXO - 65 a 69 años - Mujeres,RANGO ETARIO Y SEXO,65 a 69 años,Mujeres,,,"['RANGO ETARIO Y SEXO', '65 a 69 años', 'Mujeres']",83
P4,C,VARIABLES DE SEGUIMIENTO DEL PSCV AL CORTE,P4201600,Sobrepeso: IMC entre 28 y 31.9 >65 años,COL26,AC,29,RANGO ETARIO Y SEXO - 70 a 74 años - Hombres,RANGO ETARIO Y SEXO,70 a 74 años,Hombres,,,"['RANGO ETARIO Y SEXO', '70 a 74 años', 'Hombres']",83
P4,C,VARIABLES DE SEGUIMIENTO DEL PSCV AL CORTE,P4201600,Sobrepeso: IMC entre 28 y 31.9 >65 años,COL27,AD,30,RANGO ETARIO Y SEXO - 70 a 74 años - Mujeres,RANGO ETARIO Y SEXO,70 a 74 años,Mujeres,,,"['RANGO ETARIO Y SEXO', '70 a 74 años', 'Mujeres']",83
P4,C,VARIABLES DE SEGUIMIENTO DEL PSCV AL CORTE,P4201600,Sobrepeso: IMC entre 28 y 31.9 >65 años,COL28,AE,31,RANGO ETARIO Y SEXO - 75 a 79 años - Hombres,RANGO ETARIO Y SEXO,75 a 79 años,Hombres,,,"['RANGO ETARIO Y SEXO', '75 a 79 años', 'Hombres']",83
P4,C,VARIABLES DE SEGUIMIENTO DEL PSCV AL CORTE,P4201600,Sobrepeso: IMC entre 28 y 31.9 >65 años,COL29,AF,32,RANGO ETARIO Y SEXO - 75 a 79 años - Mujeres,RANGO ETARIO Y SEXO,75 a 79 años,Mujeres,,,"['RANGO ETARIO Y SEXO', '75 a 79 años', 'Mujeres']",83
P4,C,VARIABLES DE SEGUIMIENTO DEL PSCV AL CORTE,P4201600,Sobrepeso: IMC entre 28 y 31.9 >65 años,COL30,AG,33,RANGO ETARIO Y SEXO - 80 y más años - Hombres,RANGO ETARIO Y SEXO,80 y más años,Hombres,,,"['RANGO ETARIO Y SEXO', '80 y más años', 'Hombres']",83
P4,C,VARIABLES DE SEGUIMIENTO DEL PSCV AL CORTE,P4201600,Sobrepeso: IMC entre 28 y 31.9 >65 años,COL31,AH,34,RANGO ETARIO Y SEXO - 80 y más años - Mujeres,RANGO ETARIO Y SEXO,80 y más años,Mujeres,,,"['RANGO ETARIO Y SEXO', '80 y más años', 'Mujeres']",83
P4,C,VARIABLES DE SEGUIMIENTO DEL PSCV AL CORTE,P4201600,Sobrepeso: IMC entre 28 y 31.9 >65 años,COL32,AI,35,Pueblos Originarios - Hombres,Pueblos Originarios,Hombres,,,,"['Pueblos Originarios', 'Hombres']",83
P4,C,VARIABLES DE SEGUIMIENTO DEL PSCV AL CORTE,P4201600,Sobrepeso: IMC entre 28 y 31.9 >65 años,COL33,AJ,36,Pueblos Originarios - Mujeres,Pueblos Originarios,Mujeres,,,,"['Pueblos Originarios', 'Mujeres']",83
P4,C,VARIABLES DE SEGUIMIENTO DEL PSCV AL CORTE,P4201600,Sobrepeso: IMC entre 28 y 31.9 >65 años,COL34,AK,37,Migrantes - Hombres,Migrantes,Hombres,,,,"['Migrantes', 'Hombres']",83
P4,C,VARIABLES DE SEGUIMIENTO DEL PSCV AL CORTE,P4201600,Sobrepeso: IMC entre 28 y 31.9 >65 años,COL35,AL,38,Migrantes - Mujeres,Migrantes,Mujeres,,,,"['Migrantes', 'Mujeres']",83
P4,C,VARIABLES DE SEGUIMIENTO DEL PSCV AL CORTE,P4200500,Obesidad: IMC igual o Mayor a 30KG/M2 <65 años,COL01,D,4,TOTAL - Ambos sexos,TOTAL,Ambos sexos,,,,"['TOTAL', 'Ambos sexos']",84
P4,C,VARIABLES DE SEGUIMIENTO DEL PSCV AL CORTE,P4200500,Obesidad: IMC igual o Mayor a 30KG/M2 <65 años,COL02,E,5,TOTAL - Hombres,TOTAL,Hombres,,,,"['TOTAL', 'Hombres']",84
P4,C,VARIABLES DE SEGUIMIENTO DEL PSCV AL CORTE,P4200500,Obesidad: IMC igual o Mayor a 30KG/M2 <65 años,COL03,F,6,TOTAL - Mujeres,TOTAL,Mujeres,,,,"['TOTAL', 'Mujeres']",84
P4,C,VARIABLES DE SEGUIMIENTO DEL PSCV AL CORTE,P4200500,Obesidad: IMC igual o Mayor a 30KG/M2 <65 años,COL04,G,7,RANGO ETARIO Y SEXO - 15 a 19 años - Hombres,RANGO ETARIO Y SEXO,15 a 19 años,Hombres,,,"['RANGO ETARIO Y SEXO', '15 a 19 años', 'Hombres']",84
P4,C,VARIABLES DE SEGUIMIENTO DEL PSCV AL CORTE,P4200500,Obesidad: IMC igual o Mayor a 30KG/M2 <65 años,COL05,H,8,RANGO ETARIO Y SEXO - 15 a 19 años - Mujeres,RANGO ETARIO Y SEXO,15 a 19 años,Mujeres,,,"['RANGO ETARIO Y SEXO', '15 a 19 años', 'Mujeres']",84
P4,C,VARIABLES DE SEGUIMIENTO DEL PSCV AL CORTE,P4200500,Obesidad: IMC igual o Mayor a 30KG/M2 <65 años,COL06,I,9,RANGO ETARIO Y SEXO - 20 a 24 años - Hombres,RANGO ETARIO Y SEXO,20 a 24 años,Hombres,,,"['RANGO ETARIO Y SEXO', '20 a 24 años', 'Hombres']",84
P4,C,VARIABLES DE SEGUIMIENTO DEL PSCV AL CORTE,P4200500,Obesidad: IMC igual o Mayor a 30KG/M2 <65 años,COL07,J,10,RANGO ETARIO Y SEXO - 20 a 24 años - Mujeres,RANGO ETARIO Y SEXO,20 a 24 años,Mujeres,,,"['RANGO ETARIO Y SEXO', '20 a 24 años', 'Mujeres']",84
P4,C,VARIABLES DE SEGUIMIENTO DEL PSCV AL CORTE,P4200500,Obesidad: IMC igual o Mayor a 30KG/M2 <65 años,COL08,K,11,RANGO ETARIO Y SEXO - 25 a 29 años - Hombres,RANGO ETARIO Y SEXO,25 a 29 años,Hombres,,,"['RANGO ETARIO Y SEXO', '25 a 29 años', 'Hombres']",84
P4,C,VARIABLES DE SEGUIMIENTO DEL PSCV AL CORTE,P4200500,Obesidad: IMC igual o Mayor a 30KG/M2 <65 años,COL09,L,12,RANGO ETARIO Y SEXO - 25 a 29 años - Mujeres,RANGO ETARIO Y SEXO,25 a 29 años,Mujeres,,,"['RANGO ETARIO Y SEXO', '25 a 29 años', 'Mujeres']",84
P4,C,VARIABLES DE SEGUIMIENTO DEL PSCV AL CORTE,P4200500,Obesidad: IMC igual o Mayor a 30KG/M2 <65 años,COL10,M,13,RANGO ETARIO Y SEXO - 30 a 34 años - Hombres,RANGO ETARIO Y SEXO,30 a 34 años,Hombres,,,"['RANGO ETARIO Y SEXO', '30 a 34 años', 'Hombres']",84
P4,C,VARIABLES DE SEGUIMIENTO DEL PSCV AL CORTE,P4200500,Obesidad: IMC igual o Mayor a 30KG/M2 <65 años,COL11,N,14,RANGO ETARIO Y SEXO - 30 a 34 años - Mujeres,RANGO ETARIO Y SEXO,30 a 34 años,Mujeres,,,"['RANGO ETARIO Y SEXO', '30 a 34 años', 'Mujeres']",84
P4,C,VARIABLES DE SEGUIMIENTO DEL PSCV AL CORTE,P4200500,Obesidad: IMC igual o Mayor a 30KG/M2 <65 años,COL12,O,15,RANGO ETARIO Y SEXO - 35 a 39 años - Hombres,RANGO ETARIO Y SEXO,35 a 39 años,Hombres,,,"['RANGO ETARIO Y SEXO', '35 a 39 años', 'Hombres']",84
P4,C,VARIABLES DE SEGUIMIENTO DEL PSCV AL CORTE,P4200500,Obesidad: IMC igual o Mayor a 30KG/M2 <65 años,COL13,P,16,RANGO ETARIO Y SEXO - 35 a 39 años - Mujeres,RANGO ETARIO Y SEXO,35 a 39 años,Mujeres,,,"['RANGO ETARIO Y SEXO', '35 a 39 años', 'Mujeres']",84
P4,C,VARIABLES DE SEGUIMIENTO DEL PSCV AL CORTE,P4200500,Obesidad: IMC igual o Mayor a 30KG/M2 <65 años,COL14,Q,17,RANGO ETARIO Y SEXO - 40 a 44 años - Hombres,RANGO ETARIO Y SEXO,40 a 44 años,Hombres,,,"['RANGO ETARIO Y SEXO', '40 a 44 años', 'Hombres']",84
P4,C,VARIABLES DE SEGUIMIENTO DEL PSCV AL CORTE,P4200500,Obesidad: IMC igual o Mayor a 30KG/M2 <65 años,COL15,R,18,RANGO ETARIO Y SEXO - 40 a 44 años - Mujeres,RANGO ETARIO Y SEXO,40 a 44 años,Mujeres,,,"['RANGO ETARIO Y SEXO', '40 a 44 años', 'Mujeres']",84
P4,C,VARIABLES DE SEGUIMIENTO DEL PSCV AL CORTE,P4200500,Obesidad: IMC igual o Mayor a 30KG/M2 <65 años,COL16,S,19,RANGO ETARIO Y SEXO - 45 a 49 años - Hombres,RANGO ETARIO Y SEXO,45 a 49 años,Hombres,,,"['RANGO ETARIO Y SEXO', '45 a 49 años', 'Hombres']",84
P4,C,VARIABLES DE SEGUIMIENTO DEL PSCV AL CORTE,P4200500,Obesidad: IMC igual o Mayor a 30KG/M2 <65 años,COL17,T,20,RANGO ETARIO Y SEXO - 45 a 49 años - Mujeres,RANGO ETARIO Y SEXO,45 a 49 años,Mujeres,,,"['RANGO ETARIO Y SEXO', '45 a 49 años', 'Mujeres']",84
P4,C,VARIABLES DE SEGUIMIENTO DEL PSCV AL CORTE,P4200500,Obesidad: IMC igual o Mayor a 30KG/M2 <65 años,COL18,U,21,RANGO ETARIO Y SEXO - 50 a 54 años - Hombres,RANGO ETARIO Y SEXO,50 a 54 años,Hombres,,,"['RANGO ETARIO Y SEXO', '50 a 54 años', 'Hombres']",84
P4,C,VARIABLES DE SEGUIMIENTO DEL PSCV AL CORTE,P4200500,Obesidad: IMC igual o Mayor a 30KG/M2 <65 años,COL19,V,22,RANGO ETARIO Y SEXO - 50 a 54 años - Mujeres,RANGO ETARIO Y SEXO,50 a 54 años,Mujeres,,,"['RANGO ETARIO Y SEXO', '50 a 54 años', 'Mujeres']",84
P4,C,VARIABLES DE SEGUIMIENTO DEL PSCV AL CORTE,P4200500,Obesidad: IMC igual o Mayor a 30KG/M2 <65 años,COL20,W,23,RANGO ETARIO Y SEXO - 55 a 59 años - Hombres,RANGO ETARIO Y SEXO,55 a 59 años,Hombres,,,"['RANGO ETARIO Y SEXO', '55 a 59 años', 'Hombres']",84
P4,C,VARIABLES DE SEGUIMIENTO DEL PSCV AL CORTE,P4200500,Obesidad: IMC igual o Mayor a 30KG/M2 <65 años,COL21,X,24,RANGO ETARIO Y SEXO - 55 a 59 años - Mujeres,RANGO ETARIO Y SEXO,55 a 59 años,Mujeres,,,"['RANGO ETARIO Y SEXO', '55 a 59 años', 'Mujeres']",84
P4,C,VARIABLES DE SEGUIMIENTO DEL PSCV AL CORTE,P4200500,Obesidad: IMC igual o Mayor a 30KG/M2 <65 años,COL22,Y,25,RANGO ETARIO Y SEXO - 60 a 64 años - Hombres,RANGO ETARIO Y SEXO,60 a 64 años,Hombres,,,"['RANGO ETARIO Y SEXO', '60 a 64 años', 'Hombres']",84
P4,C,VARIABLES DE SEGUIMIENTO DEL PSCV AL CORTE,P4200500,Obesidad: IMC igual o Mayor a 30KG/M2 <65 años,COL23,Z,26,RANGO ETARIO Y SEXO - 60 a 64 años - Mujeres,RANGO ETARIO Y SEXO,60 a 64 años,Mujeres,,,"['RANGO ETARIO Y SEXO', '60 a 64 años', 'Mujeres']",84
P4,C,VARIABLES DE SEGUIMIENTO DEL PSCV AL CORTE,P4200500,Obesidad: IMC igual o Mayor a 30KG/M2 <65 años,COL24,AA,27,RANGO ETARIO Y SEXO - 65 a 69 años - Hombres,RANGO ETARIO Y SEXO,65 a 69 años,Hombres,,,"['RANGO ETARIO Y SEXO', '65 a 69 años', 'Hombres']",84
P4,C,VARIABLES DE SEGUIMIENTO DEL PSCV AL CORTE,P4200500,Obesidad: IMC igual o Mayor a 30KG/M2 <65 años,COL25,AB,28,RANGO ETARIO Y SEXO - 65 a 69 años - Mujeres,RANGO ETARIO Y SEXO,65 a 69 años,Mujeres,,,"['RANGO ETARIO Y SEXO', '65 a 69 años', 'Mujeres']",84
P4,C,VARIABLES DE SEGUIMIENTO DEL PSCV AL CORTE,P4200500,Obesidad: IMC igual o Mayor a 30KG/M2 <65 años,COL26,AC,29,RANGO ETARIO Y SEXO - 70 a 74 años - Hombres,RANGO ETARIO Y SEXO,70 a 74 años,Hombres,,,"['RANGO ETARIO Y SEXO', '70 a 74 años', 'Hombres']",84
P4,C,VARIABLES DE SEGUIMIENTO DEL PSCV AL CORTE,P4200500,Obesidad: IMC igual o Mayor a 30KG/M2 <65 años,COL27,AD,30,RANGO ETARIO Y SEXO - 70 a 74 años - Mujeres,RANGO ETARIO Y SEXO,70 a 74 años,Mujeres,,,"['RANGO ETARIO Y SEXO', '70 a 74 años', 'Mujeres']",84
P4,C,VARIABLES DE SEGUIMIENTO DEL PSCV AL CORTE,P4200500,Obesidad: IMC igual o Mayor a 30KG/M2 <65 años,COL28,AE,31,RANGO ETARIO Y SEXO - 75 a 79 años - Hombres,RANGO ETARIO Y SEXO,75 a 79 años,Hombres,,,"['RANGO ETARIO Y SEXO', '75 a 79 años', 'Hombres']",84
P4,C,VARIABLES DE SEGUIMIENTO DEL PSCV AL CORTE,P4200500,Obesidad: IMC igual o Mayor a 30KG/M2 <65 años,COL29,AF,32,RANGO ETARIO Y SEXO - 75 a 79 años - Mujeres,RANGO ETARIO Y SEXO,75 a 79 años,Mujeres,,,"['RANGO ETARIO Y SEXO', '75 a 79 años', 'Mujeres']",84
P4,C,VARIABLES DE SEGUIMIENTO DEL PSCV AL CORTE,P4200500,Obesidad: IMC igual o Mayor a 30KG/M2 <65 años,COL30,AG,33,RANGO ETARIO Y SEXO - 80 y más años - Hombres,RANGO ETARIO Y SEXO,80 y más años,Hombres,,,"['RANGO ETARIO Y SEXO', '80 y más años', 'Hombres']",84
P4,C,VARIABLES DE SEGUIMIENTO DEL PSCV AL CORTE,P4200500,Obesidad: IMC igual o Mayor a 30KG/M2 <65 años,COL31,AH,34,RANGO ETARIO Y SEXO - 80 y más años - Mujeres,RANGO ETARIO Y SEXO,80 y más años,Mujeres,,,"['RANGO ETARIO Y SEXO', '80 y más años', 'Mujeres']",84
P4,C,VARIABLES DE SEGUIMIENTO DEL PSCV AL CORTE,P4200500,Obesidad: IMC igual o Mayor a 30KG/M2 <65 años,COL32,AI,35,Pueblos Originarios - Hombres,Pueblos Originarios,Hombres,,,,"['Pueblos Originarios', 'Hombres']",84
P4,C,VARIABLES DE SEGUIMIENTO DEL PSCV AL CORTE,P4200500,Obesidad: IMC igual o Mayor a 30KG/M2 <65 años,COL33,AJ,36,Pueblos Originarios - Mujeres,Pueblos Originarios,Mujeres,,,,"['Pueblos Originarios', 'Mujeres']",84
P4,C,VARIABLES DE SEGUIMIENTO DEL PSCV AL CORTE,P4200500,Obesidad: IMC igual o Mayor a 30KG/M2 <65 años,COL34,AK,37,Migrantes - Hombres,Migrantes,Hombres,,,,"['Migrantes', 'Hombres']",84
P4,C,VARIABLES DE SEGUIMIENTO DEL PSCV AL CORTE,P4200500,Obesidad: IMC igual o Mayor a 30KG/M2 <65 años,COL35,AL,38,Migrantes - Mujeres,Migrantes,Mujeres,,,,"['Migrantes', 'Mujeres']",84
P4,C,VARIABLES DE SEGUIMIENTO DEL PSCV AL CORTE,P4201700,Obesidad: IMC igual o Mayor a 32KG/M2 >65 años,COL01,D,4,TOTAL - Ambos sexos,TOTAL,Ambos sexos,,,,"['TOTAL', 'Ambos sexos']",85
P4,C,VARIABLES DE SEGUIMIENTO DEL PSCV AL CORTE,P4201700,Obesidad: IMC igual o Mayor a 32KG/M2 >65 años,COL02,E,5,TOTAL - Hombres,TOTAL,Hombres,,,,"['TOTAL', 'Hombres']",85
P4,C,VARIABLES DE SEGUIMIENTO DEL PSCV AL CORTE,P4201700,Obesidad: IMC igual o Mayor a 32KG/M2 >65 años,COL03,F,6,TOTAL - Mujeres,TOTAL,Mujeres,,,,"['TOTAL', 'Mujeres']",85
P4,C,VARIABLES DE SEGUIMIENTO DEL PSCV AL CORTE,P4201700,Obesidad: IMC igual o Mayor a 32KG/M2 >65 años,COL04,G,7,RANGO ETARIO Y SEXO - 15 a 19 años - Hombres,RANGO ETARIO Y SEXO,15 a 19 años,Hombres,,,"['RANGO ETARIO Y SEXO', '15 a 19 años', 'Hombres']",85
P4,C,VARIABLES DE SEGUIMIENTO DEL PSCV AL CORTE,P4201700,Obesidad: IMC igual o Mayor a 32KG/M2 >65 años,COL05,H,8,RANGO ETARIO Y SEXO - 15 a 19 años - Mujeres,RANGO ETARIO Y SEXO,15 a 19 años,Mujeres,,,"['RANGO ETARIO Y SEXO', '15 a 19 años', 'Mujeres']",85
P4,C,VARIABLES DE SEGUIMIENTO DEL PSCV AL CORTE,P4201700,Obesidad: IMC igual o Mayor a 32KG/M2 >65 años,COL06,I,9,RANGO ETARIO Y SEXO - 20 a 24 años - Hombres,RANGO ETARIO Y SEXO,20 a 24 años,Hombres,,,"['RANGO ETARIO Y SEXO', '20 a 24 años', 'Hombres']",85
P4,C,VARIABLES DE SEGUIMIENTO DEL PSCV AL CORTE,P4201700,Obesidad: IMC igual o Mayor a 32KG/M2 >65 años,COL07,J,10,RANGO ETARIO Y SEXO - 20 a 24 años - Mujeres,RANGO ETARIO Y SEXO,20 a 24 años,Mujeres,,,"['RANGO ETARIO Y SEXO', '20 a 24 años', 'Mujeres']",85
P4,C,VARIABLES DE SEGUIMIENTO DEL PSCV AL CORTE,P4201700,Obesidad: IMC igual o Mayor a 32KG/M2 >65 años,COL08,K,11,RANGO ETARIO Y SEXO - 25 a 29 años - Hombres,RANGO ETARIO Y SEXO,25 a 29 años,Hombres,,,"['RANGO ETARIO Y SEXO', '25 a 29 años', 'Hombres']",85
P4,C,VARIABLES DE SEGUIMIENTO DEL PSCV AL CORTE,P4201700,Obesidad: IMC igual o Mayor a 32KG/M2 >65 años,COL09,L,12,RANGO ETARIO Y SEXO - 25 a 29 años - Mujeres,RANGO ETARIO Y SEXO,25 a 29 años,Mujeres,,,"['RANGO ETARIO Y SEXO', '25 a 29 años', 'Mujeres']",85
P4,C,VARIABLES DE SEGUIMIENTO DEL PSCV AL CORTE,P4201700,Obesidad: IMC igual o Mayor a 32KG/M2 >65 años,COL10,M,13,RANGO ETARIO Y SEXO - 30 a 34 años - Hombres,RANGO ETARIO Y SEXO,30 a 34 años,Hombres,,,"['RANGO ETARIO Y SEXO', '30 a 34 años', 'Hombres']",85
P4,C,VARIABLES DE SEGUIMIENTO DEL PSCV AL CORTE,P4201700,Obesidad: IMC igual o Mayor a 32KG/M2 >65 años,COL11,N,14,RANGO ETARIO Y SEXO - 30 a 34 años - Mujeres,RANGO ETARIO Y SEXO,30 a 34 años,Mujeres,,,"['RANGO ETARIO Y SEXO', '30 a 34 años', 'Mujeres']",85
P4,C,VARIABLES DE SEGUIMIENTO DEL PSCV AL CORTE,P4201700,Obesidad: IMC igual o Mayor a 32KG/M2 >65 años,COL12,O,15,RANGO ETARIO Y SEXO - 35 a 39 años - Hombres,RANGO ETARIO Y SEXO,35 a 39 años,Hombres,,,"['RANGO ETARIO Y SEXO', '35 a 39 años', 'Hombres']",85
P4,C,VARIABLES DE SEGUIMIENTO DEL PSCV AL CORTE,P4201700,Obesidad: IMC igual o Mayor a 32KG/M2 >65 años,COL13,P,16,RANGO ETARIO Y SEXO - 35 a 39 años - Mujeres,RANGO ETARIO Y SEXO,35 a 39 años,Mujeres,,,"['RANGO ETARIO Y SEXO', '35 a 39 años', 'Mujeres']",85
P4,C,VARIABLES DE SEGUIMIENTO DEL PSCV AL CORTE,P4201700,Obesidad: IMC igual o Mayor a 32KG/M2 >65 años,COL14,Q,17,RANGO ETARIO Y SEXO - 40 a 44 años - Hombres,RANGO ETARIO Y SEXO,40 a 44 años,Hombres,,,"['RANGO ETARIO Y SEXO', '40 a 44 años', 'Hombres']",85
P4,C,VARIABLES DE SEGUIMIENTO DEL PSCV AL CORTE,P4201700,Obesidad: IMC igual o Mayor a 32KG/M2 >65 años,COL15,R,18,RANGO ETARIO Y SEXO - 40 a 44 años - Mujeres,RANGO ETARIO Y SEXO,40 a 44 años,Mujeres,,,"['RANGO ETARIO Y SEXO', '40 a 44 años', 'Mujeres']",85
P4,C,VARIABLES DE SEGUIMIENTO DEL PSCV AL CORTE,P4201700,Obesidad: IMC igual o Mayor a 32KG/M2 >65 años,COL16,S,19,RANGO ETARIO Y SEXO - 45 a 49 años - Hombres,RANGO ETARIO Y SEXO,45 a 49 años,Hombres,,,"['RANGO ETARIO Y SEXO', '45 a 49 años', 'Hombres']",85
P4,C,VARIABLES DE SEGUIMIENTO DEL PSCV AL CORTE,P4201700,Obesidad: IMC igual o Mayor a 32KG/M2 >65 años,COL17,T,20,RANGO ETARIO Y SEXO - 45 a 49 años - Mujeres,RANGO ETARIO Y SEXO,45 a 49 años,Mujeres,,,"['RANGO ETARIO Y SEXO', '45 a 49 años', 'Mujeres']",85
P4,C,VARIABLES DE SEGUIMIENTO DEL PSCV AL CORTE,P4201700,Obesidad: IMC igual o Mayor a 32KG/M2 >65 años,COL18,U,21,RANGO ETARIO Y SEXO - 50 a 54 años - Hombres,RANGO ETARIO Y SEXO,50 a 54 años,Hombres,,,"['RANGO ETARIO Y SEXO', '50 a 54 años', 'Hombres']",85
P4,C,VARIABLES DE SEGUIMIENTO DEL PSCV AL CORTE,P4201700,Obesidad: IMC igual o Mayor a 32KG/M2 >65 años,COL19,V,22,RANGO ETARIO Y SEXO - 50 a 54 años - Mujeres,RANGO ETARIO Y SEXO,50 a 54 años,Mujeres,,,"['RANGO ETARIO Y SEXO', '50 a 54 años', 'Mujeres']",85
P4,C,VARIABLES DE SEGUIMIENTO DEL PSCV AL CORTE,P4201700,Obesidad: IMC igual o Mayor a 32KG/M2 >65 años,COL20,W,23,RANGO ETARIO Y SEXO - 55 a 59 años - Hombres,RANGO ETARIO Y SEXO,55 a 59 años,Hombres,,,"['RANGO ETARIO Y SEXO', '55 a 59 años', 'Hombres']",85
P4,C,VARIABLES DE SEGUIMIENTO DEL PSCV AL CORTE,P4201700,Obesidad: IMC igual o Mayor a 32KG/M2 >65 años,COL21,X,24,RANGO ETARIO Y SEXO - 55 a 59 años - Mujeres,RANGO ETARIO Y SEXO,55 a 59 años,Mujeres,,,"['RANGO ETARIO Y SEXO', '55 a 59 años', 'Mujeres']",85
P4,C,VARIABLES DE SEGUIMIENTO DEL PSCV AL CORTE,P4201700,Obesidad: IMC igual o Mayor a 32KG/M2 >65 años,COL22,Y,25,RANGO ETARIO Y SEXO - 60 a 64 años - Hombres,RANGO ETARIO Y SEXO,60 a 64 años,Hombres,,,"['RANGO ETARIO Y SEXO', '60 a 64 años', 'Hombres']",85
P4,C,VARIABLES DE SEGUIMIENTO DEL PSCV AL CORTE,P4201700,Obesidad: IMC igual o Mayor a 32KG/M2 >65 años,COL23,Z,26,RANGO ETARIO Y SEXO - 60 a 64 años - Mujeres,RANGO ETARIO Y SEXO,60 a 64 años,Mujeres,,,"['RANGO ETARIO Y SEXO', '60 a 64 años', 'Mujeres']",85
P4,C,VARIABLES DE SEGUIMIENTO DEL PSCV AL CORTE,P4201700,Obesidad: IMC igual o Mayor a 32KG/M2 >65 años,COL24,AA,27,RANGO ETARIO Y SEXO - 65 a 69 años - Hombres,RANGO ETARIO Y SEXO,65 a 69 años,Hombres,,,"['RANGO ETARIO Y SEXO', '65 a 69 años', 'Hombres']",85
P4,C,VARIABLES DE SEGUIMIENTO DEL PSCV AL CORTE,P4201700,Obesidad: IMC igual o Mayor a 32KG/M2 >65 años,COL25,AB,28,RANGO ETARIO Y SEXO - 65 a 69 años - Mujeres,RANGO ETARIO Y SEXO,65 a 69 años,Mujeres,,,"['RANGO ETARIO Y SEXO', '65 a 69 años', 'Mujeres']",85
P4,C,VARIABLES DE SEGUIMIENTO DEL PSCV AL CORTE,P4201700,Obesidad: IMC igual o Mayor a 32KG/M2 >65 años,COL26,AC,29,RANGO ETARIO Y SEXO - 70 a 74 años - Hombres,RANGO ETARIO Y SEXO,70 a 74 años,Hombres,,,"['RANGO ETARIO Y SEXO', '70 a 74 años', 'Hombres']",85
P4,C,VARIABLES DE SEGUIMIENTO DEL PSCV AL CORTE,P4201700,Obesidad: IMC igual o Mayor a 32KG/M2 >65 años,COL27,AD,30,RANGO ETARIO Y SEXO - 70 a 74 años - Mujeres,RANGO ETARIO Y SEXO,70 a 74 años,Mujeres,,,"['RANGO ETARIO Y SEXO', '70 a 74 años', 'Mujeres']",85
P4,C,VARIABLES DE SEGUIMIENTO DEL PSCV AL CORTE,P4201700,Obesidad: IMC igual o Mayor a 32KG/M2 >65 años,COL28,AE,31,RANGO ETARIO Y SEXO - 75 a 79 años - Hombres,RANGO ETARIO Y SEXO,75 a 79 años,Hombres,,,"['RANGO ETARIO Y SEXO', '75 a 79 años', 'Hombres']",85
P4,C,VARIABLES DE SEGUIMIENTO DEL PSCV AL CORTE,P4201700,Obesidad: IMC igual o Mayor a 32KG/M2 >65 años,COL29,AF,32,RANGO ETARIO Y SEXO - 75 a 79 años - Mujeres,RANGO ETARIO Y SEXO,75 a 79 años,Mujeres,,,"['RANGO ETARIO Y SEXO', '75 a 79 años', 'Mujeres']",85
P4,C,VARIABLES DE SEGUIMIENTO DEL PSCV AL CORTE,P4201700,Obesidad: IMC igual o Mayor a 32KG/M2 >65 años,COL30,AG,33,RANGO ETARIO Y SEXO - 80 y más años - Hombres,RANGO ETARIO Y SEXO,80 y más años,Hombres,,,"['RANGO ETARIO Y SEXO', '80 y más años', 'Hombres']",85
P4,C,VARIABLES DE SEGUIMIENTO DEL PSCV AL CORTE,P4201700,Obesidad: IMC igual o Mayor a 32KG/M2 >65 años,COL31,AH,34,RANGO ETARIO Y SEXO - 80 y más años - Mujeres,RANGO ETARIO Y SEXO,80 y más años,Mujeres,,,"['RANGO ETARIO Y SEXO', '80 y más años', 'Mujeres']",85
P4,C,VARIABLES DE SEGUIMIENTO DEL PSCV AL CORTE,P4201700,Obesidad: IMC igual o Mayor a 32KG/M2 >65 años,COL32,AI,35,Pueblos Originarios - Hombres,Pueblos Originarios,Hombres,,,,"['Pueblos Originarios', 'Hombres']",85
P4,C,VARIABLES DE SEGUIMIENTO DEL PSCV AL CORTE,P4201700,Obesidad: IMC igual o Mayor a 32KG/M2 >65 años,COL33,AJ,36,Pueblos Originarios - Mujeres,Pueblos Originarios,Mujeres,,,,"['Pueblos Originarios', 'Mujeres']",85
P4,C,VARIABLES DE SEGUIMIENTO DEL PSCV AL CORTE,P4201700,Obesidad: IMC igual o Mayor a 32KG/M2 >65 años,COL34,AK,37,Migrantes - Hombres,Migrantes,Hombres,,,,"['Migrantes', 'Hombres']",85
P4,C,VARIABLES DE SEGUIMIENTO DEL PSCV AL CORTE,P4201700,Obesidad: IMC igual o Mayor a 32KG/M2 >65 años,COL35,AL,38,Migrantes - Mujeres,Migrantes,Mujeres,,,,"['Migrantes', 'Mujeres']",85
P4,C,VARIABLES DE SEGUIMIENTO DEL PSCV AL CORTE,P4302104,Personas en actividad física salud cardiovascular,COL01,D,4,TOTAL - Ambos sexos,TOTAL,Ambos sexos,,,,"['TOTAL', 'Ambos sexos']",86
P4,C,VARIABLES DE SEGUIMIENTO DEL PSCV AL CORTE,P4302104,Personas en actividad física salud cardiovascular,COL02,E,5,TOTAL - Hombres,TOTAL,Hombres,,,,"['TOTAL', 'Hombres']",86
P4,C,VARIABLES DE SEGUIMIENTO DEL PSCV AL CORTE,P4302104,Personas en actividad física salud cardiovascular,COL03,F,6,TOTAL - Mujeres,TOTAL,Mujeres,,,,"['TOTAL', 'Mujeres']",86
P4,C,VARIABLES DE SEGUIMIENTO DEL PSCV AL CORTE,P4302104,Personas en actividad física salud cardiovascular,COL04,G,7,RANGO ETARIO Y SEXO - 15 a 19 años - Hombres,RANGO ETARIO Y SEXO,15 a 19 años,Hombres,,,"['RANGO ETARIO Y SEXO', '15 a 19 años', 'Hombres']",86
P4,C,VARIABLES DE SEGUIMIENTO DEL PSCV AL CORTE,P4302104,Personas en actividad física salud cardiovascular,COL05,H,8,RANGO ETARIO Y SEXO - 15 a 19 años - Mujeres,RANGO ETARIO Y SEXO,15 a 19 años,Mujeres,,,"['RANGO ETARIO Y SEXO', '15 a 19 años', 'Mujeres']",86
P4,C,VARIABLES DE SEGUIMIENTO DEL PSCV AL CORTE,P4302104,Personas en actividad física salud cardiovascular,COL06,I,9,RANGO ETARIO Y SEXO - 20 a 24 años - Hombres,RANGO ETARIO Y SEXO,20 a 24 años,Hombres,,,"['RANGO ETARIO Y SEXO', '20 a 24 años', 'Hombres']",86
P4,C,VARIABLES DE SEGUIMIENTO DEL PSCV AL CORTE,P4302104,Personas en actividad física salud cardiovascular,COL07,J,10,RANGO ETARIO Y SEXO - 20 a 24 años - Mujeres,RANGO ETARIO Y SEXO,20 a 24 años,Mujeres,,,"['RANGO ETARIO Y SEXO', '20 a 24 años', 'Mujeres']",86
P4,C,VARIABLES DE SEGUIMIENTO DEL PSCV AL CORTE,P4302104,Personas en actividad física salud cardiovascular,COL08,K,11,RANGO ETARIO Y SEXO - 25 a 29 años - Hombres,RANGO ETARIO Y SEXO,25 a 29 años,Hombres,,,"['RANGO ETARIO Y SEXO', '25 a 29 años', 'Hombres']",86
P4,C,VARIABLES DE SEGUIMIENTO DEL PSCV AL CORTE,P4302104,Personas en actividad física salud cardiovascular,COL09,L,12,RANGO ETARIO Y SEXO - 25 a 29 años - Mujeres,RANGO ETARIO Y SEXO,25 a 29 años,Mujeres,,,"['RANGO ETARIO Y SEXO', '25 a 29 años', 'Mujeres']",86
P4,C,VARIABLES DE SEGUIMIENTO DEL PSCV AL CORTE,P4302104,Personas en actividad física salud cardiovascular,COL10,M,13,RANGO ETARIO Y SEXO - 30 a 34 años - Hombres,RANGO ETARIO Y SEXO,30 a 34 años,Hombres,,,"['RANGO ETARIO Y SEXO', '30 a 34 años', 'Hombres']",86
P4,C,VARIABLES DE SEGUIMIENTO DEL PSCV AL CORTE,P4302104,Personas en actividad física salud cardiovascular,COL11,N,14,RANGO ETARIO Y SEXO - 30 a 34 años - Mujeres,RANGO ETARIO Y SEXO,30 a 34 años,Mujeres,,,"['RANGO ETARIO Y SEXO', '30 a 34 años', 'Mujeres']",86
P4,C,VARIABLES DE SEGUIMIENTO DEL PSCV AL CORTE,P4302104,Personas en actividad física salud cardiovascular,COL12,O,15,RANGO ETARIO Y SEXO - 35 a 39 años - Hombres,RANGO ETARIO Y SEXO,35 a 39 años,Hombres,,,"['RANGO ETARIO Y SEXO', '35 a 39 años', 'Hombres']",86
P4,C,VARIABLES DE SEGUIMIENTO DEL PSCV AL CORTE,P4302104,Personas en actividad física salud cardiovascular,COL13,P,16,RANGO ETARIO Y SEXO - 35 a 39 años - Mujeres,RANGO ETARIO Y SEXO,35 a 39 años,Mujeres,,,"['RANGO ETARIO Y SEXO', '35 a 39 años', 'Mujeres']",86
P4,C,VARIABLES DE SEGUIMIENTO DEL PSCV AL CORTE,P4302104,Personas en actividad física salud cardiovascular,COL14,Q,17,RANGO ETARIO Y SEXO - 40 a 44 años - Hombres,RANGO ETARIO Y SEXO,40 a 44 años,Hombres,,,"['RANGO ETARIO Y SEXO', '40 a 44 años', 'Hombres']",86
P4,C,VARIABLES DE SEGUIMIENTO DEL PSCV AL CORTE,P4302104,Personas en actividad física salud cardiovascular,COL15,R,18,RANGO ETARIO Y SEXO - 40 a 44 años - Mujeres,RANGO ETARIO Y SEXO,40 a 44 años,Mujeres,,,"['RANGO ETARIO Y SEXO', '40 a 44 años', 'Mujeres']",86
P4,C,VARIABLES DE SEGUIMIENTO DEL PSCV AL CORTE,P4302104,Personas en actividad física salud cardiovascular,COL16,S,19,RANGO ETARIO Y SEXO - 45 a 49 años - Hombres,RANGO ETARIO Y SEXO,45 a 49 años,Hombres,,,"['RANGO ETARIO Y SEXO', '45 a 49 años', 'Hombres']",86
P4,C,VARIABLES DE SEGUIMIENTO DEL PSCV AL CORTE,P4302104,Personas en actividad física salud cardiovascular,COL17,T,20,RANGO ETARIO Y SEXO - 45 a 49 años - Mujeres,RANGO ETARIO Y SEXO,45 a 49 años,Mujeres,,,"['RANGO ETARIO Y SEXO', '45 a 49 años', 'Mujeres']",86
P4,C,VARIABLES DE SEGUIMIENTO DEL PSCV AL CORTE,P4302104,Personas en actividad física salud cardiovascular,COL18,U,21,RANGO ETARIO Y SEXO - 50 a 54 años - Hombres,RANGO ETARIO Y SEXO,50 a 54 años,Hombres,,,"['RANGO ETARIO Y SEXO', '50 a 54 años', 'Hombres']",86
P4,C,VARIABLES DE SEGUIMIENTO DEL PSCV AL CORTE,P4302104,Personas en actividad física salud cardiovascular,COL19,V,22,RANGO ETARIO Y SEXO - 50 a 54 años - Mujeres,RANGO ETARIO Y SEXO,50 a 54 años,Mujeres,,,"['RANGO ETARIO Y SEXO', '50 a 54 años', 'Mujeres']",86
P4,C,VARIABLES DE SEGUIMIENTO DEL PSCV AL CORTE,P4302104,Personas en actividad física salud cardiovascular,COL20,W,23,RANGO ETARIO Y SEXO - 55 a 59 años - Hombres,RANGO ETARIO Y SEXO,55 a 59 años,Hombres,,,"['RANGO ETARIO Y SEXO', '55 a 59 años', 'Hombres']",86
P4,C,VARIABLES DE SEGUIMIENTO DEL PSCV AL CORTE,P4302104,Personas en actividad física salud cardiovascular,COL21,X,24,RANGO ETARIO Y SEXO - 55 a 59 años - Mujeres,RANGO ETARIO Y SEXO,55 a 59 años,Mujeres,,,"['RANGO ETARIO Y SEXO', '55 a 59 años', 'Mujeres']",86
P4,C,VARIABLES DE SEGUIMIENTO DEL PSCV AL CORTE,P4302104,Personas en actividad física salud cardiovascular,COL22,Y,25,RANGO ETARIO Y SEXO - 60 a 64 años - Hombres,RANGO ETARIO Y SEXO,60 a 64 años,Hombres,,,"['RANGO ETARIO Y SEXO', '60 a 64 años', 'Hombres']",86
P4,C,VARIABLES DE SEGUIMIENTO DEL PSCV AL CORTE,P4302104,Personas en actividad física salud cardiovascular,COL23,Z,26,RANGO ETARIO Y SEXO - 60 a 64 años - Mujeres,RANGO ETARIO Y SEXO,60 a 64 años,Mujeres,,,"['RANGO ETARIO Y SEXO', '60 a 64 años', 'Mujeres']",86
P4,C,VARIABLES DE SEGUIMIENTO DEL PSCV AL CORTE,P4302104,Personas en actividad física salud cardiovascular,COL24,AA,27,RANGO ETARIO Y SEXO - 65 a 69 años - Hombres,RANGO ETARIO Y SEXO,65 a 69 años,Hombres,,,"['RANGO ETARIO Y SEXO', '65 a 69 años', 'Hombres']",86
P4,C,VARIABLES DE SEGUIMIENTO DEL PSCV AL CORTE,P4302104,Personas en actividad física salud cardiovascular,COL25,AB,28,RANGO ETARIO Y SEXO - 65 a 69 años - Mujeres,RANGO ETARIO Y SEXO,65 a 69 años,Mujeres,,,"['RANGO ETARIO Y SEXO', '65 a 69 años', 'Mujeres']",86
P4,C,VARIABLES DE SEGUIMIENTO DEL PSCV AL CORTE,P4302104,Personas en actividad física salud cardiovascular,COL26,AC,29,RANGO ETARIO Y SEXO - 70 a 74 años - Hombres,RANGO ETARIO Y SEXO,70 a 74 años,Hombres,,,"['RANGO ETARIO Y SEXO', '70 a 74 años', 'Hombres']",86
P4,C,VARIABLES DE SEGUIMIENTO DEL PSCV AL CORTE,P4302104,Personas en actividad física salud cardiovascular,COL27,AD,30,RANGO ETARIO Y SEXO - 70 a 74 años - Mujeres,RANGO ETARIO Y SEXO,70 a 74 años,Mujeres,,,"['RANGO ETARIO Y SEXO', '70 a 74 años', 'Mujeres']",86
P4,C,VARIABLES DE SEGUIMIENTO DEL PSCV AL CORTE,P4302104,Personas en actividad física salud cardiovascular,COL28,AE,31,RANGO ETARIO Y SEXO - 75 a 79 años - Hombres,RANGO ETARIO Y SEXO,75 a 79 años,Hombres,,,"['RANGO ETARIO Y SEXO', '75 a 79 años', 'Hombres']",86
P4,C,VARIABLES DE SEGUIMIENTO DEL PSCV AL CORTE,P4302104,Personas en actividad física salud cardiovascular,COL29,AF,32,RANGO ETARIO Y SEXO - 75 a 79 años - Mujeres,RANGO ETARIO Y SEXO,75 a 79 años,Mujeres,,,"['RANGO ETARIO Y SEXO', '75 a 79 años', 'Mujeres']",86
P4,C,VARIABLES DE SEGUIMIENTO DEL PSCV AL CORTE,P4302104,Personas en actividad física salud cardiovascular,COL30,AG,33,RANGO ETARIO Y SEXO - 80 y más años - Hombres,RANGO ETARIO Y SEXO,80 y más años,Hombres,,,"['RANGO ETARIO Y SEXO', '80 y más años', 'Hombres']",86
P4,C,VARIABLES DE SEGUIMIENTO DEL PSCV AL CORTE,P4302104,Personas en actividad física salud cardiovascular,COL31,AH,34,RANGO ETARIO Y SEXO - 80 y más años - Mujeres,RANGO ETARIO Y SEXO,80 y más años,Mujeres,,,"['RANGO ETARIO Y SEXO', '80 y más años', 'Mujeres']",86
P4,C,VARIABLES DE SEGUIMIENTO DEL PSCV AL CORTE,P4302104,Personas en actividad física salud cardiovascular,COL32,AI,35,Pueblos Originarios - Hombres,Pueblos Originarios,Hombres,,,,"['Pueblos Originarios', 'Hombres']",86
P4,C,VARIABLES DE SEGUIMIENTO DEL PSCV AL CORTE,P4302104,Personas en actividad física salud cardiovascular,COL33,AJ,36,Pueblos Originarios - Mujeres,Pueblos Originarios,Mujeres,,,,"['Pueblos Originarios', 'Mujeres']",86
P4,C,VARIABLES DE SEGUIMIENTO DEL PSCV AL CORTE,P4302104,Personas en actividad física salud cardiovascular,COL34,AK,37,Migrantes - Hombres,Migrantes,Hombres,,,,"['Migrantes', 'Hombres']",86
P4,C,VARIABLES DE SEGUIMIENTO DEL PSCV AL CORTE,P4302104,Personas en actividad física salud cardiovascular,COL35,AL,38,Migrantes - Mujeres,Migrantes,Mujeres,,,,"['Migrantes', 'Mujeres']",86
P4,C,VARIABLES DE SEGUIMIENTO DEL PSCV AL CORTE,P4401021,Fumador actual,COL01,D,4,TOTAL - Ambos sexos,TOTAL,Ambos sexos,,,,"['TOTAL', 'Ambos sexos']",87
P4,C,VARIABLES DE SEGUIMIENTO DEL PSCV AL CORTE,P4401021,Fumador actual,COL02,E,5,TOTAL - Hombres,TOTAL,Hombres,,,,"['TOTAL', 'Hombres']",87
P4,C,VARIABLES DE SEGUIMIENTO DEL PSCV AL CORTE,P4401021,Fumador actual,COL03,F,6,TOTAL - Mujeres,TOTAL,Mujeres,,,,"['TOTAL', 'Mujeres']",87
P4,C,VARIABLES DE SEGUIMIENTO DEL PSCV AL CORTE,P4401021,Fumador actual,COL04,G,7,RANGO ETARIO Y SEXO - 15 a 19 años - Hombres,RANGO ETARIO Y SEXO,15 a 19 años,Hombres,,,"['RANGO ETARIO Y SEXO', '15 a 19 años', 'Hombres']",87
P4,C,VARIABLES DE SEGUIMIENTO DEL PSCV AL CORTE,P4401021,Fumador actual,COL05,H,8,RANGO ETARIO Y SEXO - 15 a 19 años - Mujeres,RANGO ETARIO Y SEXO,15 a 19 años,Mujeres,,,"['RANGO ETARIO Y SEXO', '15 a 19 años', 'Mujeres']",87
P4,C,VARIABLES DE SEGUIMIENTO DEL PSCV AL CORTE,P4401021,Fumador actual,COL06,I,9,RANGO ETARIO Y SEXO - 20 a 24 años - Hombres,RANGO ETARIO Y SEXO,20 a 24 años,Hombres,,,"['RANGO ETARIO Y SEXO', '20 a 24 años', 'Hombres']",87
P4,C,VARIABLES DE SEGUIMIENTO DEL PSCV AL CORTE,P4401021,Fumador actual,COL07,J,10,RANGO ETARIO Y SEXO - 20 a 24 años - Mujeres,RANGO ETARIO Y SEXO,20 a 24 años,Mujeres,,,"['RANGO ETARIO Y SEXO', '20 a 24 años', 'Mujeres']",87
P4,C,VARIABLES DE SEGUIMIENTO DEL PSCV AL CORTE,P4401021,Fumador actual,COL08,K,11,RANGO ETARIO Y SEXO - 25 a 29 años - Hombres,RANGO ETARIO Y SEXO,25 a 29 años,Hombres,,,"['RANGO ETARIO Y SEXO', '25 a 29 años', 'Hombres']",87
P4,C,VARIABLES DE SEGUIMIENTO DEL PSCV AL CORTE,P4401021,Fumador actual,COL09,L,12,RANGO ETARIO Y SEXO - 25 a 29 años - Mujeres,RANGO ETARIO Y SEXO,25 a 29 años,Mujeres,,,"['RANGO ETARIO Y SEXO', '25 a 29 años', 'Mujeres']",87
P4,C,VARIABLES DE SEGUIMIENTO DEL PSCV AL CORTE,P4401021,Fumador actual,COL10,M,13,RANGO ETARIO Y SEXO - 30 a 34 años - Hombres,RANGO ETARIO Y SEXO,30 a 34 años,Hombres,,,"['RANGO ETARIO Y SEXO', '30 a 34 años', 'Hombres']",87
P4,C,VARIABLES DE SEGUIMIENTO DEL PSCV AL CORTE,P4401021,Fumador actual,COL11,N,14,RANGO ETARIO Y SEXO - 30 a 34 años - Mujeres,RANGO ETARIO Y SEXO,30 a 34 años,Mujeres,,,"['RANGO ETARIO Y SEXO', '30 a 34 años', 'Mujeres']",87
P4,C,VARIABLES DE SEGUIMIENTO DEL PSCV AL CORTE,P4401021,Fumador actual,COL12,O,15,RANGO ETARIO Y SEXO - 35 a 39 años - Hombres,RANGO ETARIO Y SEXO,35 a 39 años,Hombres,,,"['RANGO ETARIO Y SEXO', '35 a 39 años', 'Hombres']",87
P4,C,VARIABLES DE SEGUIMIENTO DEL PSCV AL CORTE,P4401021,Fumador actual,COL13,P,16,RANGO ETARIO Y SEXO - 35 a 39 años - Mujeres,RANGO ETARIO Y SEXO,35 a 39 años,Mujeres,,,"['RANGO ETARIO Y SEXO', '35 a 39 años', 'Mujeres']",87
P4,C,VARIABLES DE SEGUIMIENTO DEL PSCV AL CORTE,P4401021,Fumador actual,COL14,Q,17,RANGO ETARIO Y SEXO - 40 a 44 años - Hombres,RANGO ETARIO Y SEXO,40 a 44 años,Hombres,,,"['RANGO ETARIO Y SEXO', '40 a 44 años', 'Hombres']",87
P4,C,VARIABLES DE SEGUIMIENTO DEL PSCV AL CORTE,P4401021,Fumador actual,COL15,R,18,RANGO ETARIO Y SEXO - 40 a 44 años - Mujeres,RANGO ETARIO Y SEXO,40 a 44 años,Mujeres,,,"['RANGO ETARIO Y SEXO', '40 a 44 años', 'Mujeres']",87
P4,C,VARIABLES DE SEGUIMIENTO DEL PSCV AL CORTE,P4401021,Fumador actual,COL16,S,19,RANGO ETARIO Y SEXO - 45 a 49 años - Hombres,RANGO ETARIO Y SEXO,45 a 49 años,Hombres,,,"['RANGO ETARIO Y SEXO', '45 a 49 años', 'Hombres']",87
P4,C,VARIABLES DE SEGUIMIENTO DEL PSCV AL CORTE,P4401021,Fumador actual,COL17,T,20,RANGO ETARIO Y SEXO - 45 a 49 años - Mujeres,RANGO ETARIO Y SEXO,45 a 49 años,Mujeres,,,"['RANGO ETARIO Y SEXO', '45 a 49 años', 'Mujeres']",87
P4,C,VARIABLES DE SEGUIMIENTO DEL PSCV AL CORTE,P4401021,Fumador actual,COL18,U,21,RANGO ETARIO Y SEXO - 50 a 54 años - Hombres,RANGO ETARIO Y SEXO,50 a 54 años,Hombres,,,"['RANGO ETARIO Y SEXO', '50 a 54 años', 'Hombres']",87
P4,C,VARIABLES DE SEGUIMIENTO DEL PSCV AL CORTE,P4401021,Fumador actual,COL19,V,22,RANGO ETARIO Y SEXO - 50 a 54 años - Mujeres,RANGO ETARIO Y SEXO,50 a 54 años,Mujeres,,,"['RANGO ETARIO Y SEXO', '50 a 54 años', 'Mujeres']",87
P4,C,VARIABLES DE SEGUIMIENTO DEL PSCV AL CORTE,P4401021,Fumador actual,COL20,W,23,RANGO ETARIO Y SEXO - 55 a 59 años - Hombres,RANGO ETARIO Y SEXO,55 a 59 años,Hombres,,,"['RANGO ETARIO Y SEXO', '55 a 59 años', 'Hombres']",87
P4,C,VARIABLES DE SEGUIMIENTO DEL PSCV AL CORTE,P4401021,Fumador actual,COL21,X,24,RANGO ETARIO Y SEXO - 55 a 59 años - Mujeres,RANGO ETARIO Y SEXO,55 a 59 años,Mujeres,,,"['RANGO ETARIO Y SEXO', '55 a 59 años', 'Mujeres']",87
P4,C,VARIABLES DE SEGUIMIENTO DEL PSCV AL CORTE,P4401021,Fumador actual,COL22,Y,25,RANGO ETARIO Y SEXO - 60 a 64 años - Hombres,RANGO ETARIO Y SEXO,60 a 64 años,Hombres,,,"['RANGO ETARIO Y SEXO', '60 a 64 años', 'Hombres']",87
P4,C,VARIABLES DE SEGUIMIENTO DEL PSCV AL CORTE,P4401021,Fumador actual,COL23,Z,26,RANGO ETARIO Y SEXO - 60 a 64 años - Mujeres,RANGO ETARIO Y SEXO,60 a 64 años,Mujeres,,,"['RANGO ETARIO Y SEXO', '60 a 64 años', 'Mujeres']",87
P4,C,VARIABLES DE SEGUIMIENTO DEL PSCV AL CORTE,P4401021,Fumador actual,COL24,AA,27,RANGO ETARIO Y SEXO - 65 a 69 años - Hombres,RANGO ETARIO Y SEXO,65 a 69 años,Hombres,,,"['RANGO ETARIO Y SEXO', '65 a 69 años', 'Hombres']",87
P4,C,VARIABLES DE SEGUIMIENTO DEL PSCV AL CORTE,P4401021,Fumador actual,COL25,AB,28,RANGO ETARIO Y SEXO - 65 a 69 años - Mujeres,RANGO ETARIO Y SEXO,65 a 69 años,Mujeres,,,"['RANGO ETARIO Y SEXO', '65 a 69 años', 'Mujeres']",87
P4,C,VARIABLES DE SEGUIMIENTO DEL PSCV AL CORTE,P4401021,Fumador actual,COL26,AC,29,RANGO ETARIO Y SEXO - 70 a 74 años - Hombres,RANGO ETARIO Y SEXO,70 a 74 años,Hombres,,,"['RANGO ETARIO Y SEXO', '70 a 74 años', 'Hombres']",87
P4,C,VARIABLES DE SEGUIMIENTO DEL PSCV AL CORTE,P4401021,Fumador actual,COL27,AD,30,RANGO ETARIO Y SEXO - 70 a 74 años - Mujeres,RANGO ETARIO Y SEXO,70 a 74 años,Mujeres,,,"['RANGO ETARIO Y SEXO', '70 a 74 años', 'Mujeres']",87
P4,C,VARIABLES DE SEGUIMIENTO DEL PSCV AL CORTE,P4401021,Fumador actual,COL28,AE,31,RANGO ETARIO Y SEXO - 75 a 79 años - Hombres,RANGO ETARIO Y SEXO,75 a 79 años,Hombres,,,"['RANGO ETARIO Y SEXO', '75 a 79 años', 'Hombres']",87
P4,C,VARIABLES DE SEGUIMIENTO DEL PSCV AL CORTE,P4401021,Fumador actual,COL29,AF,32,RANGO ETARIO Y SEXO - 75 a 79 años - Mujeres,RANGO ETARIO Y SEXO,75 a 79 años,Mujeres,,,"['RANGO ETARIO Y SEXO', '75 a 79 años', 'Mujeres']",87
P4,C,VARIABLES DE SEGUIMIENTO DEL PSCV AL CORTE,P4401021,Fumador actual,COL30,AG,33,RANGO ETARIO Y SEXO - 80 y más años - Hombres,RANGO ETARIO Y SEXO,80 y más años,Hombres,,,"['RANGO ETARIO Y SEXO', '80 y más años', 'Hombres']",87
P4,C,VARIABLES DE SEGUIMIENTO DEL PSCV AL CORTE,P4401021,Fumador actual,COL31,AH,34,RANGO ETARIO Y SEXO - 80 y más años - Mujeres,RANGO ETARIO Y SEXO,80 y más años,Mujeres,,,"['RANGO ETARIO Y SEXO', '80 y más años', 'Mujeres']",87
P4,C,VARIABLES DE SEGUIMIENTO DEL PSCV AL CORTE,P4401021,Fumador actual,COL32,AI,35,Pueblos Originarios - Hombres,Pueblos Originarios,Hombres,,,,"['Pueblos Originarios', 'Hombres']",87
P4,C,VARIABLES DE SEGUIMIENTO DEL PSCV AL CORTE,P4401021,Fumador actual,COL33,AJ,36,Pueblos Originarios - Mujeres,Pueblos Originarios,Mujeres,,,,"['Pueblos Originarios', 'Mujeres']",87
P4,C,VARIABLES DE SEGUIMIENTO DEL PSCV AL CORTE,P4401021,Fumador actual,COL34,AK,37,Migrantes - Hombres,Migrantes,Hombres,,,,"['Migrantes', 'Hombres']",87
P4,C,VARIABLES DE SEGUIMIENTO DEL PSCV AL CORTE,P4401021,Fumador actual,COL35,AL,38,Migrantes - Mujeres,Migrantes,Mujeres,,,,"['Migrantes', 'Mujeres']",87
P4,C,VARIABLES DE SEGUIMIENTO DEL PSCV AL CORTE,P4401022,Enfermedad Renal Crónica (ERC) - Sin enfermedad renal (S/ERC),COL01,D,4,TOTAL - Ambos sexos,TOTAL,Ambos sexos,,,,"['TOTAL', 'Ambos sexos']",88
P4,C,VARIABLES DE SEGUIMIENTO DEL PSCV AL CORTE,P4401022,Enfermedad Renal Crónica (ERC) - Sin enfermedad renal (S/ERC),COL02,E,5,TOTAL - Hombres,TOTAL,Hombres,,,,"['TOTAL', 'Hombres']",88
P4,C,VARIABLES DE SEGUIMIENTO DEL PSCV AL CORTE,P4401022,Enfermedad Renal Crónica (ERC) - Sin enfermedad renal (S/ERC),COL03,F,6,TOTAL - Mujeres,TOTAL,Mujeres,,,,"['TOTAL', 'Mujeres']",88
P4,C,VARIABLES DE SEGUIMIENTO DEL PSCV AL CORTE,P4401022,Enfermedad Renal Crónica (ERC) - Sin enfermedad renal (S/ERC),COL04,G,7,RANGO ETARIO Y SEXO - 15 a 19 años - Hombres,RANGO ETARIO Y SEXO,15 a 19 años,Hombres,,,"['RANGO ETARIO Y SEXO', '15 a 19 años', 'Hombres']",88
P4,C,VARIABLES DE SEGUIMIENTO DEL PSCV AL CORTE,P4401022,Enfermedad Renal Crónica (ERC) - Sin enfermedad renal (S/ERC),COL05,H,8,RANGO ETARIO Y SEXO - 15 a 19 años - Mujeres,RANGO ETARIO Y SEXO,15 a 19 años,Mujeres,,,"['RANGO ETARIO Y SEXO', '15 a 19 años', 'Mujeres']",88
P4,C,VARIABLES DE SEGUIMIENTO DEL PSCV AL CORTE,P4401022,Enfermedad Renal Crónica (ERC) - Sin enfermedad renal (S/ERC),COL06,I,9,RANGO ETARIO Y SEXO - 20 a 24 años - Hombres,RANGO ETARIO Y SEXO,20 a 24 años,Hombres,,,"['RANGO ETARIO Y SEXO', '20 a 24 años', 'Hombres']",88
P4,C,VARIABLES DE SEGUIMIENTO DEL PSCV AL CORTE,P4401022,Enfermedad Renal Crónica (ERC) - Sin enfermedad renal (S/ERC),COL07,J,10,RANGO ETARIO Y SEXO - 20 a 24 años - Mujeres,RANGO ETARIO Y SEXO,20 a 24 años,Mujeres,,,"['RANGO ETARIO Y SEXO', '20 a 24 años', 'Mujeres']",88
P4,C,VARIABLES DE SEGUIMIENTO DEL PSCV AL CORTE,P4401022,Enfermedad Renal Crónica (ERC) - Sin enfermedad renal (S/ERC),COL08,K,11,RANGO ETARIO Y SEXO - 25 a 29 años - Hombres,RANGO ETARIO Y SEXO,25 a 29 años,Hombres,,,"['RANGO ETARIO Y SEXO', '25 a 29 años', 'Hombres']",88
P4,C,VARIABLES DE SEGUIMIENTO DEL PSCV AL CORTE,P4401022,Enfermedad Renal Crónica (ERC) - Sin enfermedad renal (S/ERC),COL09,L,12,RANGO ETARIO Y SEXO - 25 a 29 años - Mujeres,RANGO ETARIO Y SEXO,25 a 29 años,Mujeres,,,"['RANGO ETARIO Y SEXO', '25 a 29 años', 'Mujeres']",88
P4,C,VARIABLES DE SEGUIMIENTO DEL PSCV AL CORTE,P4401022,Enfermedad Renal Crónica (ERC) - Sin enfermedad renal (S/ERC),COL10,M,13,RANGO ETARIO Y SEXO - 30 a 34 años - Hombres,RANGO ETARIO Y SEXO,30 a 34 años,Hombres,,,"['RANGO ETARIO Y SEXO', '30 a 34 años', 'Hombres']",88
P4,C,VARIABLES DE SEGUIMIENTO DEL PSCV AL CORTE,P4401022,Enfermedad Renal Crónica (ERC) - Sin enfermedad renal (S/ERC),COL11,N,14,RANGO ETARIO Y SEXO - 30 a 34 años - Mujeres,RANGO ETARIO Y SEXO,30 a 34 años,Mujeres,,,"['RANGO ETARIO Y SEXO', '30 a 34 años', 'Mujeres']",88
P4,C,VARIABLES DE SEGUIMIENTO DEL PSCV AL CORTE,P4401022,Enfermedad Renal Crónica (ERC) - Sin enfermedad renal (S/ERC),COL12,O,15,RANGO ETARIO Y SEXO - 35 a 39 años - Hombres,RANGO ETARIO Y SEXO,35 a 39 años,Hombres,,,"['RANGO ETARIO Y SEXO', '35 a 39 años', 'Hombres']",88
P4,C,VARIABLES DE SEGUIMIENTO DEL PSCV AL CORTE,P4401022,Enfermedad Renal Crónica (ERC) - Sin enfermedad renal (S/ERC),COL13,P,16,RANGO ETARIO Y SEXO - 35 a 39 años - Mujeres,RANGO ETARIO Y SEXO,35 a 39 años,Mujeres,,,"['RANGO ETARIO Y SEXO', '35 a 39 años', 'Mujeres']",88
P4,C,VARIABLES DE SEGUIMIENTO DEL PSCV AL CORTE,P4401022,Enfermedad Renal Crónica (ERC) - Sin enfermedad renal (S/ERC),COL14,Q,17,RANGO ETARIO Y SEXO - 40 a 44 años - Hombres,RANGO ETARIO Y SEXO,40 a 44 años,Hombres,,,"['RANGO ETARIO Y SEXO', '40 a 44 años', 'Hombres']",88
P4,C,VARIABLES DE SEGUIMIENTO DEL PSCV AL CORTE,P4401022,Enfermedad Renal Crónica (ERC) - Sin enfermedad renal (S/ERC),COL15,R,18,RANGO ETARIO Y SEXO - 40 a 44 años - Mujeres,RANGO ETARIO Y SEXO,40 a 44 años,Mujeres,,,"['RANGO ETARIO Y SEXO', '40 a 44 años', 'Mujeres']",88
P4,C,VARIABLES DE SEGUIMIENTO DEL PSCV AL CORTE,P4401022,Enfermedad Renal Crónica (ERC) - Sin enfermedad renal (S/ERC),COL16,S,19,RANGO ETARIO Y SEXO - 45 a 49 años - Hombres,RANGO ETARIO Y SEXO,45 a 49 años,Hombres,,,"['RANGO ETARIO Y SEXO', '45 a 49 años', 'Hombres']",88
P4,C,VARIABLES DE SEGUIMIENTO DEL PSCV AL CORTE,P4401022,Enfermedad Renal Crónica (ERC) - Sin enfermedad renal (S/ERC),COL17,T,20,RANGO ETARIO Y SEXO - 45 a 49 años - Mujeres,RANGO ETARIO Y SEXO,45 a 49 años,Mujeres,,,"['RANGO ETARIO Y SEXO', '45 a 49 años', 'Mujeres']",88
P4,C,VARIABLES DE SEGUIMIENTO DEL PSCV AL CORTE,P4401022,Enfermedad Renal Crónica (ERC) - Sin enfermedad renal (S/ERC),COL18,U,21,RANGO ETARIO Y SEXO - 50 a 54 años - Hombres,RANGO ETARIO Y SEXO,50 a 54 años,Hombres,,,"['RANGO ETARIO Y SEXO', '50 a 54 años', 'Hombres']",88
P4,C,VARIABLES DE SEGUIMIENTO DEL PSCV AL CORTE,P4401022,Enfermedad Renal Crónica (ERC) - Sin enfermedad renal (S/ERC),COL19,V,22,RANGO ETARIO Y SEXO - 50 a 54 años - Mujeres,RANGO ETARIO Y SEXO,50 a 54 años,Mujeres,,,"['RANGO ETARIO Y SEXO', '50 a 54 años', 'Mujeres']",88
P4,C,VARIABLES DE SEGUIMIENTO DEL PSCV AL CORTE,P4401022,Enfermedad Renal Crónica (ERC) - Sin enfermedad renal (S/ERC),COL20,W,23,RANGO ETARIO Y SEXO - 55 a 59 años - Hombres,RANGO ETARIO Y SEXO,55 a 59 años,Hombres,,,"['RANGO ETARIO Y SEXO', '55 a 59 años', 'Hombres']",88
P4,C,VARIABLES DE SEGUIMIENTO DEL PSCV AL CORTE,P4401022,Enfermedad Renal Crónica (ERC) - Sin enfermedad renal (S/ERC),COL21,X,24,RANGO ETARIO Y SEXO - 55 a 59 años - Mujeres,RANGO ETARIO Y SEXO,55 a 59 años,Mujeres,,,"['RANGO ETARIO Y SEXO', '55 a 59 años', 'Mujeres']",88
P4,C,VARIABLES DE SEGUIMIENTO DEL PSCV AL CORTE,P4401022,Enfermedad Renal Crónica (ERC) - Sin enfermedad renal (S/ERC),COL22,Y,25,RANGO ETARIO Y SEXO - 60 a 64 años - Hombres,RANGO ETARIO Y SEXO,60 a 64 años,Hombres,,,"['RANGO ETARIO Y SEXO', '60 a 64 años', 'Hombres']",88
P4,C,VARIABLES DE SEGUIMIENTO DEL PSCV AL CORTE,P4401022,Enfermedad Renal Crónica (ERC) - Sin enfermedad renal (S/ERC),COL23,Z,26,RANGO ETARIO Y SEXO - 60 a 64 años - Mujeres,RANGO ETARIO Y SEXO,60 a 64 años,Mujeres,,,"['RANGO ETARIO Y SEXO', '60 a 64 años', 'Mujeres']",88
P4,C,VARIABLES DE SEGUIMIENTO DEL PSCV AL CORTE,P4401022,Enfermedad Renal Crónica (ERC) - Sin enfermedad renal (S/ERC),COL24,AA,27,RANGO ETARIO Y SEXO - 65 a 69 años - Hombres,RANGO ETARIO Y SEXO,65 a 69 años,Hombres,,,"['RANGO ETARIO Y SEXO', '65 a 69 años', 'Hombres']",88
P4,C,VARIABLES DE SEGUIMIENTO DEL PSCV AL CORTE,P4401022,Enfermedad Renal Crónica (ERC) - Sin enfermedad renal (S/ERC),COL25,AB,28,RANGO ETARIO Y SEXO - 65 a 69 años - Mujeres,RANGO ETARIO Y SEXO,65 a 69 años,Mujeres,,,"['RANGO ETARIO Y SEXO', '65 a 69 años', 'Mujeres']",88
P4,C,VARIABLES DE SEGUIMIENTO DEL PSCV AL CORTE,P4401022,Enfermedad Renal Crónica (ERC) - Sin enfermedad renal (S/ERC),COL26,AC,29,RANGO ETARIO Y SEXO - 70 a 74 años - Hombres,RANGO ETARIO Y SEXO,70 a 74 años,Hombres,,,"['RANGO ETARIO Y SEXO', '70 a 74 años', 'Hombres']",88
P4,C,VARIABLES DE SEGUIMIENTO DEL PSCV AL CORTE,P4401022,Enfermedad Renal Crónica (ERC) - Sin enfermedad renal (S/ERC),COL27,AD,30,RANGO ETARIO Y SEXO - 70 a 74 años - Mujeres,RANGO ETARIO Y SEXO,70 a 74 años,Mujeres,,,"['RANGO ETARIO Y SEXO', '70 a 74 años', 'Mujeres']",88
P4,C,VARIABLES DE SEGUIMIENTO DEL PSCV AL CORTE,P4401022,Enfermedad Renal Crónica (ERC) - Sin enfermedad renal (S/ERC),COL28,AE,31,RANGO ETARIO Y SEXO - 75 a 79 años - Hombres,RANGO ETARIO Y SEXO,75 a 79 años,Hombres,,,"['RANGO ETARIO Y SEXO', '75 a 79 años', 'Hombres']",88
P4,C,VARIABLES DE SEGUIMIENTO DEL PSCV AL CORTE,P4401022,Enfermedad Renal Crónica (ERC) - Sin enfermedad renal (S/ERC),COL29,AF,32,RANGO ETARIO Y SEXO - 75 a 79 años - Mujeres,RANGO ETARIO Y SEXO,75 a 79 años,Mujeres,,,"['RANGO ETARIO Y SEXO', '75 a 79 años', 'Mujeres']",88
P4,C,VARIABLES DE SEGUIMIENTO DEL PSCV AL CORTE,P4401022,Enfermedad Renal Crónica (ERC) - Sin enfermedad renal (S/ERC),COL30,AG,33,RANGO ETARIO Y SEXO - 80 y más años - Hombres,RANGO ETARIO Y SEXO,80 y más años,Hombres,,,"['RANGO ETARIO Y SEXO', '80 y más años', 'Hombres']",88
P4,C,VARIABLES DE SEGUIMIENTO DEL PSCV AL CORTE,P4401022,Enfermedad Renal Crónica (ERC) - Sin enfermedad renal (S/ERC),COL31,AH,34,RANGO ETARIO Y SEXO - 80 y más años - Mujeres,RANGO ETARIO Y SEXO,80 y más años,Mujeres,,,"['RANGO ETARIO Y SEXO', '80 y más años', 'Mujeres']",88
P4,C,VARIABLES DE SEGUIMIENTO DEL PSCV AL CORTE,P4401022,Enfermedad Renal Crónica (ERC) - Sin enfermedad renal (S/ERC),COL32,AI,35,Pueblos Originarios - Hombres,Pueblos Originarios,Hombres,,,,"['Pueblos Originarios', 'Hombres']",88
P4,C,VARIABLES DE SEGUIMIENTO DEL PSCV AL CORTE,P4401022,Enfermedad Renal Crónica (ERC) - Sin enfermedad renal (S/ERC),COL33,AJ,36,Pueblos Originarios - Mujeres,Pueblos Originarios,Mujeres,,,,"['Pueblos Originarios', 'Mujeres']",88
P4,C,VARIABLES DE SEGUIMIENTO DEL PSCV AL CORTE,P4401022,Enfermedad Renal Crónica (ERC) - Sin enfermedad renal (S/ERC),COL34,AK,37,Migrantes - Hombres,Migrantes,Hombres,,,,"['Migrantes', 'Hombres']",88
P4,C,VARIABLES DE SEGUIMIENTO DEL PSCV AL CORTE,P4401022,Enfermedad Renal Crónica (ERC) - Sin enfermedad renal (S/ERC),COL35,AL,38,Migrantes - Mujeres,Migrantes,Mujeres,,,,"['Migrantes', 'Mujeres']",88
P4,C,VARIABLES DE SEGUIMIENTO DEL PSCV AL CORTE,P4401023,Enfermedad Renal Crónica (ERC) - Etapa G1,COL01,D,4,TOTAL - Ambos sexos,TOTAL,Ambos sexos,,,,"['TOTAL', 'Ambos sexos']",89
P4,C,VARIABLES DE SEGUIMIENTO DEL PSCV AL CORTE,P4401023,Enfermedad Renal Crónica (ERC) - Etapa G1,COL02,E,5,TOTAL - Hombres,TOTAL,Hombres,,,,"['TOTAL', 'Hombres']",89
P4,C,VARIABLES DE SEGUIMIENTO DEL PSCV AL CORTE,P4401023,Enfermedad Renal Crónica (ERC) - Etapa G1,COL03,F,6,TOTAL - Mujeres,TOTAL,Mujeres,,,,"['TOTAL', 'Mujeres']",89
P4,C,VARIABLES DE SEGUIMIENTO DEL PSCV AL CORTE,P4401023,Enfermedad Renal Crónica (ERC) - Etapa G1,COL04,G,7,RANGO ETARIO Y SEXO - 15 a 19 años - Hombres,RANGO ETARIO Y SEXO,15 a 19 años,Hombres,,,"['RANGO ETARIO Y SEXO', '15 a 19 años', 'Hombres']",89
P4,C,VARIABLES DE SEGUIMIENTO DEL PSCV AL CORTE,P4401023,Enfermedad Renal Crónica (ERC) - Etapa G1,COL05,H,8,RANGO ETARIO Y SEXO - 15 a 19 años - Mujeres,RANGO ETARIO Y SEXO,15 a 19 años,Mujeres,,,"['RANGO ETARIO Y SEXO', '15 a 19 años', 'Mujeres']",89
P4,C,VARIABLES DE SEGUIMIENTO DEL PSCV AL CORTE,P4401023,Enfermedad Renal Crónica (ERC) - Etapa G1,COL06,I,9,RANGO ETARIO Y SEXO - 20 a 24 años - Hombres,RANGO ETARIO Y SEXO,20 a 24 años,Hombres,,,"['RANGO ETARIO Y SEXO', '20 a 24 años', 'Hombres']",89
P4,C,VARIABLES DE SEGUIMIENTO DEL PSCV AL CORTE,P4401023,Enfermedad Renal Crónica (ERC) - Etapa G1,COL07,J,10,RANGO ETARIO Y SEXO - 20 a 24 años - Mujeres,RANGO ETARIO Y SEXO,20 a 24 años,Mujeres,,,"['RANGO ETARIO Y SEXO', '20 a 24 años', 'Mujeres']",89
P4,C,VARIABLES DE SEGUIMIENTO DEL PSCV AL CORTE,P4401023,Enfermedad Renal Crónica (ERC) - Etapa G1,COL08,K,11,RANGO ETARIO Y SEXO - 25 a 29 años - Hombres,RANGO ETARIO Y SEXO,25 a 29 años,Hombres,,,"['RANGO ETARIO Y SEXO', '25 a 29 años', 'Hombres']",89
P4,C,VARIABLES DE SEGUIMIENTO DEL PSCV AL CORTE,P4401023,Enfermedad Renal Crónica (ERC) - Etapa G1,COL09,L,12,RANGO ETARIO Y SEXO - 25 a 29 años - Mujeres,RANGO ETARIO Y SEXO,25 a 29 años,Mujeres,,,"['RANGO ETARIO Y SEXO', '25 a 29 años', 'Mujeres']",89
P4,C,VARIABLES DE SEGUIMIENTO DEL PSCV AL CORTE,P4401023,Enfermedad Renal Crónica (ERC) - Etapa G1,COL10,M,13,RANGO ETARIO Y SEXO - 30 a 34 años - Hombres,RANGO ETARIO Y SEXO,30 a 34 años,Hombres,,,"['RANGO ETARIO Y SEXO', '30 a 34 años', 'Hombres']",89
P4,C,VARIABLES DE SEGUIMIENTO DEL PSCV AL CORTE,P4401023,Enfermedad Renal Crónica (ERC) - Etapa G1,COL11,N,14,RANGO ETARIO Y SEXO - 30 a 34 años - Mujeres,RANGO ETARIO Y SEXO,30 a 34 años,Mujeres,,,"['RANGO ETARIO Y SEXO', '30 a 34 años', 'Mujeres']",89
P4,C,VARIABLES DE SEGUIMIENTO DEL PSCV AL CORTE,P4401023,Enfermedad Renal Crónica (ERC) - Etapa G1,COL12,O,15,RANGO ETARIO Y SEXO - 35 a 39 años - Hombres,RANGO ETARIO Y SEXO,35 a 39 años,Hombres,,,"['RANGO ETARIO Y SEXO', '35 a 39 años', 'Hombres']",89
P4,C,VARIABLES DE SEGUIMIENTO DEL PSCV AL CORTE,P4401023,Enfermedad Renal Crónica (ERC) - Etapa G1,COL13,P,16,RANGO ETARIO Y SEXO - 35 a 39 años - Mujeres,RANGO ETARIO Y SEXO,35 a 39 años,Mujeres,,,"['RANGO ETARIO Y SEXO', '35 a 39 años', 'Mujeres']",89
P4,C,VARIABLES DE SEGUIMIENTO DEL PSCV AL CORTE,P4401023,Enfermedad Renal Crónica (ERC) - Etapa G1,COL14,Q,17,RANGO ETARIO Y SEXO - 40 a 44 años - Hombres,RANGO ETARIO Y SEXO,40 a 44 años,Hombres,,,"['RANGO ETARIO Y SEXO', '40 a 44 años', 'Hombres']",89
P4,C,VARIABLES DE SEGUIMIENTO DEL PSCV AL CORTE,P4401023,Enfermedad Renal Crónica (ERC) - Etapa G1,COL15,R,18,RANGO ETARIO Y SEXO - 40 a 44 años - Mujeres,RANGO ETARIO Y SEXO,40 a 44 años,Mujeres,,,"['RANGO ETARIO Y SEXO', '40 a 44 años', 'Mujeres']",89
P4,C,VARIABLES DE SEGUIMIENTO DEL PSCV AL CORTE,P4401023,Enfermedad Renal Crónica (ERC) - Etapa G1,COL16,S,19,RANGO ETARIO Y SEXO - 45 a 49 años - Hombres,RANGO ETARIO Y SEXO,45 a 49 años,Hombres,,,"['RANGO ETARIO Y SEXO', '45 a 49 años', 'Hombres']",89
P4,C,VARIABLES DE SEGUIMIENTO DEL PSCV AL CORTE,P4401023,Enfermedad Renal Crónica (ERC) - Etapa G1,COL17,T,20,RANGO ETARIO Y SEXO - 45 a 49 años - Mujeres,RANGO ETARIO Y SEXO,45 a 49 años,Mujeres,,,"['RANGO ETARIO Y SEXO', '45 a 49 años', 'Mujeres']",89
P4,C,VARIABLES DE SEGUIMIENTO DEL PSCV AL CORTE,P4401023,Enfermedad Renal Crónica (ERC) - Etapa G1,COL18,U,21,RANGO ETARIO Y SEXO - 50 a 54 años - Hombres,RANGO ETARIO Y SEXO,50 a 54 años,Hombres,,,"['RANGO ETARIO Y SEXO', '50 a 54 años', 'Hombres']",89
P4,C,VARIABLES DE SEGUIMIENTO DEL PSCV AL CORTE,P4401023,Enfermedad Renal Crónica (ERC) - Etapa G1,COL19,V,22,RANGO ETARIO Y SEXO - 50 a 54 años - Mujeres,RANGO ETARIO Y SEXO,50 a 54 años,Mujeres,,,"['RANGO ETARIO Y SEXO', '50 a 54 años', 'Mujeres']",89
P4,C,VARIABLES DE SEGUIMIENTO DEL PSCV AL CORTE,P4401023,Enfermedad Renal Crónica (ERC) - Etapa G1,COL20,W,23,RANGO ETARIO Y SEXO - 55 a 59 años - Hombres,RANGO ETARIO Y SEXO,55 a 59 años,Hombres,,,"['RANGO ETARIO Y SEXO', '55 a 59 años', 'Hombres']",89
P4,C,VARIABLES DE SEGUIMIENTO DEL PSCV AL CORTE,P4401023,Enfermedad Renal Crónica (ERC) - Etapa G1,COL21,X,24,RANGO ETARIO Y SEXO - 55 a 59 años - Mujeres,RANGO ETARIO Y SEXO,55 a 59 años,Mujeres,,,"['RANGO ETARIO Y SEXO', '55 a 59 años', 'Mujeres']",89
P4,C,VARIABLES DE SEGUIMIENTO DEL PSCV AL CORTE,P4401023,Enfermedad Renal Crónica (ERC) - Etapa G1,COL22,Y,25,RANGO ETARIO Y SEXO - 60 a 64 años - Hombres,RANGO ETARIO Y SEXO,60 a 64 años,Hombres,,,"['RANGO ETARIO Y SEXO', '60 a 64 años', 'Hombres']",89
P4,C,VARIABLES DE SEGUIMIENTO DEL PSCV AL CORTE,P4401023,Enfermedad Renal Crónica (ERC) - Etapa G1,COL23,Z,26,RANGO ETARIO Y SEXO - 60 a 64 años - Mujeres,RANGO ETARIO Y SEXO,60 a 64 años,Mujeres,,,"['RANGO ETARIO Y SEXO', '60 a 64 años', 'Mujeres']",89
P4,C,VARIABLES DE SEGUIMIENTO DEL PSCV AL CORTE,P4401023,Enfermedad Renal Crónica (ERC) - Etapa G1,COL24,AA,27,RANGO ETARIO Y SEXO - 65 a 69 años - Hombres,RANGO ETARIO Y SEXO,65 a 69 años,Hombres,,,"['RANGO ETARIO Y SEXO', '65 a 69 años', 'Hombres']",89
P4,C,VARIABLES DE SEGUIMIENTO DEL PSCV AL CORTE,P4401023,Enfermedad Renal Crónica (ERC) - Etapa G1,COL25,AB,28,RANGO ETARIO Y SEXO - 65 a 69 años - Mujeres,RANGO ETARIO Y SEXO,65 a 69 años,Mujeres,,,"['RANGO ETARIO Y SEXO', '65 a 69 años', 'Mujeres']",89
P4,C,VARIABLES DE SEGUIMIENTO DEL PSCV AL CORTE,P4401023,Enfermedad Renal Crónica (ERC) - Etapa G1,COL26,AC,29,RANGO ETARIO Y SEXO - 70 a 74 años - Hombres,RANGO ETARIO Y SEXO,70 a 74 años,Hombres,,,"['RANGO ETARIO Y SEXO', '70 a 74 años', 'Hombres']",89
P4,C,VARIABLES DE SEGUIMIENTO DEL PSCV AL CORTE,P4401023,Enfermedad Renal Crónica (ERC) - Etapa G1,COL27,AD,30,RANGO ETARIO Y SEXO - 70 a 74 años - Mujeres,RANGO ETARIO Y SEXO,70 a 74 años,Mujeres,,,"['RANGO ETARIO Y SEXO', '70 a 74 años', 'Mujeres']",89
P4,C,VARIABLES DE SEGUIMIENTO DEL PSCV AL CORTE,P4401023,Enfermedad Renal Crónica (ERC) - Etapa G1,COL28,AE,31,RANGO ETARIO Y SEXO - 75 a 79 años - Hombres,RANGO ETARIO Y SEXO,75 a 79 años,Hombres,,,"['RANGO ETARIO Y SEXO', '75 a 79 años', 'Hombres']",89
P4,C,VARIABLES DE SEGUIMIENTO DEL PSCV AL CORTE,P4401023,Enfermedad Renal Crónica (ERC) - Etapa G1,COL29,AF,32,RANGO ETARIO Y SEXO - 75 a 79 años - Mujeres,RANGO ETARIO Y SEXO,75 a 79 años,Mujeres,,,"['RANGO ETARIO Y SEXO', '75 a 79 años', 'Mujeres']",89
P4,C,VARIABLES DE SEGUIMIENTO DEL PSCV AL CORTE,P4401023,Enfermedad Renal Crónica (ERC) - Etapa G1,COL30,AG,33,RANGO ETARIO Y SEXO - 80 y más años - Hombres,RANGO ETARIO Y SEXO,80 y más años,Hombres,,,"['RANGO ETARIO Y SEXO', '80 y más años', 'Hombres']",89
P4,C,VARIABLES DE SEGUIMIENTO DEL PSCV AL CORTE,P4401023,Enfermedad Renal Crónica (ERC) - Etapa G1,COL31,AH,34,RANGO ETARIO Y SEXO - 80 y más años - Mujeres,RANGO ETARIO Y SEXO,80 y más años,Mujeres,,,"['RANGO ETARIO Y SEXO', '80 y más años', 'Mujeres']",89
P4,C,VARIABLES DE SEGUIMIENTO DEL PSCV AL CORTE,P4401023,Enfermedad Renal Crónica (ERC) - Etapa G1,COL32,AI,35,Pueblos Originarios - Hombres,Pueblos Originarios,Hombres,,,,"['Pueblos Originarios', 'Hombres']",89
P4,C,VARIABLES DE SEGUIMIENTO DEL PSCV AL CORTE,P4401023,Enfermedad Renal Crónica (ERC) - Etapa G1,COL33,AJ,36,Pueblos Originarios - Mujeres,Pueblos Originarios,Mujeres,,,,"['Pueblos Originarios', 'Mujeres']",89
P4,C,VARIABLES DE SEGUIMIENTO DEL PSCV AL CORTE,P4401023,Enfermedad Renal Crónica (ERC) - Etapa G1,COL34,AK,37,Migrantes - Hombres,Migrantes,Hombres,,,,"['Migrantes', 'Hombres']",89
P4,C,VARIABLES DE SEGUIMIENTO DEL PSCV AL CORTE,P4401023,Enfermedad Renal Crónica (ERC) - Etapa G1,COL35,AL,38,Migrantes - Mujeres,Migrantes,Mujeres,,,,"['Migrantes', 'Mujeres']",89
P4,C,VARIABLES DE SEGUIMIENTO DEL PSCV AL CORTE,P4401024,Enfermedad Renal Crónica (ERC) - Etapa G2,COL01,D,4,TOTAL - Ambos sexos,TOTAL,Ambos sexos,,,,"['TOTAL', 'Ambos sexos']",90
P4,C,VARIABLES DE SEGUIMIENTO DEL PSCV AL CORTE,P4401024,Enfermedad Renal Crónica (ERC) - Etapa G2,COL02,E,5,TOTAL - Hombres,TOTAL,Hombres,,,,"['TOTAL', 'Hombres']",90
P4,C,VARIABLES DE SEGUIMIENTO DEL PSCV AL CORTE,P4401024,Enfermedad Renal Crónica (ERC) - Etapa G2,COL03,F,6,TOTAL - Mujeres,TOTAL,Mujeres,,,,"['TOTAL', 'Mujeres']",90
P4,C,VARIABLES DE SEGUIMIENTO DEL PSCV AL CORTE,P4401024,Enfermedad Renal Crónica (ERC) - Etapa G2,COL04,G,7,RANGO ETARIO Y SEXO - 15 a 19 años - Hombres,RANGO ETARIO Y SEXO,15 a 19 años,Hombres,,,"['RANGO ETARIO Y SEXO', '15 a 19 años', 'Hombres']",90
P4,C,VARIABLES DE SEGUIMIENTO DEL PSCV AL CORTE,P4401024,Enfermedad Renal Crónica (ERC) - Etapa G2,COL05,H,8,RANGO ETARIO Y SEXO - 15 a 19 años - Mujeres,RANGO ETARIO Y SEXO,15 a 19 años,Mujeres,,,"['RANGO ETARIO Y SEXO', '15 a 19 años', 'Mujeres']",90
P4,C,VARIABLES DE SEGUIMIENTO DEL PSCV AL CORTE,P4401024,Enfermedad Renal Crónica (ERC) - Etapa G2,COL06,I,9,RANGO ETARIO Y SEXO - 20 a 24 años - Hombres,RANGO ETARIO Y SEXO,20 a 24 años,Hombres,,,"['RANGO ETARIO Y SEXO', '20 a 24 años', 'Hombres']",90
P4,C,VARIABLES DE SEGUIMIENTO DEL PSCV AL CORTE,P4401024,Enfermedad Renal Crónica (ERC) - Etapa G2,COL07,J,10,RANGO ETARIO Y SEXO - 20 a 24 años - Mujeres,RANGO ETARIO Y SEXO,20 a 24 años,Mujeres,,,"['RANGO ETARIO Y SEXO', '20 a 24 años', 'Mujeres']",90
P4,C,VARIABLES DE SEGUIMIENTO DEL PSCV AL CORTE,P4401024,Enfermedad Renal Crónica (ERC) - Etapa G2,COL08,K,11,RANGO ETARIO Y SEXO - 25 a 29 años - Hombres,RANGO ETARIO Y SEXO,25 a 29 años,Hombres,,,"['RANGO ETARIO Y SEXO', '25 a 29 años', 'Hombres']",90
P4,C,VARIABLES DE SEGUIMIENTO DEL PSCV AL CORTE,P4401024,Enfermedad Renal Crónica (ERC) - Etapa G2,COL09,L,12,RANGO ETARIO Y SEXO - 25 a 29 años - Mujeres,RANGO ETARIO Y SEXO,25 a 29 años,Mujeres,,,"['RANGO ETARIO Y SEXO', '25 a 29 años', 'Mujeres']",90
P4,C,VARIABLES DE SEGUIMIENTO DEL PSCV AL CORTE,P4401024,Enfermedad Renal Crónica (ERC) - Etapa G2,COL10,M,13,RANGO ETARIO Y SEXO - 30 a 34 años - Hombres,RANGO ETARIO Y SEXO,30 a 34 años,Hombres,,,"['RANGO ETARIO Y SEXO', '30 a 34 años', 'Hombres']",90
P4,C,VARIABLES DE SEGUIMIENTO DEL PSCV AL CORTE,P4401024,Enfermedad Renal Crónica (ERC) - Etapa G2,COL11,N,14,RANGO ETARIO Y SEXO - 30 a 34 años - Mujeres,RANGO ETARIO Y SEXO,30 a 34 años,Mujeres,,,"['RANGO ETARIO Y SEXO', '30 a 34 años', 'Mujeres']",90
P4,C,VARIABLES DE SEGUIMIENTO DEL PSCV AL CORTE,P4401024,Enfermedad Renal Crónica (ERC) - Etapa G2,COL12,O,15,RANGO ETARIO Y SEXO - 35 a 39 años - Hombres,RANGO ETARIO Y SEXO,35 a 39 años,Hombres,,,"['RANGO ETARIO Y SEXO', '35 a 39 años', 'Hombres']",90
P4,C,VARIABLES DE SEGUIMIENTO DEL PSCV AL CORTE,P4401024,Enfermedad Renal Crónica (ERC) - Etapa G2,COL13,P,16,RANGO ETARIO Y SEXO - 35 a 39 años - Mujeres,RANGO ETARIO Y SEXO,35 a 39 años,Mujeres,,,"['RANGO ETARIO Y SEXO', '35 a 39 años', 'Mujeres']",90
P4,C,VARIABLES DE SEGUIMIENTO DEL PSCV AL CORTE,P4401024,Enfermedad Renal Crónica (ERC) - Etapa G2,COL14,Q,17,RANGO ETARIO Y SEXO - 40 a 44 años - Hombres,RANGO ETARIO Y SEXO,40 a 44 años,Hombres,,,"['RANGO ETARIO Y SEXO', '40 a 44 años', 'Hombres']",90
P4,C,VARIABLES DE SEGUIMIENTO DEL PSCV AL CORTE,P4401024,Enfermedad Renal Crónica (ERC) - Etapa G2,COL15,R,18,RANGO ETARIO Y SEXO - 40 a 44 años - Mujeres,RANGO ETARIO Y SEXO,40 a 44 años,Mujeres,,,"['RANGO ETARIO Y SEXO', '40 a 44 años', 'Mujeres']",90
P4,C,VARIABLES DE SEGUIMIENTO DEL PSCV AL CORTE,P4401024,Enfermedad Renal Crónica (ERC) - Etapa G2,COL16,S,19,RANGO ETARIO Y SEXO - 45 a 49 años - Hombres,RANGO ETARIO Y SEXO,45 a 49 años,Hombres,,,"['RANGO ETARIO Y SEXO', '45 a 49 años', 'Hombres']",90
P4,C,VARIABLES DE SEGUIMIENTO DEL PSCV AL CORTE,P4401024,Enfermedad Renal Crónica (ERC) - Etapa G2,COL17,T,20,RANGO ETARIO Y SEXO - 45 a 49 años - Mujeres,RANGO ETARIO Y SEXO,45 a 49 años,Mujeres,,,"['RANGO ETARIO Y SEXO', '45 a 49 años', 'Mujeres']",90
P4,C,VARIABLES DE SEGUIMIENTO DEL PSCV AL CORTE,P4401024,Enfermedad Renal Crónica (ERC) - Etapa G2,COL18,U,21,RANGO ETARIO Y SEXO - 50 a 54 años - Hombres,RANGO ETARIO Y SEXO,50 a 54 años,Hombres,,,"['RANGO ETARIO Y SEXO', '50 a 54 años', 'Hombres']",90
P4,C,VARIABLES DE SEGUIMIENTO DEL PSCV AL CORTE,P4401024,Enfermedad Renal Crónica (ERC) - Etapa G2,COL19,V,22,RANGO ETARIO Y SEXO - 50 a 54 años - Mujeres,RANGO ETARIO Y SEXO,50 a 54 años,Mujeres,,,"['RANGO ETARIO Y SEXO', '50 a 54 años', 'Mujeres']",90
P4,C,VARIABLES DE SEGUIMIENTO DEL PSCV AL CORTE,P4401024,Enfermedad Renal Crónica (ERC) - Etapa G2,COL20,W,23,RANGO ETARIO Y SEXO - 55 a 59 años - Hombres,RANGO ETARIO Y SEXO,55 a 59 años,Hombres,,,"['RANGO ETARIO Y SEXO', '55 a 59 años', 'Hombres']",90
P4,C,VARIABLES DE SEGUIMIENTO DEL PSCV AL CORTE,P4401024,Enfermedad Renal Crónica (ERC) - Etapa G2,COL21,X,24,RANGO ETARIO Y SEXO - 55 a 59 años - Mujeres,RANGO ETARIO Y SEXO,55 a 59 años,Mujeres,,,"['RANGO ETARIO Y SEXO', '55 a 59 años', 'Mujeres']",90
P4,C,VARIABLES DE SEGUIMIENTO DEL PSCV AL CORTE,P4401024,Enfermedad Renal Crónica (ERC) - Etapa G2,COL22,Y,25,RANGO ETARIO Y SEXO - 60 a 64 años - Hombres,RANGO ETARIO Y SEXO,60 a 64 años,Hombres,,,"['RANGO ETARIO Y SEXO', '60 a 64 años', 'Hombres']",90
P4,C,VARIABLES DE SEGUIMIENTO DEL PSCV AL CORTE,P4401024,Enfermedad Renal Crónica (ERC) - Etapa G2,COL23,Z,26,RANGO ETARIO Y SEXO - 60 a 64 años - Mujeres,RANGO ETARIO Y SEXO,60 a 64 años,Mujeres,,,"['RANGO ETARIO Y SEXO', '60 a 64 años', 'Mujeres']",90
P4,C,VARIABLES DE SEGUIMIENTO DEL PSCV AL CORTE,P4401024,Enfermedad Renal Crónica (ERC) - Etapa G2,COL24,AA,27,RANGO ETARIO Y SEXO - 65 a 69 años - Hombres,RANGO ETARIO Y SEXO,65 a 69 años,Hombres,,,"['RANGO ETARIO Y SEXO', '65 a 69 años', 'Hombres']",90
P4,C,VARIABLES DE SEGUIMIENTO DEL PSCV AL CORTE,P4401024,Enfermedad Renal Crónica (ERC) - Etapa G2,COL25,AB,28,RANGO ETARIO Y SEXO - 65 a 69 años - Mujeres,RANGO ETARIO Y SEXO,65 a 69 años,Mujeres,,,"['RANGO ETARIO Y SEXO', '65 a 69 años', 'Mujeres']",90
P4,C,VARIABLES DE SEGUIMIENTO DEL PSCV AL CORTE,P4401024,Enfermedad Renal Crónica (ERC) - Etapa G2,COL26,AC,29,RANGO ETARIO Y SEXO - 70 a 74 años - Hombres,RANGO ETARIO Y SEXO,70 a 74 años,Hombres,,,"['RANGO ETARIO Y SEXO', '70 a 74 años', 'Hombres']",90
P4,C,VARIABLES DE SEGUIMIENTO DEL PSCV AL CORTE,P4401024,Enfermedad Renal Crónica (ERC) - Etapa G2,COL27,AD,30,RANGO ETARIO Y SEXO - 70 a 74 años - Mujeres,RANGO ETARIO Y SEXO,70 a 74 años,Mujeres,,,"['RANGO ETARIO Y SEXO', '70 a 74 años', 'Mujeres']",90
P4,C,VARIABLES DE SEGUIMIENTO DEL PSCV AL CORTE,P4401024,Enfermedad Renal Crónica (ERC) - Etapa G2,COL28,AE,31,RANGO ETARIO Y SEXO - 75 a 79 años - Hombres,RANGO ETARIO Y SEXO,75 a 79 años,Hombres,,,"['RANGO ETARIO Y SEXO', '75 a 79 años', 'Hombres']",90
P4,C,VARIABLES DE SEGUIMIENTO DEL PSCV AL CORTE,P4401024,Enfermedad Renal Crónica (ERC) - Etapa G2,COL29,AF,32,RANGO ETARIO Y SEXO - 75 a 79 años - Mujeres,RANGO ETARIO Y SEXO,75 a 79 años,Mujeres,,,"['RANGO ETARIO Y SEXO', '75 a 79 años', 'Mujeres']",90
P4,C,VARIABLES DE SEGUIMIENTO DEL PSCV AL CORTE,P4401024,Enfermedad Renal Crónica (ERC) - Etapa G2,COL30,AG,33,RANGO ETARIO Y SEXO - 80 y más años - Hombres,RANGO ETARIO Y SEXO,80 y más años,Hombres,,,"['RANGO ETARIO Y SEXO', '80 y más años', 'Hombres']",90
P4,C,VARIABLES DE SEGUIMIENTO DEL PSCV AL CORTE,P4401024,Enfermedad Renal Crónica (ERC) - Etapa G2,COL31,AH,34,RANGO ETARIO Y SEXO - 80 y más años - Mujeres,RANGO ETARIO Y SEXO,80 y más años,Mujeres,,,"['RANGO ETARIO Y SEXO', '80 y más años', 'Mujeres']",90
P4,C,VARIABLES DE SEGUIMIENTO DEL PSCV AL CORTE,P4401024,Enfermedad Renal Crónica (ERC) - Etapa G2,COL32,AI,35,Pueblos Originarios - Hombres,Pueblos Originarios,Hombres,,,,"['Pueblos Originarios', 'Hombres']",90
P4,C,VARIABLES DE SEGUIMIENTO DEL PSCV AL CORTE,P4401024,Enfermedad Renal Crónica (ERC) - Etapa G2,COL33,AJ,36,Pueblos Originarios - Mujeres,Pueblos Originarios,Mujeres,,,,"['Pueblos Originarios', 'Mujeres']",90
P4,C,VARIABLES DE SEGUIMIENTO DEL PSCV AL CORTE,P4401024,Enfermedad Renal Crónica (ERC) - Etapa G2,COL34,AK,37,Migrantes - Hombres,Migrantes,Hombres,,,,"['Migrantes', 'Hombres']",90
P4,C,VARIABLES DE SEGUIMIENTO DEL PSCV AL CORTE,P4401024,Enfermedad Renal Crónica (ERC) - Etapa G2,COL35,AL,38,Migrantes - Mujeres,Migrantes,Mujeres,,,,"['Migrantes', 'Mujeres']",90
P4,C,VARIABLES DE SEGUIMIENTO DEL PSCV AL CORTE,P4401025,Enfermedad Renal Crónica (ERC) - Etapa G3a,COL01,D,4,TOTAL - Ambos sexos,TOTAL,Ambos sexos,,,,"['TOTAL', 'Ambos sexos']",91
P4,C,VARIABLES DE SEGUIMIENTO DEL PSCV AL CORTE,P4401025,Enfermedad Renal Crónica (ERC) - Etapa G3a,COL02,E,5,TOTAL - Hombres,TOTAL,Hombres,,,,"['TOTAL', 'Hombres']",91
P4,C,VARIABLES DE SEGUIMIENTO DEL PSCV AL CORTE,P4401025,Enfermedad Renal Crónica (ERC) - Etapa G3a,COL03,F,6,TOTAL - Mujeres,TOTAL,Mujeres,,,,"['TOTAL', 'Mujeres']",91
P4,C,VARIABLES DE SEGUIMIENTO DEL PSCV AL CORTE,P4401025,Enfermedad Renal Crónica (ERC) - Etapa G3a,COL04,G,7,RANGO ETARIO Y SEXO - 15 a 19 años - Hombres,RANGO ETARIO Y SEXO,15 a 19 años,Hombres,,,"['RANGO ETARIO Y SEXO', '15 a 19 años', 'Hombres']",91
P4,C,VARIABLES DE SEGUIMIENTO DEL PSCV AL CORTE,P4401025,Enfermedad Renal Crónica (ERC) - Etapa G3a,COL05,H,8,RANGO ETARIO Y SEXO - 15 a 19 años - Mujeres,RANGO ETARIO Y SEXO,15 a 19 años,Mujeres,,,"['RANGO ETARIO Y SEXO', '15 a 19 años', 'Mujeres']",91
P4,C,VARIABLES DE SEGUIMIENTO DEL PSCV AL CORTE,P4401025,Enfermedad Renal Crónica (ERC) - Etapa G3a,COL06,I,9,RANGO ETARIO Y SEXO - 20 a 24 años - Hombres,RANGO ETARIO Y SEXO,20 a 24 años,Hombres,,,"['RANGO ETARIO Y SEXO', '20 a 24 años', 'Hombres']",91
P4,C,VARIABLES DE SEGUIMIENTO DEL PSCV AL CORTE,P4401025,Enfermedad Renal Crónica (ERC) - Etapa G3a,COL07,J,10,RANGO ETARIO Y SEXO - 20 a 24 años - Mujeres,RANGO ETARIO Y SEXO,20 a 24 años,Mujeres,,,"['RANGO ETARIO Y SEXO', '20 a 24 años', 'Mujeres']",91
P4,C,VARIABLES DE SEGUIMIENTO DEL PSCV AL CORTE,P4401025,Enfermedad Renal Crónica (ERC) - Etapa G3a,COL08,K,11,RANGO ETARIO Y SEXO - 25 a 29 años - Hombres,RANGO ETARIO Y SEXO,25 a 29 años,Hombres,,,"['RANGO ETARIO Y SEXO', '25 a 29 años', 'Hombres']",91
P4,C,VARIABLES DE SEGUIMIENTO DEL PSCV AL CORTE,P4401025,Enfermedad Renal Crónica (ERC) - Etapa G3a,COL09,L,12,RANGO ETARIO Y SEXO - 25 a 29 años - Mujeres,RANGO ETARIO Y SEXO,25 a 29 años,Mujeres,,,"['RANGO ETARIO Y SEXO', '25 a 29 años', 'Mujeres']",91
P4,C,VARIABLES DE SEGUIMIENTO DEL PSCV AL CORTE,P4401025,Enfermedad Renal Crónica (ERC) - Etapa G3a,COL10,M,13,RANGO ETARIO Y SEXO - 30 a 34 años - Hombres,RANGO ETARIO Y SEXO,30 a 34 años,Hombres,,,"['RANGO ETARIO Y SEXO', '30 a 34 años', 'Hombres']",91
P4,C,VARIABLES DE SEGUIMIENTO DEL PSCV AL CORTE,P4401025,Enfermedad Renal Crónica (ERC) - Etapa G3a,COL11,N,14,RANGO ETARIO Y SEXO - 30 a 34 años - Mujeres,RANGO ETARIO Y SEXO,30 a 34 años,Mujeres,,,"['RANGO ETARIO Y SEXO', '30 a 34 años', 'Mujeres']",91
P4,C,VARIABLES DE SEGUIMIENTO DEL PSCV AL CORTE,P4401025,Enfermedad Renal Crónica (ERC) - Etapa G3a,COL12,O,15,RANGO ETARIO Y SEXO - 35 a 39 años - Hombres,RANGO ETARIO Y SEXO,35 a 39 años,Hombres,,,"['RANGO ETARIO Y SEXO', '35 a 39 años', 'Hombres']",91
P4,C,VARIABLES DE SEGUIMIENTO DEL PSCV AL CORTE,P4401025,Enfermedad Renal Crónica (ERC) - Etapa G3a,COL13,P,16,RANGO ETARIO Y SEXO - 35 a 39 años - Mujeres,RANGO ETARIO Y SEXO,35 a 39 años,Mujeres,,,"['RANGO ETARIO Y SEXO', '35 a 39 años', 'Mujeres']",91
P4,C,VARIABLES DE SEGUIMIENTO DEL PSCV AL CORTE,P4401025,Enfermedad Renal Crónica (ERC) - Etapa G3a,COL14,Q,17,RANGO ETARIO Y SEXO - 40 a 44 años - Hombres,RANGO ETARIO Y SEXO,40 a 44 años,Hombres,,,"['RANGO ETARIO Y SEXO', '40 a 44 años', 'Hombres']",91
P4,C,VARIABLES DE SEGUIMIENTO DEL PSCV AL CORTE,P4401025,Enfermedad Renal Crónica (ERC) - Etapa G3a,COL15,R,18,RANGO ETARIO Y SEXO - 40 a 44 años - Mujeres,RANGO ETARIO Y SEXO,40 a 44 años,Mujeres,,,"['RANGO ETARIO Y SEXO', '40 a 44 años', 'Mujeres']",91
P4,C,VARIABLES DE SEGUIMIENTO DEL PSCV AL CORTE,P4401025,Enfermedad Renal Crónica (ERC) - Etapa G3a,COL16,S,19,RANGO ETARIO Y SEXO - 45 a 49 años - Hombres,RANGO ETARIO Y SEXO,45 a 49 años,Hombres,,,"['RANGO ETARIO Y SEXO', '45 a 49 años', 'Hombres']",91
P4,C,VARIABLES DE SEGUIMIENTO DEL PSCV AL CORTE,P4401025,Enfermedad Renal Crónica (ERC) - Etapa G3a,COL17,T,20,RANGO ETARIO Y SEXO - 45 a 49 años - Mujeres,RANGO ETARIO Y SEXO,45 a 49 años,Mujeres,,,"['RANGO ETARIO Y SEXO', '45 a 49 años', 'Mujeres']",91
P4,C,VARIABLES DE SEGUIMIENTO DEL PSCV AL CORTE,P4401025,Enfermedad Renal Crónica (ERC) - Etapa G3a,COL18,U,21,RANGO ETARIO Y SEXO - 50 a 54 años - Hombres,RANGO ETARIO Y SEXO,50 a 54 años,Hombres,,,"['RANGO ETARIO Y SEXO', '50 a 54 años', 'Hombres']",91
P4,C,VARIABLES DE SEGUIMIENTO DEL PSCV AL CORTE,P4401025,Enfermedad Renal Crónica (ERC) - Etapa G3a,COL19,V,22,RANGO ETARIO Y SEXO - 50 a 54 años - Mujeres,RANGO ETARIO Y SEXO,50 a 54 años,Mujeres,,,"['RANGO ETARIO Y SEXO', '50 a 54 años', 'Mujeres']",91
P4,C,VARIABLES DE SEGUIMIENTO DEL PSCV AL CORTE,P4401025,Enfermedad Renal Crónica (ERC) - Etapa G3a,COL20,W,23,RANGO ETARIO Y SEXO - 55 a 59 años - Hombres,RANGO ETARIO Y SEXO,55 a 59 años,Hombres,,,"['RANGO ETARIO Y SEXO', '55 a 59 años', 'Hombres']",91
P4,C,VARIABLES DE SEGUIMIENTO DEL PSCV AL CORTE,P4401025,Enfermedad Renal Crónica (ERC) - Etapa G3a,COL21,X,24,RANGO ETARIO Y SEXO - 55 a 59 años - Mujeres,RANGO ETARIO Y SEXO,55 a 59 años,Mujeres,,,"['RANGO ETARIO Y SEXO', '55 a 59 años', 'Mujeres']",91
P4,C,VARIABLES DE SEGUIMIENTO DEL PSCV AL CORTE,P4401025,Enfermedad Renal Crónica (ERC) - Etapa G3a,COL22,Y,25,RANGO ETARIO Y SEXO - 60 a 64 años - Hombres,RANGO ETARIO Y SEXO,60 a 64 años,Hombres,,,"['RANGO ETARIO Y SEXO', '60 a 64 años', 'Hombres']",91
P4,C,VARIABLES DE SEGUIMIENTO DEL PSCV AL CORTE,P4401025,Enfermedad Renal Crónica (ERC) - Etapa G3a,COL23,Z,26,RANGO ETARIO Y SEXO - 60 a 64 años - Mujeres,RANGO ETARIO Y SEXO,60 a 64 años,Mujeres,,,"['RANGO ETARIO Y SEXO', '60 a 64 años', 'Mujeres']",91
P4,C,VARIABLES DE SEGUIMIENTO DEL PSCV AL CORTE,P4401025,Enfermedad Renal Crónica (ERC) - Etapa G3a,COL24,AA,27,RANGO ETARIO Y SEXO - 65 a 69 años - Hombres,RANGO ETARIO Y SEXO,65 a 69 años,Hombres,,,"['RANGO ETARIO Y SEXO', '65 a 69 años', 'Hombres']",91
P4,C,VARIABLES DE SEGUIMIENTO DEL PSCV AL CORTE,P4401025,Enfermedad Renal Crónica (ERC) - Etapa G3a,COL25,AB,28,RANGO ETARIO Y SEXO - 65 a 69 años - Mujeres,RANGO ETARIO Y SEXO,65 a 69 años,Mujeres,,,"['RANGO ETARIO Y SEXO', '65 a 69 años', 'Mujeres']",91
P4,C,VARIABLES DE SEGUIMIENTO DEL PSCV AL CORTE,P4401025,Enfermedad Renal Crónica (ERC) - Etapa G3a,COL26,AC,29,RANGO ETARIO Y SEXO - 70 a 74 años - Hombres,RANGO ETARIO Y SEXO,70 a 74 años,Hombres,,,"['RANGO ETARIO Y SEXO', '70 a 74 años', 'Hombres']",91
P4,C,VARIABLES DE SEGUIMIENTO DEL PSCV AL CORTE,P4401025,Enfermedad Renal Crónica (ERC) - Etapa G3a,COL27,AD,30,RANGO ETARIO Y SEXO - 70 a 74 años - Mujeres,RANGO ETARIO Y SEXO,70 a 74 años,Mujeres,,,"['RANGO ETARIO Y SEXO', '70 a 74 años', 'Mujeres']",91
P4,C,VARIABLES DE SEGUIMIENTO DEL PSCV AL CORTE,P4401025,Enfermedad Renal Crónica (ERC) - Etapa G3a,COL28,AE,31,RANGO ETARIO Y SEXO - 75 a 79 años - Hombres,RANGO ETARIO Y SEXO,75 a 79 años,Hombres,,,"['RANGO ETARIO Y SEXO', '75 a 79 años', 'Hombres']",91
P4,C,VARIABLES DE SEGUIMIENTO DEL PSCV AL CORTE,P4401025,Enfermedad Renal Crónica (ERC) - Etapa G3a,COL29,AF,32,RANGO ETARIO Y SEXO - 75 a 79 años - Mujeres,RANGO ETARIO Y SEXO,75 a 79 años,Mujeres,,,"['RANGO ETARIO Y SEXO', '75 a 79 años', 'Mujeres']",91
P4,C,VARIABLES DE SEGUIMIENTO DEL PSCV AL CORTE,P4401025,Enfermedad Renal Crónica (ERC) - Etapa G3a,COL30,AG,33,RANGO ETARIO Y SEXO - 80 y más años - Hombres,RANGO ETARIO Y SEXO,80 y más años,Hombres,,,"['RANGO ETARIO Y SEXO', '80 y más años', 'Hombres']",91
P4,C,VARIABLES DE SEGUIMIENTO DEL PSCV AL CORTE,P4401025,Enfermedad Renal Crónica (ERC) - Etapa G3a,COL31,AH,34,RANGO ETARIO Y SEXO - 80 y más años - Mujeres,RANGO ETARIO Y SEXO,80 y más años,Mujeres,,,"['RANGO ETARIO Y SEXO', '80 y más años', 'Mujeres']",91
P4,C,VARIABLES DE SEGUIMIENTO DEL PSCV AL CORTE,P4401025,Enfermedad Renal Crónica (ERC) - Etapa G3a,COL32,AI,35,Pueblos Originarios - Hombres,Pueblos Originarios,Hombres,,,,"['Pueblos Originarios', 'Hombres']",91
P4,C,VARIABLES DE SEGUIMIENTO DEL PSCV AL CORTE,P4401025,Enfermedad Renal Crónica (ERC) - Etapa G3a,COL33,AJ,36,Pueblos Originarios - Mujeres,Pueblos Originarios,Mujeres,,,,"['Pueblos Originarios', 'Mujeres']",91
P4,C,VARIABLES DE SEGUIMIENTO DEL PSCV AL CORTE,P4401025,Enfermedad Renal Crónica (ERC) - Etapa G3a,COL34,AK,37,Migrantes - Hombres,Migrantes,Hombres,,,,"['Migrantes', 'Hombres']",91
P4,C,VARIABLES DE SEGUIMIENTO DEL PSCV AL CORTE,P4401025,Enfermedad Renal Crónica (ERC) - Etapa G3a,COL35,AL,38,Migrantes - Mujeres,Migrantes,Mujeres,,,,"['Migrantes', 'Mujeres']",91
P4,C,VARIABLES DE SEGUIMIENTO DEL PSCV AL CORTE,P4401026,Enfermedad Renal Crónica (ERC) - Etapa G3b,COL01,D,4,TOTAL - Ambos sexos,TOTAL,Ambos sexos,,,,"['TOTAL', 'Ambos sexos']",92
P4,C,VARIABLES DE SEGUIMIENTO DEL PSCV AL CORTE,P4401026,Enfermedad Renal Crónica (ERC) - Etapa G3b,COL02,E,5,TOTAL - Hombres,TOTAL,Hombres,,,,"['TOTAL', 'Hombres']",92
P4,C,VARIABLES DE SEGUIMIENTO DEL PSCV AL CORTE,P4401026,Enfermedad Renal Crónica (ERC) - Etapa G3b,COL03,F,6,TOTAL - Mujeres,TOTAL,Mujeres,,,,"['TOTAL', 'Mujeres']",92
P4,C,VARIABLES DE SEGUIMIENTO DEL PSCV AL CORTE,P4401026,Enfermedad Renal Crónica (ERC) - Etapa G3b,COL04,G,7,RANGO ETARIO Y SEXO - 15 a 19 años - Hombres,RANGO ETARIO Y SEXO,15 a 19 años,Hombres,,,"['RANGO ETARIO Y SEXO', '15 a 19 años', 'Hombres']",92
P4,C,VARIABLES DE SEGUIMIENTO DEL PSCV AL CORTE,P4401026,Enfermedad Renal Crónica (ERC) - Etapa G3b,COL05,H,8,RANGO ETARIO Y SEXO - 15 a 19 años - Mujeres,RANGO ETARIO Y SEXO,15 a 19 años,Mujeres,,,"['RANGO ETARIO Y SEXO', '15 a 19 años', 'Mujeres']",92
P4,C,VARIABLES DE SEGUIMIENTO DEL PSCV AL CORTE,P4401026,Enfermedad Renal Crónica (ERC) - Etapa G3b,COL06,I,9,RANGO ETARIO Y SEXO - 20 a 24 años - Hombres,RANGO ETARIO Y SEXO,20 a 24 años,Hombres,,,"['RANGO ETARIO Y SEXO', '20 a 24 años', 'Hombres']",92
P4,C,VARIABLES DE SEGUIMIENTO DEL PSCV AL CORTE,P4401026,Enfermedad Renal Crónica (ERC) - Etapa G3b,COL07,J,10,RANGO ETARIO Y SEXO - 20 a 24 años - Mujeres,RANGO ETARIO Y SEXO,20 a 24 años,Mujeres,,,"['RANGO ETARIO Y SEXO', '20 a 24 años', 'Mujeres']",92
P4,C,VARIABLES DE SEGUIMIENTO DEL PSCV AL CORTE,P4401026,Enfermedad Renal Crónica (ERC) - Etapa G3b,COL08,K,11,RANGO ETARIO Y SEXO - 25 a 29 años - Hombres,RANGO ETARIO Y SEXO,25 a 29 años,Hombres,,,"['RANGO ETARIO Y SEXO', '25 a 29 años', 'Hombres']",92
P4,C,VARIABLES DE SEGUIMIENTO DEL PSCV AL CORTE,P4401026,Enfermedad Renal Crónica (ERC) - Etapa G3b,COL09,L,12,RANGO ETARIO Y SEXO - 25 a 29 años - Mujeres,RANGO ETARIO Y SEXO,25 a 29 años,Mujeres,,,"['RANGO ETARIO Y SEXO', '25 a 29 años', 'Mujeres']",92
P4,C,VARIABLES DE SEGUIMIENTO DEL PSCV AL CORTE,P4401026,Enfermedad Renal Crónica (ERC) - Etapa G3b,COL10,M,13,RANGO ETARIO Y SEXO - 30 a 34 años - Hombres,RANGO ETARIO Y SEXO,30 a 34 años,Hombres,,,"['RANGO ETARIO Y SEXO', '30 a 34 años', 'Hombres']",92
P4,C,VARIABLES DE SEGUIMIENTO DEL PSCV AL CORTE,P4401026,Enfermedad Renal Crónica (ERC) - Etapa G3b,COL11,N,14,RANGO ETARIO Y SEXO - 30 a 34 años - Mujeres,RANGO ETARIO Y SEXO,30 a 34 años,Mujeres,,,"['RANGO ETARIO Y SEXO', '30 a 34 años', 'Mujeres']",92
P4,C,VARIABLES DE SEGUIMIENTO DEL PSCV AL CORTE,P4401026,Enfermedad Renal Crónica (ERC) - Etapa G3b,COL12,O,15,RANGO ETARIO Y SEXO - 35 a 39 años - Hombres,RANGO ETARIO Y SEXO,35 a 39 años,Hombres,,,"['RANGO ETARIO Y SEXO', '35 a 39 años', 'Hombres']",92
P4,C,VARIABLES DE SEGUIMIENTO DEL PSCV AL CORTE,P4401026,Enfermedad Renal Crónica (ERC) - Etapa G3b,COL13,P,16,RANGO ETARIO Y SEXO - 35 a 39 años - Mujeres,RANGO ETARIO Y SEXO,35 a 39 años,Mujeres,,,"['RANGO ETARIO Y SEXO', '35 a 39 años', 'Mujeres']",92
P4,C,VARIABLES DE SEGUIMIENTO DEL PSCV AL CORTE,P4401026,Enfermedad Renal Crónica (ERC) - Etapa G3b,COL14,Q,17,RANGO ETARIO Y SEXO - 40 a 44 años - Hombres,RANGO ETARIO Y SEXO,40 a 44 años,Hombres,,,"['RANGO ETARIO Y SEXO', '40 a 44 años', 'Hombres']",92
P4,C,VARIABLES DE SEGUIMIENTO DEL PSCV AL CORTE,P4401026,Enfermedad Renal Crónica (ERC) - Etapa G3b,COL15,R,18,RANGO ETARIO Y SEXO - 40 a 44 años - Mujeres,RANGO ETARIO Y SEXO,40 a 44 años,Mujeres,,,"['RANGO ETARIO Y SEXO', '40 a 44 años', 'Mujeres']",92
P4,C,VARIABLES DE SEGUIMIENTO DEL PSCV AL CORTE,P4401026,Enfermedad Renal Crónica (ERC) - Etapa G3b,COL16,S,19,RANGO ETARIO Y SEXO - 45 a 49 años - Hombres,RANGO ETARIO Y SEXO,45 a 49 años,Hombres,,,"['RANGO ETARIO Y SEXO', '45 a 49 años', 'Hombres']",92
P4,C,VARIABLES DE SEGUIMIENTO DEL PSCV AL CORTE,P4401026,Enfermedad Renal Crónica (ERC) - Etapa G3b,COL17,T,20,RANGO ETARIO Y SEXO - 45 a 49 años - Mujeres,RANGO ETARIO Y SEXO,45 a 49 años,Mujeres,,,"['RANGO ETARIO Y SEXO', '45 a 49 años', 'Mujeres']",92
P4,C,VARIABLES DE SEGUIMIENTO DEL PSCV AL CORTE,P4401026,Enfermedad Renal Crónica (ERC) - Etapa G3b,COL18,U,21,RANGO ETARIO Y SEXO - 50 a 54 años - Hombres,RANGO ETARIO Y SEXO,50 a 54 años,Hombres,,,"['RANGO ETARIO Y SEXO', '50 a 54 años', 'Hombres']",92
P4,C,VARIABLES DE SEGUIMIENTO DEL PSCV AL CORTE,P4401026,Enfermedad Renal Crónica (ERC) - Etapa G3b,COL19,V,22,RANGO ETARIO Y SEXO - 50 a 54 años - Mujeres,RANGO ETARIO Y SEXO,50 a 54 años,Mujeres,,,"['RANGO ETARIO Y SEXO', '50 a 54 años', 'Mujeres']",92
P4,C,VARIABLES DE SEGUIMIENTO DEL PSCV AL CORTE,P4401026,Enfermedad Renal Crónica (ERC) - Etapa G3b,COL20,W,23,RANGO ETARIO Y SEXO - 55 a 59 años - Hombres,RANGO ETARIO Y SEXO,55 a 59 años,Hombres,,,"['RANGO ETARIO Y SEXO', '55 a 59 años', 'Hombres']",92
P4,C,VARIABLES DE SEGUIMIENTO DEL PSCV AL CORTE,P4401026,Enfermedad Renal Crónica (ERC) - Etapa G3b,COL21,X,24,RANGO ETARIO Y SEXO - 55 a 59 años - Mujeres,RANGO ETARIO Y SEXO,55 a 59 años,Mujeres,,,"['RANGO ETARIO Y SEXO', '55 a 59 años', 'Mujeres']",92
P4,C,VARIABLES DE SEGUIMIENTO DEL PSCV AL CORTE,P4401026,Enfermedad Renal Crónica (ERC) - Etapa G3b,COL22,Y,25,RANGO ETARIO Y SEXO - 60 a 64 años - Hombres,RANGO ETARIO Y SEXO,60 a 64 años,Hombres,,,"['RANGO ETARIO Y SEXO', '60 a 64 años', 'Hombres']",92
P4,C,VARIABLES DE SEGUIMIENTO DEL PSCV AL CORTE,P4401026,Enfermedad Renal Crónica (ERC) - Etapa G3b,COL23,Z,26,RANGO ETARIO Y SEXO - 60 a 64 años - Mujeres,RANGO ETARIO Y SEXO,60 a 64 años,Mujeres,,,"['RANGO ETARIO Y SEXO', '60 a 64 años', 'Mujeres']",92
P4,C,VARIABLES DE SEGUIMIENTO DEL PSCV AL CORTE,P4401026,Enfermedad Renal Crónica (ERC) - Etapa G3b,COL24,AA,27,RANGO ETARIO Y SEXO - 65 a 69 años - Hombres,RANGO ETARIO Y SEXO,65 a 69 años,Hombres,,,"['RANGO ETARIO Y SEXO', '65 a 69 años', 'Hombres']",92
P4,C,VARIABLES DE SEGUIMIENTO DEL PSCV AL CORTE,P4401026,Enfermedad Renal Crónica (ERC) - Etapa G3b,COL25,AB,28,RANGO ETARIO Y SEXO - 65 a 69 años - Mujeres,RANGO ETARIO Y SEXO,65 a 69 años,Mujeres,,,"['RANGO ETARIO Y SEXO', '65 a 69 años', 'Mujeres']",92
P4,C,VARIABLES DE SEGUIMIENTO DEL PSCV AL CORTE,P4401026,Enfermedad Renal Crónica (ERC) - Etapa G3b,COL26,AC,29,RANGO ETARIO Y SEXO - 70 a 74 años - Hombres,RANGO ETARIO Y SEXO,70 a 74 años,Hombres,,,"['RANGO ETARIO Y SEXO', '70 a 74 años', 'Hombres']",92
P4,C,VARIABLES DE SEGUIMIENTO DEL PSCV AL CORTE,P4401026,Enfermedad Renal Crónica (ERC) - Etapa G3b,COL27,AD,30,RANGO ETARIO Y SEXO - 70 a 74 años - Mujeres,RANGO ETARIO Y SEXO,70 a 74 años,Mujeres,,,"['RANGO ETARIO Y SEXO', '70 a 74 años', 'Mujeres']",92
P4,C,VARIABLES DE SEGUIMIENTO DEL PSCV AL CORTE,P4401026,Enfermedad Renal Crónica (ERC) - Etapa G3b,COL28,AE,31,RANGO ETARIO Y SEXO - 75 a 79 años - Hombres,RANGO ETARIO Y SEXO,75 a 79 años,Hombres,,,"['RANGO ETARIO Y SEXO', '75 a 79 años', 'Hombres']",92
P4,C,VARIABLES DE SEGUIMIENTO DEL PSCV AL CORTE,P4401026,Enfermedad Renal Crónica (ERC) - Etapa G3b,COL29,AF,32,RANGO ETARIO Y SEXO - 75 a 79 años - Mujeres,RANGO ETARIO Y SEXO,75 a 79 años,Mujeres,,,"['RANGO ETARIO Y SEXO', '75 a 79 años', 'Mujeres']",92
P4,C,VARIABLES DE SEGUIMIENTO DEL PSCV AL CORTE,P4401026,Enfermedad Renal Crónica (ERC) - Etapa G3b,COL30,AG,33,RANGO ETARIO Y SEXO - 80 y más años - Hombres,RANGO ETARIO Y SEXO,80 y más años,Hombres,,,"['RANGO ETARIO Y SEXO', '80 y más años', 'Hombres']",92
P4,C,VARIABLES DE SEGUIMIENTO DEL PSCV AL CORTE,P4401026,Enfermedad Renal Crónica (ERC) - Etapa G3b,COL31,AH,34,RANGO ETARIO Y SEXO - 80 y más años - Mujeres,RANGO ETARIO Y SEXO,80 y más años,Mujeres,,,"['RANGO ETARIO Y SEXO', '80 y más años', 'Mujeres']",92
P4,C,VARIABLES DE SEGUIMIENTO DEL PSCV AL CORTE,P4401026,Enfermedad Renal Crónica (ERC) - Etapa G3b,COL32,AI,35,Pueblos Originarios - Hombres,Pueblos Originarios,Hombres,,,,"['Pueblos Originarios', 'Hombres']",92
P4,C,VARIABLES DE SEGUIMIENTO DEL PSCV AL CORTE,P4401026,Enfermedad Renal Crónica (ERC) - Etapa G3b,COL33,AJ,36,Pueblos Originarios - Mujeres,Pueblos Originarios,Mujeres,,,,"['Pueblos Originarios', 'Mujeres']",92
P4,C,VARIABLES DE SEGUIMIENTO DEL PSCV AL CORTE,P4401026,Enfermedad Renal Crónica (ERC) - Etapa G3b,COL34,AK,37,Migrantes - Hombres,Migrantes,Hombres,,,,"['Migrantes', 'Hombres']",92
P4,C,VARIABLES DE SEGUIMIENTO DEL PSCV AL CORTE,P4401026,Enfermedad Renal Crónica (ERC) - Etapa G3b,COL35,AL,38,Migrantes - Mujeres,Migrantes,Mujeres,,,,"['Migrantes', 'Mujeres']",92
P4,C,VARIABLES DE SEGUIMIENTO DEL PSCV AL CORTE,P4401027,Enfermedad Renal Crónica (ERC) - Etapa G4,COL01,D,4,TOTAL - Ambos sexos,TOTAL,Ambos sexos,,,,"['TOTAL', 'Ambos sexos']",93
P4,C,VARIABLES DE SEGUIMIENTO DEL PSCV AL CORTE,P4401027,Enfermedad Renal Crónica (ERC) - Etapa G4,COL02,E,5,TOTAL - Hombres,TOTAL,Hombres,,,,"['TOTAL', 'Hombres']",93
P4,C,VARIABLES DE SEGUIMIENTO DEL PSCV AL CORTE,P4401027,Enfermedad Renal Crónica (ERC) - Etapa G4,COL03,F,6,TOTAL - Mujeres,TOTAL,Mujeres,,,,"['TOTAL', 'Mujeres']",93
P4,C,VARIABLES DE SEGUIMIENTO DEL PSCV AL CORTE,P4401027,Enfermedad Renal Crónica (ERC) - Etapa G4,COL04,G,7,RANGO ETARIO Y SEXO - 15 a 19 años - Hombres,RANGO ETARIO Y SEXO,15 a 19 años,Hombres,,,"['RANGO ETARIO Y SEXO', '15 a 19 años', 'Hombres']",93
P4,C,VARIABLES DE SEGUIMIENTO DEL PSCV AL CORTE,P4401027,Enfermedad Renal Crónica (ERC) - Etapa G4,COL05,H,8,RANGO ETARIO Y SEXO - 15 a 19 años - Mujeres,RANGO ETARIO Y SEXO,15 a 19 años,Mujeres,,,"['RANGO ETARIO Y SEXO', '15 a 19 años', 'Mujeres']",93
P4,C,VARIABLES DE SEGUIMIENTO DEL PSCV AL CORTE,P4401027,Enfermedad Renal Crónica (ERC) - Etapa G4,COL06,I,9,RANGO ETARIO Y SEXO - 20 a 24 años - Hombres,RANGO ETARIO Y SEXO,20 a 24 años,Hombres,,,"['RANGO ETARIO Y SEXO', '20 a 24 años', 'Hombres']",93
P4,C,VARIABLES DE SEGUIMIENTO DEL PSCV AL CORTE,P4401027,Enfermedad Renal Crónica (ERC) - Etapa G4,COL07,J,10,RANGO ETARIO Y SEXO - 20 a 24 años - Mujeres,RANGO ETARIO Y SEXO,20 a 24 años,Mujeres,,,"['RANGO ETARIO Y SEXO', '20 a 24 años', 'Mujeres']",93
P4,C,VARIABLES DE SEGUIMIENTO DEL PSCV AL CORTE,P4401027,Enfermedad Renal Crónica (ERC) - Etapa G4,COL08,K,11,RANGO ETARIO Y SEXO - 25 a 29 años - Hombres,RANGO ETARIO Y SEXO,25 a 29 años,Hombres,,,"['RANGO ETARIO Y SEXO', '25 a 29 años', 'Hombres']",93
P4,C,VARIABLES DE SEGUIMIENTO DEL PSCV AL CORTE,P4401027,Enfermedad Renal Crónica (ERC) - Etapa G4,COL09,L,12,RANGO ETARIO Y SEXO - 25 a 29 años - Mujeres,RANGO ETARIO Y SEXO,25 a 29 años,Mujeres,,,"['RANGO ETARIO Y SEXO', '25 a 29 años', 'Mujeres']",93
P4,C,VARIABLES DE SEGUIMIENTO DEL PSCV AL CORTE,P4401027,Enfermedad Renal Crónica (ERC) - Etapa G4,COL10,M,13,RANGO ETARIO Y SEXO - 30 a 34 años - Hombres,RANGO ETARIO Y SEXO,30 a 34 años,Hombres,,,"['RANGO ETARIO Y SEXO', '30 a 34 años', 'Hombres']",93
P4,C,VARIABLES DE SEGUIMIENTO DEL PSCV AL CORTE,P4401027,Enfermedad Renal Crónica (ERC) - Etapa G4,COL11,N,14,RANGO ETARIO Y SEXO - 30 a 34 años - Mujeres,RANGO ETARIO Y SEXO,30 a 34 años,Mujeres,,,"['RANGO ETARIO Y SEXO', '30 a 34 años', 'Mujeres']",93
P4,C,VARIABLES DE SEGUIMIENTO DEL PSCV AL CORTE,P4401027,Enfermedad Renal Crónica (ERC) - Etapa G4,COL12,O,15,RANGO ETARIO Y SEXO - 35 a 39 años - Hombres,RANGO ETARIO Y SEXO,35 a 39 años,Hombres,,,"['RANGO ETARIO Y SEXO', '35 a 39 años', 'Hombres']",93
P4,C,VARIABLES DE SEGUIMIENTO DEL PSCV AL CORTE,P4401027,Enfermedad Renal Crónica (ERC) - Etapa G4,COL13,P,16,RANGO ETARIO Y SEXO - 35 a 39 años - Mujeres,RANGO ETARIO Y SEXO,35 a 39 años,Mujeres,,,"['RANGO ETARIO Y SEXO', '35 a 39 años', 'Mujeres']",93
P4,C,VARIABLES DE SEGUIMIENTO DEL PSCV AL CORTE,P4401027,Enfermedad Renal Crónica (ERC) - Etapa G4,COL14,Q,17,RANGO ETARIO Y SEXO - 40 a 44 años - Hombres,RANGO ETARIO Y SEXO,40 a 44 años,Hombres,,,"['RANGO ETARIO Y SEXO', '40 a 44 años', 'Hombres']",93
P4,C,VARIABLES DE SEGUIMIENTO DEL PSCV AL CORTE,P4401027,Enfermedad Renal Crónica (ERC) - Etapa G4,COL15,R,18,RANGO ETARIO Y SEXO - 40 a 44 años - Mujeres,RANGO ETARIO Y SEXO,40 a 44 años,Mujeres,,,"['RANGO ETARIO Y SEXO', '40 a 44 años', 'Mujeres']",93
P4,C,VARIABLES DE SEGUIMIENTO DEL PSCV AL CORTE,P4401027,Enfermedad Renal Crónica (ERC) - Etapa G4,COL16,S,19,RANGO ETARIO Y SEXO - 45 a 49 años - Hombres,RANGO ETARIO Y SEXO,45 a 49 años,Hombres,,,"['RANGO ETARIO Y SEXO', '45 a 49 años', 'Hombres']",93
P4,C,VARIABLES DE SEGUIMIENTO DEL PSCV AL CORTE,P4401027,Enfermedad Renal Crónica (ERC) - Etapa G4,COL17,T,20,RANGO ETARIO Y SEXO - 45 a 49 años - Mujeres,RANGO ETARIO Y SEXO,45 a 49 años,Mujeres,,,"['RANGO ETARIO Y SEXO', '45 a 49 años', 'Mujeres']",93
P4,C,VARIABLES DE SEGUIMIENTO DEL PSCV AL CORTE,P4401027,Enfermedad Renal Crónica (ERC) - Etapa G4,COL18,U,21,RANGO ETARIO Y SEXO - 50 a 54 años - Hombres,RANGO ETARIO Y SEXO,50 a 54 años,Hombres,,,"['RANGO ETARIO Y SEXO', '50 a 54 años', 'Hombres']",93
P4,C,VARIABLES DE SEGUIMIENTO DEL PSCV AL CORTE,P4401027,Enfermedad Renal Crónica (ERC) - Etapa G4,COL19,V,22,RANGO ETARIO Y SEXO - 50 a 54 años - Mujeres,RANGO ETARIO Y SEXO,50 a 54 años,Mujeres,,,"['RANGO ETARIO Y SEXO', '50 a 54 años', 'Mujeres']",93
P4,C,VARIABLES DE SEGUIMIENTO DEL PSCV AL CORTE,P4401027,Enfermedad Renal Crónica (ERC) - Etapa G4,COL20,W,23,RANGO ETARIO Y SEXO - 55 a 59 años - Hombres,RANGO ETARIO Y SEXO,55 a 59 años,Hombres,,,"['RANGO ETARIO Y SEXO', '55 a 59 años', 'Hombres']",93
P4,C,VARIABLES DE SEGUIMIENTO DEL PSCV AL CORTE,P4401027,Enfermedad Renal Crónica (ERC) - Etapa G4,COL21,X,24,RANGO ETARIO Y SEXO - 55 a 59 años - Mujeres,RANGO ETARIO Y SEXO,55 a 59 años,Mujeres,,,"['RANGO ETARIO Y SEXO', '55 a 59 años', 'Mujeres']",93
P4,C,VARIABLES DE SEGUIMIENTO DEL PSCV AL CORTE,P4401027,Enfermedad Renal Crónica (ERC) - Etapa G4,COL22,Y,25,RANGO ETARIO Y SEXO - 60 a 64 años - Hombres,RANGO ETARIO Y SEXO,60 a 64 años,Hombres,,,"['RANGO ETARIO Y SEXO', '60 a 64 años', 'Hombres']",93
P4,C,VARIABLES DE SEGUIMIENTO DEL PSCV AL CORTE,P4401027,Enfermedad Renal Crónica (ERC) - Etapa G4,COL23,Z,26,RANGO ETARIO Y SEXO - 60 a 64 años - Mujeres,RANGO ETARIO Y SEXO,60 a 64 años,Mujeres,,,"['RANGO ETARIO Y SEXO', '60 a 64 años', 'Mujeres']",93
P4,C,VARIABLES DE SEGUIMIENTO DEL PSCV AL CORTE,P4401027,Enfermedad Renal Crónica (ERC) - Etapa G4,COL24,AA,27,RANGO ETARIO Y SEXO - 65 a 69 años - Hombres,RANGO ETARIO Y SEXO,65 a 69 años,Hombres,,,"['RANGO ETARIO Y SEXO', '65 a 69 años', 'Hombres']",93
P4,C,VARIABLES DE SEGUIMIENTO DEL PSCV AL CORTE,P4401027,Enfermedad Renal Crónica (ERC) - Etapa G4,COL25,AB,28,RANGO ETARIO Y SEXO - 65 a 69 años - Mujeres,RANGO ETARIO Y SEXO,65 a 69 años,Mujeres,,,"['RANGO ETARIO Y SEXO', '65 a 69 años', 'Mujeres']",93
P4,C,VARIABLES DE SEGUIMIENTO DEL PSCV AL CORTE,P4401027,Enfermedad Renal Crónica (ERC) - Etapa G4,COL26,AC,29,RANGO ETARIO Y SEXO - 70 a 74 años - Hombres,RANGO ETARIO Y SEXO,70 a 74 años,Hombres,,,"['RANGO ETARIO Y SEXO', '70 a 74 años', 'Hombres']",93
P4,C,VARIABLES DE SEGUIMIENTO DEL PSCV AL CORTE,P4401027,Enfermedad Renal Crónica (ERC) - Etapa G4,COL27,AD,30,RANGO ETARIO Y SEXO - 70 a 74 años - Mujeres,RANGO ETARIO Y SEXO,70 a 74 años,Mujeres,,,"['RANGO ETARIO Y SEXO', '70 a 74 años', 'Mujeres']",93
P4,C,VARIABLES DE SEGUIMIENTO DEL PSCV AL CORTE,P4401027,Enfermedad Renal Crónica (ERC) - Etapa G4,COL28,AE,31,RANGO ETARIO Y SEXO - 75 a 79 años - Hombres,RANGO ETARIO Y SEXO,75 a 79 años,Hombres,,,"['RANGO ETARIO Y SEXO', '75 a 79 años', 'Hombres']",93
P4,C,VARIABLES DE SEGUIMIENTO DEL PSCV AL CORTE,P4401027,Enfermedad Renal Crónica (ERC) - Etapa G4,COL29,AF,32,RANGO ETARIO Y SEXO - 75 a 79 años - Mujeres,RANGO ETARIO Y SEXO,75 a 79 años,Mujeres,,,"['RANGO ETARIO Y SEXO', '75 a 79 años', 'Mujeres']",93
P4,C,VARIABLES DE SEGUIMIENTO DEL PSCV AL CORTE,P4401027,Enfermedad Renal Crónica (ERC) - Etapa G4,COL30,AG,33,RANGO ETARIO Y SEXO - 80 y más años - Hombres,RANGO ETARIO Y SEXO,80 y más años,Hombres,,,"['RANGO ETARIO Y SEXO', '80 y más años', 'Hombres']",93
P4,C,VARIABLES DE SEGUIMIENTO DEL PSCV AL CORTE,P4401027,Enfermedad Renal Crónica (ERC) - Etapa G4,COL31,AH,34,RANGO ETARIO Y SEXO - 80 y más años - Mujeres,RANGO ETARIO Y SEXO,80 y más años,Mujeres,,,"['RANGO ETARIO Y SEXO', '80 y más años', 'Mujeres']",93
P4,C,VARIABLES DE SEGUIMIENTO DEL PSCV AL CORTE,P4401027,Enfermedad Renal Crónica (ERC) - Etapa G4,COL32,AI,35,Pueblos Originarios - Hombres,Pueblos Originarios,Hombres,,,,"['Pueblos Originarios', 'Hombres']",93
P4,C,VARIABLES DE SEGUIMIENTO DEL PSCV AL CORTE,P4401027,Enfermedad Renal Crónica (ERC) - Etapa G4,COL33,AJ,36,Pueblos Originarios - Mujeres,Pueblos Originarios,Mujeres,,,,"['Pueblos Originarios', 'Mujeres']",93
P4,C,VARIABLES DE SEGUIMIENTO DEL PSCV AL CORTE,P4401027,Enfermedad Renal Crónica (ERC) - Etapa G4,COL34,AK,37,Migrantes - Hombres,Migrantes,Hombres,,,,"['Migrantes', 'Hombres']",93
P4,C,VARIABLES DE SEGUIMIENTO DEL PSCV AL CORTE,P4401027,Enfermedad Renal Crónica (ERC) - Etapa G4,COL35,AL,38,Migrantes - Mujeres,Migrantes,Mujeres,,,,"['Migrantes', 'Mujeres']",93
P4,C,VARIABLES DE SEGUIMIENTO DEL PSCV AL CORTE,P4401028,Enfermedad Renal Crónica (ERC) - Etapa G5,COL01,D,4,TOTAL - Ambos sexos,TOTAL,Ambos sexos,,,,"['TOTAL', 'Ambos sexos']",94
P4,C,VARIABLES DE SEGUIMIENTO DEL PSCV AL CORTE,P4401028,Enfermedad Renal Crónica (ERC) - Etapa G5,COL02,E,5,TOTAL - Hombres,TOTAL,Hombres,,,,"['TOTAL', 'Hombres']",94
P4,C,VARIABLES DE SEGUIMIENTO DEL PSCV AL CORTE,P4401028,Enfermedad Renal Crónica (ERC) - Etapa G5,COL03,F,6,TOTAL - Mujeres,TOTAL,Mujeres,,,,"['TOTAL', 'Mujeres']",94
P4,C,VARIABLES DE SEGUIMIENTO DEL PSCV AL CORTE,P4401028,Enfermedad Renal Crónica (ERC) - Etapa G5,COL04,G,7,RANGO ETARIO Y SEXO - 15 a 19 años - Hombres,RANGO ETARIO Y SEXO,15 a 19 años,Hombres,,,"['RANGO ETARIO Y SEXO', '15 a 19 años', 'Hombres']",94
P4,C,VARIABLES DE SEGUIMIENTO DEL PSCV AL CORTE,P4401028,Enfermedad Renal Crónica (ERC) - Etapa G5,COL05,H,8,RANGO ETARIO Y SEXO - 15 a 19 años - Mujeres,RANGO ETARIO Y SEXO,15 a 19 años,Mujeres,,,"['RANGO ETARIO Y SEXO', '15 a 19 años', 'Mujeres']",94
P4,C,VARIABLES DE SEGUIMIENTO DEL PSCV AL CORTE,P4401028,Enfermedad Renal Crónica (ERC) - Etapa G5,COL06,I,9,RANGO ETARIO Y SEXO - 20 a 24 años - Hombres,RANGO ETARIO Y SEXO,20 a 24 años,Hombres,,,"['RANGO ETARIO Y SEXO', '20 a 24 años', 'Hombres']",94
P4,C,VARIABLES DE SEGUIMIENTO DEL PSCV AL CORTE,P4401028,Enfermedad Renal Crónica (ERC) - Etapa G5,COL07,J,10,RANGO ETARIO Y SEXO - 20 a 24 años - Mujeres,RANGO ETARIO Y SEXO,20 a 24 años,Mujeres,,,"['RANGO ETARIO Y SEXO', '20 a 24 años', 'Mujeres']",94
P4,C,VARIABLES DE SEGUIMIENTO DEL PSCV AL CORTE,P4401028,Enfermedad Renal Crónica (ERC) - Etapa G5,COL08,K,11,RANGO ETARIO Y SEXO - 25 a 29 años - Hombres,RANGO ETARIO Y SEXO,25 a 29 años,Hombres,,,"['RANGO ETARIO Y SEXO', '25 a 29 años', 'Hombres']",94
P4,C,VARIABLES DE SEGUIMIENTO DEL PSCV AL CORTE,P4401028,Enfermedad Renal Crónica (ERC) - Etapa G5,COL09,L,12,RANGO ETARIO Y SEXO - 25 a 29 años - Mujeres,RANGO ETARIO Y SEXO,25 a 29 años,Mujeres,,,"['RANGO ETARIO Y SEXO', '25 a 29 años', 'Mujeres']",94
P4,C,VARIABLES DE SEGUIMIENTO DEL PSCV AL CORTE,P4401028,Enfermedad Renal Crónica (ERC) - Etapa G5,COL10,M,13,RANGO ETARIO Y SEXO - 30 a 34 años - Hombres,RANGO ETARIO Y SEXO,30 a 34 años,Hombres,,,"['RANGO ETARIO Y SEXO', '30 a 34 años', 'Hombres']",94
P4,C,VARIABLES DE SEGUIMIENTO DEL PSCV AL CORTE,P4401028,Enfermedad Renal Crónica (ERC) - Etapa G5,COL11,N,14,RANGO ETARIO Y SEXO - 30 a 34 años - Mujeres,RANGO ETARIO Y SEXO,30 a 34 años,Mujeres,,,"['RANGO ETARIO Y SEXO', '30 a 34 años', 'Mujeres']",94
P4,C,VARIABLES DE SEGUIMIENTO DEL PSCV AL CORTE,P4401028,Enfermedad Renal Crónica (ERC) - Etapa G5,COL12,O,15,RANGO ETARIO Y SEXO - 35 a 39 años - Hombres,RANGO ETARIO Y SEXO,35 a 39 años,Hombres,,,"['RANGO ETARIO Y SEXO', '35 a 39 años', 'Hombres']",94
P4,C,VARIABLES DE SEGUIMIENTO DEL PSCV AL CORTE,P4401028,Enfermedad Renal Crónica (ERC) - Etapa G5,COL13,P,16,RANGO ETARIO Y SEXO - 35 a 39 años - Mujeres,RANGO ETARIO Y SEXO,35 a 39 años,Mujeres,,,"['RANGO ETARIO Y SEXO', '35 a 39 años', 'Mujeres']",94
P4,C,VARIABLES DE SEGUIMIENTO DEL PSCV AL CORTE,P4401028,Enfermedad Renal Crónica (ERC) - Etapa G5,COL14,Q,17,RANGO ETARIO Y SEXO - 40 a 44 años - Hombres,RANGO ETARIO Y SEXO,40 a 44 años,Hombres,,,"['RANGO ETARIO Y SEXO', '40 a 44 años', 'Hombres']",94
P4,C,VARIABLES DE SEGUIMIENTO DEL PSCV AL CORTE,P4401028,Enfermedad Renal Crónica (ERC) - Etapa G5,COL15,R,18,RANGO ETARIO Y SEXO - 40 a 44 años - Mujeres,RANGO ETARIO Y SEXO,40 a 44 años,Mujeres,,,"['RANGO ETARIO Y SEXO', '40 a 44 años', 'Mujeres']",94
P4,C,VARIABLES DE SEGUIMIENTO DEL PSCV AL CORTE,P4401028,Enfermedad Renal Crónica (ERC) - Etapa G5,COL16,S,19,RANGO ETARIO Y SEXO - 45 a 49 años - Hombres,RANGO ETARIO Y SEXO,45 a 49 años,Hombres,,,"['RANGO ETARIO Y SEXO', '45 a 49 años', 'Hombres']",94
P4,C,VARIABLES DE SEGUIMIENTO DEL PSCV AL CORTE,P4401028,Enfermedad Renal Crónica (ERC) - Etapa G5,COL17,T,20,RANGO ETARIO Y SEXO - 45 a 49 años - Mujeres,RANGO ETARIO Y SEXO,45 a 49 años,Mujeres,,,"['RANGO ETARIO Y SEXO', '45 a 49 años', 'Mujeres']",94
P4,C,VARIABLES DE SEGUIMIENTO DEL PSCV AL CORTE,P4401028,Enfermedad Renal Crónica (ERC) - Etapa G5,COL18,U,21,RANGO ETARIO Y SEXO - 50 a 54 años - Hombres,RANGO ETARIO Y SEXO,50 a 54 años,Hombres,,,"['RANGO ETARIO Y SEXO', '50 a 54 años', 'Hombres']",94
P4,C,VARIABLES DE SEGUIMIENTO DEL PSCV AL CORTE,P4401028,Enfermedad Renal Crónica (ERC) - Etapa G5,COL19,V,22,RANGO ETARIO Y SEXO - 50 a 54 años - Mujeres,RANGO ETARIO Y SEXO,50 a 54 años,Mujeres,,,"['RANGO ETARIO Y SEXO', '50 a 54 años', 'Mujeres']",94
P4,C,VARIABLES DE SEGUIMIENTO DEL PSCV AL CORTE,P4401028,Enfermedad Renal Crónica (ERC) - Etapa G5,COL20,W,23,RANGO ETARIO Y SEXO - 55 a 59 años - Hombres,RANGO ETARIO Y SEXO,55 a 59 años,Hombres,,,"['RANGO ETARIO Y SEXO', '55 a 59 años', 'Hombres']",94
P4,C,VARIABLES DE SEGUIMIENTO DEL PSCV AL CORTE,P4401028,Enfermedad Renal Crónica (ERC) - Etapa G5,COL21,X,24,RANGO ETARIO Y SEXO - 55 a 59 años - Mujeres,RANGO ETARIO Y SEXO,55 a 59 años,Mujeres,,,"['RANGO ETARIO Y SEXO', '55 a 59 años', 'Mujeres']",94
P4,C,VARIABLES DE SEGUIMIENTO DEL PSCV AL CORTE,P4401028,Enfermedad Renal Crónica (ERC) - Etapa G5,COL22,Y,25,RANGO ETARIO Y SEXO - 60 a 64 años - Hombres,RANGO ETARIO Y SEXO,60 a 64 años,Hombres,,,"['RANGO ETARIO Y SEXO', '60 a 64 años', 'Hombres']",94
P4,C,VARIABLES DE SEGUIMIENTO DEL PSCV AL CORTE,P4401028,Enfermedad Renal Crónica (ERC) - Etapa G5,COL23,Z,26,RANGO ETARIO Y SEXO - 60 a 64 años - Mujeres,RANGO ETARIO Y SEXO,60 a 64 años,Mujeres,,,"['RANGO ETARIO Y SEXO', '60 a 64 años', 'Mujeres']",94
P4,C,VARIABLES DE SEGUIMIENTO DEL PSCV AL CORTE,P4401028,Enfermedad Renal Crónica (ERC) - Etapa G5,COL24,AA,27,RANGO ETARIO Y SEXO - 65 a 69 años - Hombres,RANGO ETARIO Y SEXO,65 a 69 años,Hombres,,,"['RANGO ETARIO Y SEXO', '65 a 69 años', 'Hombres']",94
P4,C,VARIABLES DE SEGUIMIENTO DEL PSCV AL CORTE,P4401028,Enfermedad Renal Crónica (ERC) - Etapa G5,COL25,AB,28,RANGO ETARIO Y SEXO - 65 a 69 años - Mujeres,RANGO ETARIO Y SEXO,65 a 69 años,Mujeres,,,"['RANGO ETARIO Y SEXO', '65 a 69 años', 'Mujeres']",94
P4,C,VARIABLES DE SEGUIMIENTO DEL PSCV AL CORTE,P4401028,Enfermedad Renal Crónica (ERC) - Etapa G5,COL26,AC,29,RANGO ETARIO Y SEXO - 70 a 74 años - Hombres,RANGO ETARIO Y SEXO,70 a 74 años,Hombres,,,"['RANGO ETARIO Y SEXO', '70 a 74 años', 'Hombres']",94
P4,C,VARIABLES DE SEGUIMIENTO DEL PSCV AL CORTE,P4401028,Enfermedad Renal Crónica (ERC) - Etapa G5,COL27,AD,30,RANGO ETARIO Y SEXO - 70 a 74 años - Mujeres,RANGO ETARIO Y SEXO,70 a 74 años,Mujeres,,,"['RANGO ETARIO Y SEXO', '70 a 74 años', 'Mujeres']",94
P4,C,VARIABLES DE SEGUIMIENTO DEL PSCV AL CORTE,P4401028,Enfermedad Renal Crónica (ERC) - Etapa G5,COL28,AE,31,RANGO ETARIO Y SEXO - 75 a 79 años - Hombres,RANGO ETARIO Y SEXO,75 a 79 años,Hombres,,,"['RANGO ETARIO Y SEXO', '75 a 79 años', 'Hombres']",94
P4,C,VARIABLES DE SEGUIMIENTO DEL PSCV AL CORTE,P4401028,Enfermedad Renal Crónica (ERC) - Etapa G5,COL29,AF,32,RANGO ETARIO Y SEXO - 75 a 79 años - Mujeres,RANGO ETARIO Y SEXO,75 a 79 años,Mujeres,,,"['RANGO ETARIO Y SEXO', '75 a 79 años', 'Mujeres']",94
P4,C,VARIABLES DE SEGUIMIENTO DEL PSCV AL CORTE,P4401028,Enfermedad Renal Crónica (ERC) - Etapa G5,COL30,AG,33,RANGO ETARIO Y SEXO - 80 y más años - Hombres,RANGO ETARIO Y SEXO,80 y más años,Hombres,,,"['RANGO ETARIO Y SEXO', '80 y más años', 'Hombres']",94
P4,C,VARIABLES DE SEGUIMIENTO DEL PSCV AL CORTE,P4401028,Enfermedad Renal Crónica (ERC) - Etapa G5,COL31,AH,34,RANGO ETARIO Y SEXO - 80 y más años - Mujeres,RANGO ETARIO Y SEXO,80 y más años,Mujeres,,,"['RANGO ETARIO Y SEXO', '80 y más años', 'Mujeres']",94
P4,C,VARIABLES DE SEGUIMIENTO DEL PSCV AL CORTE,P4401028,Enfermedad Renal Crónica (ERC) - Etapa G5,COL32,AI,35,Pueblos Originarios - Hombres,Pueblos Originarios,Hombres,,,,"['Pueblos Originarios', 'Hombres']",94
P4,C,VARIABLES DE SEGUIMIENTO DEL PSCV AL CORTE,P4401028,Enfermedad Renal Crónica (ERC) - Etapa G5,COL33,AJ,36,Pueblos Originarios - Mujeres,Pueblos Originarios,Mujeres,,,,"['Pueblos Originarios', 'Mujeres']",94
P4,C,VARIABLES DE SEGUIMIENTO DEL PSCV AL CORTE,P4401028,Enfermedad Renal Crónica (ERC) - Etapa G5,COL34,AK,37,Migrantes - Hombres,Migrantes,Hombres,,,,"['Migrantes', 'Hombres']",94
P4,C,VARIABLES DE SEGUIMIENTO DEL PSCV AL CORTE,P4401028,Enfermedad Renal Crónica (ERC) - Etapa G5,COL35,AL,38,Migrantes - Mujeres,Migrantes,Mujeres,,,,"['Migrantes', 'Mujeres']",94
P4,C,VARIABLES DE SEGUIMIENTO DEL PSCV AL CORTE,P4401029,Enfermedad Renal Crónica (ERC) - Desconoce si tiene ERC,COL01,D,4,TOTAL - Ambos sexos,TOTAL,Ambos sexos,,,,"['TOTAL', 'Ambos sexos']",95
P4,C,VARIABLES DE SEGUIMIENTO DEL PSCV AL CORTE,P4401029,Enfermedad Renal Crónica (ERC) - Desconoce si tiene ERC,COL02,E,5,TOTAL - Hombres,TOTAL,Hombres,,,,"['TOTAL', 'Hombres']",95
P4,C,VARIABLES DE SEGUIMIENTO DEL PSCV AL CORTE,P4401029,Enfermedad Renal Crónica (ERC) - Desconoce si tiene ERC,COL03,F,6,TOTAL - Mujeres,TOTAL,Mujeres,,,,"['TOTAL', 'Mujeres']",95
P4,C,VARIABLES DE SEGUIMIENTO DEL PSCV AL CORTE,P4401029,Enfermedad Renal Crónica (ERC) - Desconoce si tiene ERC,COL04,G,7,RANGO ETARIO Y SEXO - 15 a 19 años - Hombres,RANGO ETARIO Y SEXO,15 a 19 años,Hombres,,,"['RANGO ETARIO Y SEXO', '15 a 19 años', 'Hombres']",95
P4,C,VARIABLES DE SEGUIMIENTO DEL PSCV AL CORTE,P4401029,Enfermedad Renal Crónica (ERC) - Desconoce si tiene ERC,COL05,H,8,RANGO ETARIO Y SEXO - 15 a 19 años - Mujeres,RANGO ETARIO Y SEXO,15 a 19 años,Mujeres,,,"['RANGO ETARIO Y SEXO', '15 a 19 años', 'Mujeres']",95
P4,C,VARIABLES DE SEGUIMIENTO DEL PSCV AL CORTE,P4401029,Enfermedad Renal Crónica (ERC) - Desconoce si tiene ERC,COL06,I,9,RANGO ETARIO Y SEXO - 20 a 24 años - Hombres,RANGO ETARIO Y SEXO,20 a 24 años,Hombres,,,"['RANGO ETARIO Y SEXO', '20 a 24 años', 'Hombres']",95
P4,C,VARIABLES DE SEGUIMIENTO DEL PSCV AL CORTE,P4401029,Enfermedad Renal Crónica (ERC) - Desconoce si tiene ERC,COL07,J,10,RANGO ETARIO Y SEXO - 20 a 24 años - Mujeres,RANGO ETARIO Y SEXO,20 a 24 años,Mujeres,,,"['RANGO ETARIO Y SEXO', '20 a 24 años', 'Mujeres']",95
P4,C,VARIABLES DE SEGUIMIENTO DEL PSCV AL CORTE,P4401029,Enfermedad Renal Crónica (ERC) - Desconoce si tiene ERC,COL08,K,11,RANGO ETARIO Y SEXO - 25 a 29 años - Hombres,RANGO ETARIO Y SEXO,25 a 29 años,Hombres,,,"['RANGO ETARIO Y SEXO', '25 a 29 años', 'Hombres']",95
P4,C,VARIABLES DE SEGUIMIENTO DEL PSCV AL CORTE,P4401029,Enfermedad Renal Crónica (ERC) - Desconoce si tiene ERC,COL09,L,12,RANGO ETARIO Y SEXO - 25 a 29 años - Mujeres,RANGO ETARIO Y SEXO,25 a 29 años,Mujeres,,,"['RANGO ETARIO Y SEXO', '25 a 29 años', 'Mujeres']",95
P4,C,VARIABLES DE SEGUIMIENTO DEL PSCV AL CORTE,P4401029,Enfermedad Renal Crónica (ERC) - Desconoce si tiene ERC,COL10,M,13,RANGO ETARIO Y SEXO - 30 a 34 años - Hombres,RANGO ETARIO Y SEXO,30 a 34 años,Hombres,,,"['RANGO ETARIO Y SEXO', '30 a 34 años', 'Hombres']",95
P4,C,VARIABLES DE SEGUIMIENTO DEL PSCV AL CORTE,P4401029,Enfermedad Renal Crónica (ERC) - Desconoce si tiene ERC,COL11,N,14,RANGO ETARIO Y SEXO - 30 a 34 años - Mujeres,RANGO ETARIO Y SEXO,30 a 34 años,Mujeres,,,"['RANGO ETARIO Y SEXO', '30 a 34 años', 'Mujeres']",95
P4,C,VARIABLES DE SEGUIMIENTO DEL PSCV AL CORTE,P4401029,Enfermedad Renal Crónica (ERC) - Desconoce si tiene ERC,COL12,O,15,RANGO ETARIO Y SEXO - 35 a 39 años - Hombres,RANGO ETARIO Y SEXO,35 a 39 años,Hombres,,,"['RANGO ETARIO Y SEXO', '35 a 39 años', 'Hombres']",95
P4,C,VARIABLES DE SEGUIMIENTO DEL PSCV AL CORTE,P4401029,Enfermedad Renal Crónica (ERC) - Desconoce si tiene ERC,COL13,P,16,RANGO ETARIO Y SEXO - 35 a 39 años - Mujeres,RANGO ETARIO Y SEXO,35 a 39 años,Mujeres,,,"['RANGO ETARIO Y SEXO', '35 a 39 años', 'Mujeres']",95
P4,C,VARIABLES DE SEGUIMIENTO DEL PSCV AL CORTE,P4401029,Enfermedad Renal Crónica (ERC) - Desconoce si tiene ERC,COL14,Q,17,RANGO ETARIO Y SEXO - 40 a 44 años - Hombres,RANGO ETARIO Y SEXO,40 a 44 años,Hombres,,,"['RANGO ETARIO Y SEXO', '40 a 44 años', 'Hombres']",95
P4,C,VARIABLES DE SEGUIMIENTO DEL PSCV AL CORTE,P4401029,Enfermedad Renal Crónica (ERC) - Desconoce si tiene ERC,COL15,R,18,RANGO ETARIO Y SEXO - 40 a 44 años - Mujeres,RANGO ETARIO Y SEXO,40 a 44 años,Mujeres,,,"['RANGO ETARIO Y SEXO', '40 a 44 años', 'Mujeres']",95
P4,C,VARIABLES DE SEGUIMIENTO DEL PSCV AL CORTE,P4401029,Enfermedad Renal Crónica (ERC) - Desconoce si tiene ERC,COL16,S,19,RANGO ETARIO Y SEXO - 45 a 49 años - Hombres,RANGO ETARIO Y SEXO,45 a 49 años,Hombres,,,"['RANGO ETARIO Y SEXO', '45 a 49 años', 'Hombres']",95
P4,C,VARIABLES DE SEGUIMIENTO DEL PSCV AL CORTE,P4401029,Enfermedad Renal Crónica (ERC) - Desconoce si tiene ERC,COL17,T,20,RANGO ETARIO Y SEXO - 45 a 49 años - Mujeres,RANGO ETARIO Y SEXO,45 a 49 años,Mujeres,,,"['RANGO ETARIO Y SEXO', '45 a 49 años', 'Mujeres']",95
P4,C,VARIABLES DE SEGUIMIENTO DEL PSCV AL CORTE,P4401029,Enfermedad Renal Crónica (ERC) - Desconoce si tiene ERC,COL18,U,21,RANGO ETARIO Y SEXO - 50 a 54 años - Hombres,RANGO ETARIO Y SEXO,50 a 54 años,Hombres,,,"['RANGO ETARIO Y SEXO', '50 a 54 años', 'Hombres']",95
P4,C,VARIABLES DE SEGUIMIENTO DEL PSCV AL CORTE,P4401029,Enfermedad Renal Crónica (ERC) - Desconoce si tiene ERC,COL19,V,22,RANGO ETARIO Y SEXO - 50 a 54 años - Mujeres,RANGO ETARIO Y SEXO,50 a 54 años,Mujeres,,,"['RANGO ETARIO Y SEXO', '50 a 54 años', 'Mujeres']",95
P4,C,VARIABLES DE SEGUIMIENTO DEL PSCV AL CORTE,P4401029,Enfermedad Renal Crónica (ERC) - Desconoce si tiene ERC,COL20,W,23,RANGO ETARIO Y SEXO - 55 a 59 años - Hombres,RANGO ETARIO Y SEXO,55 a 59 años,Hombres,,,"['RANGO ETARIO Y SEXO', '55 a 59 años', 'Hombres']",95
P4,C,VARIABLES DE SEGUIMIENTO DEL PSCV AL CORTE,P4401029,Enfermedad Renal Crónica (ERC) - Desconoce si tiene ERC,COL21,X,24,RANGO ETARIO Y SEXO - 55 a 59 años - Mujeres,RANGO ETARIO Y SEXO,55 a 59 años,Mujeres,,,"['RANGO ETARIO Y SEXO', '55 a 59 años', 'Mujeres']",95
P4,C,VARIABLES DE SEGUIMIENTO DEL PSCV AL CORTE,P4401029,Enfermedad Renal Crónica (ERC) - Desconoce si tiene ERC,COL22,Y,25,RANGO ETARIO Y SEXO - 60 a 64 años - Hombres,RANGO ETARIO Y SEXO,60 a 64 años,Hombres,,,"['RANGO ETARIO Y SEXO', '60 a 64 años', 'Hombres']",95
P4,C,VARIABLES DE SEGUIMIENTO DEL PSCV AL CORTE,P4401029,Enfermedad Renal Crónica (ERC) - Desconoce si tiene ERC,COL23,Z,26,RANGO ETARIO Y SEXO - 60 a 64 años - Mujeres,RANGO ETARIO Y SEXO,60 a 64 años,Mujeres,,,"['RANGO ETARIO Y SEXO', '60 a 64 años', 'Mujeres']",95
P4,C,VARIABLES DE SEGUIMIENTO DEL PSCV AL CORTE,P4401029,Enfermedad Renal Crónica (ERC) - Desconoce si tiene ERC,COL24,AA,27,RANGO ETARIO Y SEXO - 65 a 69 años - Hombres,RANGO ETARIO Y SEXO,65 a 69 años,Hombres,,,"['RANGO ETARIO Y SEXO', '65 a 69 años', 'Hombres']",95
P4,C,VARIABLES DE SEGUIMIENTO DEL PSCV AL CORTE,P4401029,Enfermedad Renal Crónica (ERC) - Desconoce si tiene ERC,COL25,AB,28,RANGO ETARIO Y SEXO - 65 a 69 años - Mujeres,RANGO ETARIO Y SEXO,65 a 69 años,Mujeres,,,"['RANGO ETARIO Y SEXO', '65 a 69 años', 'Mujeres']",95
P4,C,VARIABLES DE SEGUIMIENTO DEL PSCV AL CORTE,P4401029,Enfermedad Renal Crónica (ERC) - Desconoce si tiene ERC,COL26,AC,29,RANGO ETARIO Y SEXO - 70 a 74 años - Hombres,RANGO ETARIO Y SEXO,70 a 74 años,Hombres,,,"['RANGO ETARIO Y SEXO', '70 a 74 años', 'Hombres']",95
P4,C,VARIABLES DE SEGUIMIENTO DEL PSCV AL CORTE,P4401029,Enfermedad Renal Crónica (ERC) - Desconoce si tiene ERC,COL27,AD,30,RANGO ETARIO Y SEXO - 70 a 74 años - Mujeres,RANGO ETARIO Y SEXO,70 a 74 años,Mujeres,,,"['RANGO ETARIO Y SEXO', '70 a 74 años', 'Mujeres']",95
P4,C,VARIABLES DE SEGUIMIENTO DEL PSCV AL CORTE,P4401029,Enfermedad Renal Crónica (ERC) - Desconoce si tiene ERC,COL28,AE,31,RANGO ETARIO Y SEXO - 75 a 79 años - Hombres,RANGO ETARIO Y SEXO,75 a 79 años,Hombres,,,"['RANGO ETARIO Y SEXO', '75 a 79 años', 'Hombres']",95
P4,C,VARIABLES DE SEGUIMIENTO DEL PSCV AL CORTE,P4401029,Enfermedad Renal Crónica (ERC) - Desconoce si tiene ERC,COL29,AF,32,RANGO ETARIO Y SEXO - 75 a 79 años - Mujeres,RANGO ETARIO Y SEXO,75 a 79 años,Mujeres,,,"['RANGO ETARIO Y SEXO', '75 a 79 años', 'Mujeres']",95
P4,C,VARIABLES DE SEGUIMIENTO DEL PSCV AL CORTE,P4401029,Enfermedad Renal Crónica (ERC) - Desconoce si tiene ERC,COL30,AG,33,RANGO ETARIO Y SEXO - 80 y más años - Hombres,RANGO ETARIO Y SEXO,80 y más años,Hombres,,,"['RANGO ETARIO Y SEXO', '80 y más años', 'Hombres']",95
P4,C,VARIABLES DE SEGUIMIENTO DEL PSCV AL CORTE,P4401029,Enfermedad Renal Crónica (ERC) - Desconoce si tiene ERC,COL31,AH,34,RANGO ETARIO Y SEXO - 80 y más años - Mujeres,RANGO ETARIO Y SEXO,80 y más años,Mujeres,,,"['RANGO ETARIO Y SEXO', '80 y más años', 'Mujeres']",95
P4,C,VARIABLES DE SEGUIMIENTO DEL PSCV AL CORTE,P4401029,Enfermedad Renal Crónica (ERC) - Desconoce si tiene ERC,COL32,AI,35,Pueblos Originarios - Hombres,Pueblos Originarios,Hombres,,,,"['Pueblos Originarios', 'Hombres']",95
P4,C,VARIABLES DE SEGUIMIENTO DEL PSCV AL CORTE,P4401029,Enfermedad Renal Crónica (ERC) - Desconoce si tiene ERC,COL33,AJ,36,Pueblos Originarios - Mujeres,Pueblos Originarios,Mujeres,,,,"['Pueblos Originarios', 'Mujeres']",95
P4,C,VARIABLES DE SEGUIMIENTO DEL PSCV AL CORTE,P4401029,Enfermedad Renal Crónica (ERC) - Desconoce si tiene ERC,COL34,AK,37,Migrantes - Hombres,Migrantes,Hombres,,,,"['Migrantes', 'Hombres']",95
P4,C,VARIABLES DE SEGUIMIENTO DEL PSCV AL CORTE,P4401029,Enfermedad Renal Crónica (ERC) - Desconoce si tiene ERC,COL35,AL,38,Migrantes - Mujeres,Migrantes,Mujeres,,,,"['Migrantes', 'Mujeres']",95
