rem,seccion,seccion_nombre,codigo_prestacion,detalle_prestacion,codigo_columna,columna_excel,columna_indice_excel,columna_detalle,columna_categoria,columna_subcategoria,columna_sub_subcategoria,columna_nivel_4,columna_nivel_5,columna_niveles,fila_excel
P4,A,PROGRAMA SALUD CARDIOVASCULAR (PSCV),P4150601,Personas bajo control según patología y factores de riesgo (existencia) - Hipertensión Arterial,COL01,D,4,TOTAL - Ambos sexos,TOTAL,Ambos sexos,,,,"['TOTAL', 'Ambos sexos']",16
P4,A,PROGRAMA SALUD CARDIOVASCULAR (PSCV),P4150601,Personas bajo control según patología y factores de riesgo (existencia) - Hipertensión Arterial,COL02,E,5,TOTAL - Hombres,TOTAL,Hombres,,,,"['TOTAL', 'Hombres']",16
P4,A,PROGRAMA SALUD CARDIOVASCULAR (PSCV),P4150601,Personas bajo control según patología y factores de riesgo (existencia) - Hipertensión Arterial,COL03,F,6,TOTAL - Mujeres,TOTAL,Mujeres,,,,"['TOTAL', 'Mujeres']",16
P4,A,PROGRAMA SALUD CARDIOVASCULAR (PSCV),P4150601,Personas bajo control según patología y factores de riesgo (existencia) - Hipertensión Arterial,COL04,G,7,RANGO ETARIO Y SEXO - 15 a 19 años - Hombres,RANGO ETARIO Y SEXO,15 a 19 años,Hombres,,,"['RANGO ETARIO Y SEXO', '15 a 19 años', 'Hombres']",16
P4,A,PROGRAMA SALUD CARDIOVASCULAR (PSCV),P4150601,Personas bajo control según patología y factores de riesgo (existencia) - Hipertensión Arterial,COL05,H,8,RANGO ETARIO Y SEXO - 15 a 19 años - Mujeres,RANGO ETARIO Y SEXO,15 a 19 años,Mujeres,,,"['RANGO ETARIO Y SEXO', '15 a 19 años', 'Mujeres']",16
P4,A,PROGRAMA SALUD CARDIOVASCULAR (PSCV),P4150601,Personas bajo control según patología y factores de riesgo (existencia) - Hipertensión Arterial,COL06,I,9,RANGO ETARIO Y SEXO - 20 a 24 años - Hombres,RANGO ETARIO Y SEXO,20 a 24 años,Hombres,,,"['RANGO ETARIO Y SEXO', '20 a 24 años', 'Hombres']",16
P4,A,PROGRAMA SALUD CARDIOVASCULAR (PSCV),P4150601,Personas bajo control según patología y factores de riesgo (existencia) - Hipertensión Arterial,COL07,J,10,RANGO ETARIO Y SEXO - 20 a 24 años - Mujeres,RANGO ETARIO Y SEXO,20 a 24 años,Mujeres,,,"['RANGO ETARIO Y SEXO', '20 a 24 años', 'Mujeres']",16
P4,A,PROGRAMA SALUD CARDIOVASCULAR (PSCV),P4150601,Personas bajo control según patología y factores de riesgo (existencia) - Hipertensión Arterial,COL08,K,11,RANGO ETARIO Y SEXO - 25 a 29 años - Hombres,RANGO ETARIO Y SEXO,25 a 29 años,Hombres,,,"['RANGO ETARIO Y SEXO', '25 a 29 años', 'Hombres']",16
P4,A,PROGRAMA SALUD CARDIOVASCULAR (PSCV),P4150601,Personas bajo control según patología y factores de riesgo (existencia) - Hipertensión Arterial,COL09,L,12,RANGO ETARIO Y SEXO - 25 a 29 años - Mujeres,RANGO ETARIO Y SEXO,25 a 29 años,Mujeres,,,"['RANGO ETARIO Y SEXO', '25 a 29 años', 'Mujeres']",16
P4,A,PROGRAMA SALUD CARDIOVASCULAR (PSCV),P4150601,Personas bajo control según patología y factores de riesgo (existencia) - Hipertensión Arterial,COL10,M,13,RANGO ETARIO Y SEXO - 30 a 34 años - Hombres,RANGO ETARIO Y SEXO,30 a 34 años,Hombres,,,"['RANGO ETARIO Y SEXO', '30 a 34 años', 'Hombres']",16
P4,A,PROGRAMA SALUD CARDIOVASCULAR (PSCV),P4150601,Personas bajo control según patología y factores de riesgo (existencia) - Hipertensión Arterial,COL11,N,14,RANGO ETARIO Y SEXO - 30 a 34 años - Mujeres,RANGO ETARIO Y SEXO,30 a 34 años,Mujeres,,,"['RANGO ETARIO Y SEXO', '30 a 34 años', 'Mujeres']",16
P4,A,PROGRAMA SALUD CARDIOVASCULAR (PSCV),P4150601,Personas bajo control según patología y factores de riesgo (existencia) - Hipertensión Arterial,COL12,O,15,RANGO ETARIO Y SEXO - 35 a 39 años - Hombres,RANGO ETARIO Y SEXO,35 a 39 años,Hombres,,,"['RANGO ETARIO Y SEXO', '35 a 39 años', 'Hombres']",16
P4,A,PROGRAMA SALUD CARDIOVASCULAR (PSCV),P4150601,Personas bajo control según patología y factores de riesgo (existencia) - Hipertensión Arterial,COL13,P,16,RANGO ETARIO Y SEXO - 35 a 39 años - Mujeres,RANGO ETARIO Y SEXO,35 a 39 años,Mujeres,,,"['RANGO ETARIO Y SEXO', '35 a 39 años', 'Mujeres']",16
P4,A,PROGRAMA SALUD CARDIOVASCULAR (PSCV),P4150601,Personas bajo control según patología y factores de riesgo (existencia) - Hipertensión Arterial,COL14,Q,17,RANGO ETARIO Y SEXO - 40 a 44 años - Hombres,RANGO ETARIO Y SEXO,40 a 44 años,Hombres,,,"['RANGO ETARIO Y SEXO', '40 a 44 años', 'Hombres']",16
P4,A,PROGRAMA SALUD CARDIOVASCULAR (PSCV),P4150601,Personas bajo control según patología y factores de riesgo (existencia) - Hipertensión Arterial,COL15,R,18,RANGO ETARIO Y SEXO - 40 a 44 años - Mujeres,RANGO ETARIO Y SEXO,40 a 44 años,Mujeres,,,"['RANGO ETARIO Y SEXO', '40 a 44 años', 'Mujeres']",16
P4,A,PROGRAMA SALUD CARDIOVASCULAR (PSCV),P4150601,Personas bajo control según patología y factores de riesgo (existencia) - Hipertensión Arterial,COL16,S,19,RANGO ETARIO Y SEXO - 45 a 49 años - Hombres,RANGO ETARIO Y SEXO,45 a 49 años,Hombres,,,"['RANGO ETARIO Y SEXO', '45 a 49 años', 'Hombres']",16
P4,A,PROGRAMA SALUD CARDIOVASCULAR (PSCV),P4150601,Personas bajo control según patología y factores de riesgo (existencia) - Hipertensión Arterial,COL17,T,20,RANGO ETARIO Y SEXO - 45 a 49 años - Mujeres,RANGO ETARIO Y SEXO,45 a 49 años,Mujeres,,,"['RANGO ETARIO Y SEXO', '45 a 49 años', 'Mujeres']",16
P4,A,PROGRAMA SALUD CARDIOVASCULAR (PSCV),P4150601,Personas bajo control según patología y factores de riesgo (existencia) - Hipertensión Arterial,COL18,U,21,RANGO ETARIO Y SEXO - 50 a 54 años - Hombres,RANGO ETARIO Y SEXO,50 a 54 años,Hombres,,,"['RANGO ETARIO Y SEXO', '50 a 54 años', 'Hombres']",16
P4,A,PROGRAMA SALUD CARDIOVASCULAR (PSCV),P4150601,Personas bajo control según patología y factores de riesgo (existencia) - Hipertensión Arterial,COL19,V,22,RANGO ETARIO Y SEXO - 50 a 54 años - Mujeres,RANGO ETARIO Y SEXO,50 a 54 años,Mujeres,,,"['RANGO ETARIO Y SEXO', '50 a 54 años', 'Mujeres']",16
P4,A,PROGRAMA SALUD CARDIOVASCULAR (PSCV),P4150601,Personas bajo control según patología y factores de riesgo (existencia) - Hipertensión Arterial,COL20,W,23,RANGO ETARIO Y SEXO - 55 a 59 años - Hombres,RANGO ETARIO Y SEXO,55 a 59 años,Hombres,,,"['RANGO ETARIO Y SEXO', '55 a 59 años', 'Hombres']",16
P4,A,PROGRAMA SALUD CARDIOVASCULAR (PSCV),P4150601,Personas bajo control según patología y factores de riesgo (existencia) - Hipertensión Arterial,COL21,X,24,RANGO ETARIO Y SEXO - 55 a 59 años - Mujeres,RANGO ETARIO Y SEXO,55 a 59 años,Mujeres,,,"['RANGO ETARIO Y SEXO', '55 a 59 años', 'Mujeres']",16
P4,A,PROGRAMA SALUD CARDIOVASCULAR (PSCV),P4150601,Personas bajo control según patología y factores de riesgo (existencia) - Hipertensión Arterial,COL22,Y,25,RANGO ETARIO Y SEXO - 60 a 64 años - Hombres,RANGO ETARIO Y SEXO,60 a 64 años,Hombres,,,"['RANGO ETARIO Y SEXO', '60 a 64 años', 'Hombres']",16
P4,A,PROGRAMA SALUD CARDIOVASCULAR (PSCV),P4150601,Personas bajo control según patología y factores de riesgo (existencia) - Hipertensión Arterial,COL23,Z,26,RANGO ETARIO Y SEXO - 60 a 64 años - Mujeres,RANGO ETARIO Y SEXO,60 a 64 años,Mujeres,,,"['RANGO ETARIO Y SEXO', '60 a 64 años', 'Mujeres']",16
P4,A,PROGRAMA SALUD CARDIOVASCULAR (PSCV),P4150601,Personas bajo control según patología y factores de riesgo (existencia) - Hipertensión Arterial,COL24,AA,27,RANGO ETARIO Y SEXO - 65 a 69 años - Hombres,RANGO ETARIO Y SEXO,65 a 69 años,Hombres,,,"['RANGO ETARIO Y SEXO', '65 a 69 años', 'Hombres']",16
P4,A,PROGRAMA SALUD CARDIOVASCULAR (PSCV),P4150601,Personas bajo control según patología y factores de riesgo (existencia) - Hipertensión Arterial,COL25,AB,28,RANGO ETARIO Y SEXO - 65 a 69 años - Mujeres,RANGO ETARIO Y SEXO,65 a 69 años,Mujeres,,,"['RANGO ETARIO Y SEXO', '65 a 69 años', 'Mujeres']",16
P4,A,PROGRAMA SALUD CARDIOVASCULAR (PSCV),P4150601,Personas bajo control según patología y factores de riesgo (existencia) - Hipertensión Arterial,COL26,AC,29,RANGO ETARIO Y SEXO - 70 a 74 años - Hombres,RANGO ETARIO Y SEXO,70 a 74 años,Hombres,,,"['RANGO ETARIO Y SEXO', '70 a 74 años', 'Hombres']",16
P4,A,PROGRAMA SALUD CARDIOVASCULAR (PSCV),P4150601,Personas bajo control según patología y factores de riesgo (existencia) - Hipertensión Arterial,COL27,AD,30,RANGO ETARIO Y SEXO - 70 a 74 años - Mujeres,RANGO ETARIO Y SEXO,70 a 74 años,Mujeres,,,"['RANGO ETARIO Y SEXO', '70 a 74 años', 'Mujeres']",16
P4,A,PROGRAMA SALUD CARDIOVASCULAR (PSCV),P4150601,Personas bajo control según patología y factores de riesgo (existencia) - Hipertensión Arterial,COL28,AE,31,RANGO ETARIO Y SEXO - 75 a 79 años - Hombres,RANGO ETARIO Y SEXO,75 a 79 años,Hombres,,,"['RANGO ETARIO Y SEXO', '75 a 79 años', 'Hombres']",16
P4,A,PROGRAMA SALUD CARDIOVASCULAR (PSCV),P4150601,Personas bajo control según patología y factores de riesgo (existencia) - Hipertensión Arterial,COL29,AF,32,RANGO ETARIO Y SEXO - 75 a 79 años - Mujeres,RANGO ETARIO Y SEXO,75 a 79 años,Mujeres,,,"['RANGO ETARIO Y SEXO', '75 a 79 años', 'Mujeres']",16
P4,A,PROGRAMA SALUD CARDIOVASCULAR (PSCV),P4150601,Personas bajo control según patología y factores de riesgo (existencia) - Hipertensión Arterial,COL30,AG,33,RANGO ETARIO Y SEXO - 80 y más años - Hombres,RANGO ETARIO Y SEXO,80 y más años,Hombres,,,"['RANGO ETARIO Y SEXO', '80 y más años', 'Hombres']",16
P4,A,PROGRAMA SALUD CARDIOVASCULAR (PSCV),P4150601,Personas bajo control según patología y factores de riesgo (existencia) - Hipertensión Arterial,COL31,AH,34,RANGO ETARIO Y SEXO - 80 y más años - Mujeres,RANGO ETARIO Y SEXO,80 y más años,Mujeres,,,"['RANGO ETARIO Y SEXO', '80 y más años', 'Mujeres']",16
P4,A,PROGRAMA SALUD CARDIOVASCULAR (PSCV),P4150601,Personas bajo control según patología y factores de riesgo (existencia) - Hipertensión Arterial,COL32,AI,35,Pueblos Originarios - Hombres,Pueblos Originarios,Hombres,,,,"['Pueblos Originarios', 'Hombres']",16
P4,A,PROGRAMA SALUD CARDIOVASCULAR (PSCV),P4150601,Personas bajo control según patología y factores de riesgo (existencia) - Hipertensión Arterial,COL33,AJ,36,Pueblos Originarios - Mujeres,Pueblos Originarios,Mujeres,,,,"['Pueblos Originarios', 'Mujeres']",16
P4,A,PROGRAMA SALUD CARDIOVASCULAR (PSCV),P4150601,Personas bajo control según patología y factores de riesgo (existencia) - Hipertensión Arterial,COL34,AK,37,Migrantes - Hombres,Migrantes,Hombres,,,,"['Migrantes', 'Hombres']",16
P4,A,PROGRAMA SALUD CARDIOVASCULAR (PSCV),P4150601,Personas bajo control según patología y factores de riesgo (existencia) - Hipertensión Arterial,COL35,AL,38,Migrantes - Mujeres,Migrantes,Mujeres,,,,"['Migrantes', 'Mujeres']",16
P4,A,PROGRAMA SALUD CARDIOVASCULAR (PSCV),P4150602,Personas bajo control según patología y factores de riesgo (existencia) - Diabetes Mellitus tipo 2,COL01,D,4,TOTAL - Ambos sexos,TOTAL,Ambos sexos,,,,"['TOTAL', 'Ambos sexos']",17
P4,A,PROGRAMA SALUD CARDIOVASCULAR (PSCV),P4150602,Personas bajo control según patología y factores de riesgo (existencia) - Diabetes Mellitus tipo 2,COL02,E,5,TOTAL - Hombres,TOTAL,Hombres,,,,"['TOTAL', 'Hombres']",17
P4,A,PROGRAMA SALUD CARDIOVASCULAR (PSCV),P4150602,Personas bajo control según patología y factores de riesgo (existencia) - Diabetes Mellitus tipo 2,COL03,F,6,TOTAL - Mujeres,TOTAL,Mujeres,,,,"['TOTAL', 'Mujeres']",17
P4,A,PROGRAMA SALUD CARDIOVASCULAR (PSCV),P4150602,Personas bajo control según patología y factores de riesgo (existencia) - Diabetes Mellitus tipo 2,COL04,G,7,RANGO ETARIO Y SEXO - 15 a 19 años - Hombres,RANGO ETARIO Y SEXO,15 a 19 años,Hombres,,,"['RANGO ETARIO Y SEXO', '15 a 19 años', 'Hombres']",17
P4,A,PROGRAMA SALUD CARDIOVASCULAR (PSCV),P4150602,Personas bajo control según patología y factores de riesgo (existencia) - Diabetes Mellitus tipo 2,COL05,H,8,RANGO ETARIO Y SEXO - 15 a 19 años - Mujeres,RANGO ETARIO Y SEXO,15 a 19 años,Mujeres,,,"['RANGO ETARIO Y SEXO', '15 a 19 años', 'Mujeres']",17
P4,A,PROGRAMA SALUD CARDIOVASCULAR (PSCV),P4150602,Personas bajo control según patología y factores de riesgo (existencia) - Diabetes Mellitus tipo 2,COL06,I,9,RANGO ETARIO Y SEXO - 20 a 24 años - Hombres,RANGO ETARIO Y SEXO,20 a 24 años,Hombres,,,"['RANGO ETARIO Y SEXO', '20 a 24 años', 'Hombres']",17
P4,A,PROGRAMA SALUD CARDIOVASCULAR (PSCV),P4150602,Personas bajo control según patología y factores de riesgo (existencia) - Diabetes Mellitus tipo 2,COL07,J,10,RANGO ETARIO Y SEXO - 20 a 24 años - Mujeres,RANGO ETARIO Y SEXO,20 a 24 años,Mujeres,,,"['RANGO ETARIO Y SEXO', '20 a 24 años', 'Mujeres']",17
P4,A,PROGRAMA SALUD CARDIOVASCULAR (PSCV),P4150602,Personas bajo control según patología y factores de riesgo (existencia) - Diabetes Mellitus tipo 2,COL08,K,11,RANGO ETARIO Y SEXO - 25 a 29 años - Hombres,RANGO ETARIO Y SEXO,25 a 29 años,Hombres,,,"['RANGO ETARIO Y SEXO', '25 a 29 años', 'Hombres']",17
P4,A,PROGRAMA SALUD CARDIOVASCULAR (PSCV),P4150602,Personas bajo control según patología y factores de riesgo (existencia) - Diabetes Mellitus tipo 2,COL09,L,12,RANGO ETARIO Y SEXO - 25 a 29 años - Mujeres,RANGO ETARIO Y SEXO,25 a 29 años,Mujeres,,,"['RANGO ETARIO Y SEXO', '25 a 29 años', 'Mujeres']",17
P4,A,PROGRAMA SALUD CARDIOVASCULAR (PSCV),P4150602,Personas bajo control según patología y factores de riesgo (existencia) - Diabetes Mellitus tipo 2,COL10,M,13,RANGO ETARIO Y SEXO - 30 a 34 años - Hombres,RANGO ETARIO Y SEXO,30 a 34 años,Hombres,,,"['RANGO ETARIO Y SEXO', '30 a 34 años', 'Hombres']",17
P4,A,PROGRAMA SALUD CARDIOVASCULAR (PSCV),P4150602,Personas bajo control según patología y factores de riesgo (existencia) - Diabetes Mellitus tipo 2,COL11,N,14,RANGO ETARIO Y SEXO - 30 a 34 años - Mujeres,RANGO ETARIO Y SEXO,30 a 34 años,Mujeres,,,"['RANGO ETARIO Y SEXO', '30 a 34 años', 'Mujeres']",17
P4,A,PROGRAMA SALUD CARDIOVASCULAR (PSCV),P4150602,Personas bajo control según patología y factores de riesgo (existencia) - Diabetes Mellitus tipo 2,COL12,O,15,RANGO ETARIO Y SEXO - 35 a 39 años - Hombres,RANGO ETARIO Y SEXO,35 a 39 años,Hombres,,,"['RANGO ETARIO Y SEXO', '35 a 39 años', 'Hombres']",17
P4,A,PROGRAMA SALUD CARDIOVASCULAR (PSCV),P4150602,Personas bajo control según patología y factores de riesgo (existencia) - Diabetes Mellitus tipo 2,COL13,P,16,RANGO ETARIO Y SEXO - 35 a 39 años - Mujeres,RANGO ETARIO Y SEXO,35 a 39 años,Mujeres,,,"['RANGO ETARIO Y SEXO', '35 a 39 años', 'Mujeres']",17
P4,A,PROGRAMA SALUD CARDIOVASCULAR (PSCV),P4150602,Personas bajo control según patología y factores de riesgo (existencia) - Diabetes Mellitus tipo 2,COL14,Q,17,RANGO ETARIO Y SEXO - 40 a 44 años - Hombres,RANGO ETARIO Y SEXO,40 a 44 años,Hombres,,,"['RANGO ETARIO Y SEXO', '40 a 44 años', 'Hombres']",17
P4,A,PROGRAMA SALUD CARDIOVASCULAR (PSCV),P4150602,Personas bajo control según patología y factores de riesgo (existencia) - Diabetes Mellitus tipo 2,COL15,R,18,RANGO ETARIO Y SEXO - 40 a 44 años - Mujeres,RANGO ETARIO Y SEXO,40 a 44 años,Mujeres,,,"['RANGO ETARIO Y SEXO', '40 a 44 años', 'Mujeres']",17
P4,A,PROGRAMA SALUD CARDIOVASCULAR (PSCV),P4150602,Personas bajo control según patología y factores de riesgo (existencia) - Diabetes Mellitus tipo 2,COL16,S,19,RANGO ETARIO Y SEXO - 45 a 49 años - Hombres,RANGO ETARIO Y SEXO,45 a 49 años,Hombres,,,"['RANGO ETARIO Y SEXO', '45 a 49 años', 'Hombres']",17
P4,A,PROGRAMA SALUD CARDIOVASCULAR (PSCV),P4150602,Personas bajo control según patología y factores de riesgo (existencia) - Diabetes Mellitus tipo 2,COL17,T,20,RANGO ETARIO Y SEXO - 45 a 49 años - Mujeres,RANGO ETARIO Y SEXO,45 a 49 años,Mujeres,,,"['RANGO ETARIO Y SEXO', '45 a 49 años', 'Mujeres']",17
P4,A,PROGRAMA SALUD CARDIOVASCULAR (PSCV),P4150602,Personas bajo control según patología y factores de riesgo (existencia) - Diabetes Mellitus tipo 2,COL18,U,21,RANGO ETARIO Y SEXO - 50 a 54 años - Hombres,RANGO ETARIO Y SEXO,50 a 54 años,Hombres,,,"['RANGO ETARIO Y SEXO', '50 a 54 años', 'Hombres']",17
P4,A,PROGRAMA SALUD CARDIOVASCULAR (PSCV),P4150602,Personas bajo control según patología y factores de riesgo (existencia) - Diabetes Mellitus tipo 2,COL19,V,22,RANGO ETARIO Y SEXO - 50 a 54 años - Mujeres,RANGO ETARIO Y SEXO,50 a 54 años,Mujeres,,,"['RANGO ETARIO Y SEXO', '50 a 54 años', 'Mujeres']",17
P4,A,PROGRAMA SALUD CARDIOVASCULAR (PSCV),P4150602,Personas bajo control según patología y factores de riesgo (existencia) - Diabetes Mellitus tipo 2,COL20,W,23,RANGO ETARIO Y SEXO - 55 a 59 años - Hombres,RANGO ETARIO Y SEXO,55 a 59 años,Hombres,,,"['RANGO ETARIO Y SEXO', '55 a 59 años', 'Hombres']",17
P4,A,PROGRAMA SALUD CARDIOVASCULAR (PSCV),P4150602,Personas bajo control según patología y factores de riesgo (existencia) - Diabetes Mellitus tipo 2,COL21,X,24,RANGO ETARIO Y SEXO - 55 a 59 años - Mujeres,RANGO ETARIO Y SEXO,55 a 59 años,Mujeres,,,"['RANGO ETARIO Y SEXO', '55 a 59 años', 'Mujeres']",17
P4,A,PROGRAMA SALUD CARDIOVASCULAR (PSCV),P4150602,Personas bajo control según patología y factores de riesgo (existencia) - Diabetes Mellitus tipo 2,COL22,Y,25,RANGO ETARIO Y SEXO - 60 a 64 años - Hombres,RANGO ETARIO Y SEXO,60 a 64 años,Hombres,,,"['RANGO ETARIO Y SEXO', '60 a 64 años', 'Hombres']",17
P4,A,PROGRAMA SALUD CARDIOVASCULAR (PSCV),P4150602,Personas bajo control según patología y factores de riesgo (existencia) - Diabetes Mellitus tipo 2,COL23,Z,26,RANGO ETARIO Y SEXO - 60 a 64 años - Mujeres,RANGO ETARIO Y SEXO,60 a 64 años,Mujeres,,,"['RANGO ETARIO Y SEXO', '60 a 64 años', 'Mujeres']",17
P4,A,PROGRAMA SALUD CARDIOVASCULAR (PSCV),P4150602,Personas bajo control según patología y factores de riesgo (existencia) - Diabetes Mellitus tipo 2,COL24,AA,27,RANGO ETARIO Y SEXO - 65 a 69 años - Hombres,RANGO ETARIO Y SEXO,65 a 69 años,Hombres,,,"['RANGO ETARIO Y SEXO', '65 a 69 años', 'Hombres']",17
P4,A,PROGRAMA SALUD CARDIOVASCULAR (PSCV),P4150602,Personas bajo control según patología y factores de riesgo (existencia) - Diabetes Mellitus tipo 2,COL25,AB,28,RANGO ETARIO Y SEXO - 65 a 69 años - Mujeres,RANGO ETARIO Y SEXO,65 a 69 años,Mujeres,,,"['RANGO ETARIO Y SEXO', '65 a 69 años', 'Mujeres']",17
P4,A,PROGRAMA SALUD CARDIOVASCULAR (PSCV),P4150602,Personas bajo control según patología y factores de riesgo (existencia) - Diabetes Mellitus tipo 2,COL26,AC,29,RANGO ETARIO Y SEXO - 70 a 74 años - Hombres,RANGO ETARIO Y SEXO,70 a 74 años,Hombres,,,"['RANGO ETARIO Y SEXO', '70 a 74 años', 'Hombres']",17
P4,A,PROGRAMA SALUD CARDIOVASCULAR (PSCV),P4150602,Personas bajo control según patología y factores de riesgo (existencia) - Diabetes Mellitus tipo 2,COL27,AD,30,RANGO ETARIO Y SEXO - 70 a 74 años - Mujeres,RANGO ETARIO Y SEXO,70 a 74 años,Mujeres,,,"['RANGO ETARIO Y SEXO', '70 a 74 años', 'Mujeres']",17
P4,A,PROGRAMA SALUD CARDIOVASCULAR (PSCV),P4150602,Personas bajo control según patología y factores de riesgo (existencia) - Diabetes Mellitus tipo 2,COL28,AE,31,RANGO ETARIO Y SEXO - 75 a 79 años - Hombres,RANGO ETARIO Y SEXO,75 a 79 años,Hombres,,,"['RANGO ETARIO Y SEXO', '75 a 79 años', 'Hombres']",17
P4,A,PROGRAMA SALUD CARDIOVASCULAR (PSCV),P4150602,Personas bajo control según patología y factores de riesgo (existencia) - Diabetes Mellitus tipo 2,COL29,AF,32,RANGO ETARIO Y SEXO - 75 a 79 años - Mujeres,RANGO ETARIO Y SEXO,75 a 79 años,Mujeres,,,"['RANGO ETARIO Y SEXO', '75 a 79 años', 'Mujeres']",17
P4,A,PROGRAMA SALUD CARDIOVASCULAR (PSCV),P4150602,Personas bajo control según patología y factores de riesgo (existencia) - Diabetes Mellitus tipo 2,COL30,AG,33,RANGO ETARIO Y SEXO - 80 y más años - Hombres,RANGO ETARIO Y SEXO,80 y más años,Hombres,,,"['RANGO ETARIO Y SEXO', '80 y más años', 'Hombres']",17
P4,A,PROGRAMA SALUD CARDIOVASCULAR (PSCV),P4150602,Personas bajo control según patología y factores de riesgo (existencia) - Diabetes Mellitus tipo 2,COL31,AH,34,RANGO ETARIO Y SEXO - 80 y más años - Mujeres,RANGO ETARIO Y SEXO,80 y más años,Mujeres,,,"['RANGO ETARIO Y SEXO', '80 y más años', 'Mujeres']",17
P4,A,PROGRAMA SALUD CARDIOVASCULAR (PSCV),P4150602,Personas bajo control según patología y factores de riesgo (existencia) - Diabetes Mellitus tipo 2,COL32,AI,35,Pueblos Originarios - Hombres,Pueblos Originarios,Hombres,,,,"['Pueblos Originarios', 'Hombres']",17
P4,A,PROGRAMA SALUD CARDIOVASCULAR (PSCV),P4150602,Personas bajo control según patología y factores de riesgo (existencia) - Diabetes Mellitus tipo 2,COL33,AJ,36,Pueblos Originarios - Mujeres,Pueblos Originarios,Mujeres,,,,"['Pueblos Originarios', 'Mujeres']",17
P4,A,PROGRAMA SALUD CARDIOVASCULAR (PSCV),P4150602,Personas bajo control según patología y factores de riesgo (existencia) - Diabetes Mellitus tipo 2,COL34,AK,37,Migrantes - Hombres,Migrantes,Hombres,,,,"['Migrantes', 'Hombres']",17
P4,A,PROGRAMA SALUD CARDIOVASCULAR (PSCV),P4150602,Personas bajo control según patología y factores de riesgo (existencia) - Diabetes Mellitus tipo 2,COL35,AL,38,Migrantes - Mujeres,Migrantes,Mujeres,,,,"['Migrantes', 'Mujeres']",17
P4,A,PROGRAMA SALUD CARDIOVASCULAR (PSCV),P4190900,Personas bajo control según patología y factores de riesgo (existencia) - Antecedentes de Infarto Agudo al Miocardio (IAM),COL01,D,4,TOTAL - Ambos sexos,TOTAL,Ambos sexos,,,,"['TOTAL', 'Ambos sexos']",20
P4,A,PROGRAMA SALUD CARDIOVASCULAR (PSCV),P4190900,Personas bajo control según patología y factores de riesgo (existencia) - Antecedentes de Infarto Agudo al Miocardio (IAM),COL02,E,5,TOTAL - Hombres,TOTAL,Hombres,,,,"['TOTAL', 'Hombres']",20
P4,A,PROGRAMA SALUD CARDIOVASCULAR (PSCV),P4190900,Personas bajo control según patología y factores de riesgo (existencia) - Antecedentes de Infarto Agudo al Miocardio (IAM),COL03,F,6,TOTAL - Mujeres,TOTAL,Mujeres,,,,"['TOTAL', 'Mujeres']",20
P4,A,PROGRAMA SALUD CARDIOVASCULAR (PSCV),P4190900,Personas bajo control según patología y factores de riesgo (existencia) - Antecedentes de Infarto Agudo al Miocardio (IAM),COL04,G,7,RANGO ETARIO Y SEXO - 15 a 19 años - Hombres,RANGO ETARIO Y SEXO,15 a 19 años,Hombres,,,"['RANGO ETARIO Y SEXO', '15 a 19 años', 'Hombres']",20
P4,A,PROGRAMA SALUD CARDIOVASCULAR (PSCV),P4190900,Personas bajo control según patología y factores de riesgo (existencia) - Antecedentes de Infarto Agudo al Miocardio (IAM),COL05,H,8,RANGO ETARIO Y SEXO - 15 a 19 años - Mujeres,RANGO ETARIO Y SEXO,15 a 19 años,Mujeres,,,"['RANGO ETARIO Y SEXO', '15 a 19 años', 'Mujeres']",20
P4,A,PROGRAMA SALUD CARDIOVASCULAR (PSCV),P4190900,Personas bajo control según patología y factores de riesgo (existencia) - Antecedentes de Infarto Agudo al Miocardio (IAM),COL06,I,9,RANGO ETARIO Y SEXO - 20 a 24 años - Hombres,RANGO ETARIO Y SEXO,20 a 24 años,Hombres,,,"['RANGO ETARIO Y SEXO', '20 a 24 años', 'Hombres']",20
P4,A,PROGRAMA SALUD CARDIOVASCULAR (PSCV),P4190900,Personas bajo control según patología y factores de riesgo (existencia) - Antecedentes de Infarto Agudo al Miocardio (IAM),COL07,J,10,RANGO ETARIO Y SEXO - 20 a 24 años - Mujeres,RANGO ETARIO Y SEXO,20 a 24 años,Mujeres,,,"['RANGO ETARIO Y SEXO', '20 a 24 años', 'Mujeres']",20
P4,A,PROGRAMA SALUD CARDIOVASCULAR (PSCV),P4190900,Personas bajo control según patología y factores de riesgo (existencia) - Antecedentes de Infarto Agudo al Miocardio (IAM),COL08,K,11,RANGO ETARIO Y SEXO - 25 a 29 años - Hombres,RANGO ETARIO Y SEXO,25 a 29 años,Hombres,,,"['RANGO ETARIO Y SEXO', '25 a 29 años', 'Hombres']",20
P4,A,PROGRAMA SALUD CARDIOVASCULAR (PSCV),P4190900,Personas bajo control según patología y factores de riesgo (existencia) - Antecedentes de Infarto Agudo al Miocardio (IAM),COL09,L,12,RANGO ETARIO Y SEXO - 25 a 29 años - Mujeres,RANGO ETARIO Y SEXO,25 a 29 años,Mujeres,,,"['RANGO ETARIO Y SEXO', '25 a 29 años', 'Mujeres']",20
P4,A,PROGRAMA SALUD CARDIOVASCULAR (PSCV),P4190900,Personas bajo control según patología y factores de riesgo (existencia) - Antecedentes de Infarto Agudo al Miocardio (IAM),COL10,M,13,RANGO ETARIO Y SEXO - 30 a 34 años - Hombres,RANGO ETARIO Y SEXO,30 a 34 años,Hombres,,,"['RANGO ETARIO Y SEXO', '30 a 34 años', 'Hombres']",20
P4,A,PROGRAMA SALUD CARDIOVASCULAR (PSCV),P4190900,Personas bajo control según patología y factores de riesgo (existencia) - Antecedentes de Infarto Agudo al Miocardio (IAM),COL11,N,14,RANGO ETARIO Y SEXO - 30 a 34 años - Mujeres,RANGO ETARIO Y SEXO,30 a 34 años,Mujeres,,,"['RANGO ETARIO Y SEXO', '30 a 34 años', 'Mujeres']",20
P4,A,PROGRAMA SALUD CARDIOVASCULAR (PSCV),P4190900,Personas bajo control según patología y factores de riesgo (existencia) - Antecedentes de Infarto Agudo al Miocardio (IAM),COL12,O,15,RANGO ETARIO Y SEXO - 35 a 39 años - Hombres,RANGO ETARIO Y SEXO,35 a 39 años,Hombres,,,"['RANGO ETARIO Y SEXO', '35 a 39 años', 'Hombres']",20
P4,A,PROGRAMA SALUD CARDIOVASCULAR (PSCV),P4190900,Personas bajo control según patología y factores de riesgo (existencia) - Antecedentes de Infarto Agudo al Miocardio (IAM),COL13,P,16,RANGO ETARIO Y SEXO - 35 a 39 años - Mujeres,RANGO ETARIO Y SEXO,35 a 39 años,Mujeres,,,"['RANGO ETARIO Y SEXO', '35 a 39 años', 'Mujeres']",20
P4,A,PROGRAMA SALUD CARDIOVASCULAR (PSCV),P4190900,Personas bajo control según patología y factores de riesgo (existencia) - Antecedentes de Infarto Agudo al Miocardio (IAM),COL14,Q,17,RANGO ETARIO Y SEXO - 40 a 44 años - Hombres,RANGO ETARIO Y SEXO,40 a 44 años,Hombres,,,"['RANGO ETARIO Y SEXO', '40 a 44 años', 'Hombres']",20
P4,A,PROGRAMA SALUD CARDIOVASCULAR (PSCV),P4190900,Personas bajo control según patología y factores de riesgo (existencia) - Antecedentes de Infarto Agudo al Miocardio (IAM),COL15,R,18,RANGO ETARIO Y SEXO - 40 a 44 años - Mujeres,RANGO ETARIO Y SEXO,40 a 44 años,Mujeres,,,"['RANGO ETARIO Y SEXO', '40 a 44 años', 'Mujeres']",20
P4,A,PROGRAMA SALUD CARDIOVASCULAR (PSCV),P4190900,Personas bajo control según patología y factores de riesgo (existencia) - Antecedentes de Infarto Agudo al Miocardio (IAM),COL16,S,19,RANGO ETARIO Y SEXO - 45 a 49 años - Hombres,RANGO ETARIO Y SEXO,45 a 49 años,Hombres,,,"['RANGO ETARIO Y SEXO', '45 a 49 años', 'Hombres']",20
P4,A,PROGRAMA SALUD CARDIOVASCULAR (PSCV),P4190900,Personas bajo control según patología y factores de riesgo (existencia) - Antecedentes de Infarto Agudo al Miocardio (IAM),COL17,T,20,RANGO ETARIO Y SEXO - 45 a 49 años - Mujeres,RANGO ETARIO Y SEXO,45 a 49 años,Mujeres,,,"['RANGO ETARIO Y SEXO', '45 a 49 años', 'Mujeres']",20
P4,A,PROGRAMA SALUD CARDIOVASCULAR (PSCV),P4190900,Personas bajo control según patología y factores de riesgo (existencia) - Antecedentes de Infarto Agudo al Miocardio (IAM),COL18,U,21,RANGO ETARIO Y SEXO - 50 a 54 años - Hombres,RANGO ETARIO Y SEXO,50 a 54 años,Hombres,,,"['RANGO ETARIO Y SEXO', '50 a 54 años', 'Hombres']",20
P4,A,PROGRAMA SALUD CARDIOVASCULAR (PSCV),P4190900,Personas bajo control según patología y factores de riesgo (existencia) - Antecedentes de Infarto Agudo al Miocardio (IAM),COL19,V,22,RANGO ETARIO Y SEXO - 50 a 54 años - Mujeres,RANGO ETARIO Y SEXO,50 a 54 años,Mujeres,,,"['RANGO ETARIO Y SEXO', '50 a 54 años', 'Mujeres']",20
P4,A,PROGRAMA SALUD CARDIOVASCULAR (PSCV),P4190900,Personas bajo control según patología y factores de riesgo (existencia) - Antecedentes de Infarto Agudo al Miocardio (IAM),COL20,W,23,RANGO ETARIO Y SEXO - 55 a 59 años - Hombres,RANGO ETARIO Y SEXO,55 a 59 años,Hombres,,,"['RANGO ETARIO Y SEXO', '55 a 59 años', 'Hombres']",20
P4,A,PROGRAMA SALUD CARDIOVASCULAR (PSCV),P4190900,Personas bajo control según patología y factores de riesgo (existencia) - Antecedentes de Infarto Agudo al Miocardio (IAM),COL21,X,24,RANGO ETARIO Y SEXO - 55 a 59 años - Mujeres,RANGO ETARIO Y SEXO,55 a 59 años,Mujeres,,,"['RANGO ETARIO Y SEXO', '55 a 59 años', 'Mujeres']",20
P4,A,PROGRAMA SALUD CARDIOVASCULAR (PSCV),P4190900,Personas bajo control según patología y factores de riesgo (existencia) - Antecedentes de Infarto Agudo al Miocardio (IAM),COL22,Y,25,RANGO ETARIO Y SEXO - 60 a 64 años - Hombres,RANGO ETARIO Y SEXO,60 a 64 años,Hombres,,,"['RANGO ETARIO Y SEXO', '60 a 64 años', 'Hombres']",20
P4,A,PROGRAMA SALUD CARDIOVASCULAR (PSCV),P4190900,Personas bajo control según patología y factores de riesgo (existencia) - Antecedentes de Infarto Agudo al Miocardio (IAM),COL23,Z,26,RANGO ETARIO Y SEXO - 60 a 64 años - Mujeres,RANGO ETARIO Y SEXO,60 a 64 años,Mujeres,,,"['RANGO ETARIO Y SEXO', '60 a 64 años', 'Mujeres']",20
P4,A,PROGRAMA SALUD CARDIOVASCULAR (PSCV),P4190900,Personas bajo control según patología y factores de riesgo (existencia) - Antecedentes de Infarto Agudo al Miocardio (IAM),COL24,AA,27,RANGO ETARIO Y SEXO - 65 a 69 años - Hombres,RANGO ETARIO Y SEXO,65 a 69 años,Hombres,,,"['RANGO ETARIO Y SEXO', '65 a 69 años', 'Hombres']",20
P4,A,PROGRAMA SALUD CARDIOVASCULAR (PSCV),P4190900,Personas bajo control según patología y factores de riesgo (existencia) - Antecedentes de Infarto Agudo al Miocardio (IAM),COL25,AB,28,RANGO ETARIO Y SEXO - 65 a 69 años - Mujeres,RANGO ETARIO Y SEXO,65 a 69 años,Mujeres,,,"['RANGO ETARIO Y SEXO', '65 a 69 años', 'Mujeres']",20
P4,A,PROGRAMA SALUD CARDIOVASCULAR (PSCV),P4190900,Personas bajo control según patología y factores de riesgo (existencia) - Antecedentes de Infarto Agudo al Miocardio (IAM),COL26,AC,29,RANGO ETARIO Y SEXO - 70 a 74 años - Hombres,RANGO ETARIO Y SEXO,70 a 74 años,Hombres,,,"['RANGO ETARIO Y SEXO', '70 a 74 años', 'Hombres']",20
P4,A,PROGRAMA SALUD CARDIOVASCULAR (PSCV),P4190900,Personas bajo control según patología y factores de riesgo (existencia) - Antecedentes de Infarto Agudo al Miocardio (IAM),COL27,AD,30,RANGO ETARIO Y SEXO - 70 a 74 años - Mujeres,RANGO ETARIO Y SEXO,70 a 74 años,Mujeres,,,"['RANGO ETARIO Y SEXO', '70 a 74 años', 'Mujeres']",20
P4,A,PROGRAMA SALUD CARDIOVASCULAR (PSCV),P4190900,Personas bajo control según patología y factores de riesgo (existencia) - Antecedentes de Infarto Agudo al Miocardio (IAM),COL28,AE,31,RANGO ETARIO Y SEXO - 75 a 79 años - Hombres,RANGO ETARIO Y SEXO,75 a 79 años,Hombres,,,"['RANGO ETARIO Y SEXO', '75 a 79 años', 'Hombres']",20
P4,A,PROGRAMA SALUD CARDIOVASCULAR (PSCV),P4190900,Personas bajo control según patología y factores de riesgo (existencia) - Antecedentes de Infarto Agudo al Miocardio (IAM),COL29,AF,32,RANGO ETARIO Y SEXO - 75 a 79 años - Mujeres,RANGO ETARIO Y SEXO,75 a 79 años,Mujeres,,,"['RANGO ETARIO Y SEXO', '75 a 79 años', 'Mujeres']",20
P4,A,PROGRAMA SALUD CARDIOVASCULAR (PSCV),P4190900,Personas bajo control según patología y factores de riesgo (existencia) - Antecedentes de Infarto Agudo al Miocardio (IAM),COL30,AG,33,RANGO ETARIO Y SEXO - 80 y más años - Hombres,RANGO ETARIO Y SEXO,80 y más años,Hombres,,,"['RANGO ETARIO Y SEXO', '80 y más años', 'Hombres']",20
P4,A,PROGRAMA SALUD CARDIOVASCULAR (PSCV),P4190900,Personas bajo control según patología y factores de riesgo (existencia) - Antecedentes de Infarto Agudo al Miocardio (IAM),COL31,AH,34,RANGO ETARIO Y SEXO - 80 y más años - Mujeres,RANGO ETARIO Y SEXO,80 y más años,Mujeres,,,"['RANGO ETARIO Y SEXO', '80 y más años', 'Mujeres']",20
P4,A,PROGRAMA SALUD CARDIOVASCULAR (PSCV),P4190900,Personas bajo control según patología y factores de riesgo (existencia) - Antecedentes de Infarto Agudo al Miocardio (IAM),COL32,AI,35,Pueblos Originarios - Hombres,Pueblos Originarios,Hombres,,,,"['Pueblos Originarios', 'Hombres']",20
P4,A,PROGRAMA SALUD CARDIOVASCULAR (PSCV),P4190900,Personas bajo control según patología y factores de riesgo (existencia) - Antecedentes de Infarto Agudo al Miocardio (IAM),COL33,AJ,36,Pueblos Originarios - Mujeres,Pueblos Originarios,Mujeres,,,,"['Pueblos Originarios', 'Mujeres']",20
P4,A,PROGRAMA SALUD CARDIOVASCULAR (PSCV),P4190900,Personas bajo control según patología y factores de riesgo (existencia) - Antecedentes de Infarto Agudo al Miocardio (IAM),COL34,AK,37,Migrantes - Hombres,Migrantes,Hombres,,,,"['Migrantes', 'Hombres']",20
P4,A,PROGRAMA SALUD CARDIOVASCULAR (PSCV),P4190900,Personas bajo control según patología y factores de riesgo (existencia) - Antecedentes de Infarto Agudo al Miocardio (IAM),COL35,AL,38,Migrantes - Mujeres,Migrantes,Mujeres,,,,"['Migrantes', 'Mujeres']",20
P4,A,PROGRAMA SALUD CARDIOVASCULAR (PSCV),P4190910,Personas bajo control según patología y factores de riesgo (existencia) - Antecedentes de Ataque Cerebro Vascular (ACV),COL01,D,4,TOTAL - Ambos sexos,TOTAL,Ambos sexos,,,,"['TOTAL', 'Ambos sexos']",21
P4,A,PROGRAMA SALUD CARDIOVASCULAR (PSCV),P4190910,Personas bajo control según patología y factores de riesgo (existencia) - Antecedentes de Ataque Cerebro Vascular (ACV),COL02,E,5,TOTAL - Hombres,TOTAL,Hombres,,,,"['TOTAL', 'Hombres']",21
P4,A,PROGRAMA SALUD CARDIOVASCULAR (PSCV),P4190910,Personas bajo control según patología y factores de riesgo (existencia) - Antecedentes de Ataque Cerebro Vascular (ACV),COL03,F,6,TOTAL - Mujeres,TOTAL,Mujeres,,,,"['TOTAL', 'Mujeres']",21
P4,A,PROGRAMA SALUD CARDIOVASCULAR (PSCV),P4190910,Personas bajo control según patología y factores de riesgo (existencia) - Antecedentes de Ataque Cerebro Vascular (ACV),COL04,G,7,RANGO ETARIO Y SEXO - 15 a 19 años - Hombres,RANGO ETARIO Y SEXO,15 a 19 años,Hombres,,,"['RANGO ETARIO Y SEXO', '15 a 19 años', 'Hombres']",21
P4,A,PROGRAMA SALUD CARDIOVASCULAR (PSCV),P4190910,Personas bajo control según patología y factores de riesgo (existencia) - Antecedentes de Ataque Cerebro Vascular (ACV),COL05,H,8,RANGO ETARIO Y SEXO - 15 a 19 años - Mujeres,RANGO ETARIO Y SEXO,15 a 19 años,Mujeres,,,"['RANGO ETARIO Y SEXO', '15 a 19 años', 'Mujeres']",21
P4,A,PROGRAMA SALUD CARDIOVASCULAR (PSCV),P4190910,Personas bajo control según patología y factores de riesgo (existencia) - Antecedentes de Ataque Cerebro Vascular (ACV),COL06,I,9,RANGO ETARIO Y SEXO - 20 a 24 años - Hombres,RANGO ETARIO Y SEXO,20 a 24 años,Hombres,,,"['RANGO ETARIO Y SEXO', '20 a 24 años', 'Hombres']",21
P4,A,PROGRAMA SALUD CARDIOVASCULAR (PSCV),P4190910,Personas bajo control según patología y factores de riesgo (existencia) - Antecedentes de Ataque Cerebro Vascular (ACV),COL07,J,10,RANGO ETARIO Y SEXO - 20 a 24 años - Mujeres,RANGO ETARIO Y SEXO,20 a 24 años,Mujeres,,,"['RANGO ETARIO Y SEXO', '20 a 24 años', 'Mujeres']",21
P4,A,PROGRAMA SALUD CARDIOVASCULAR (PSCV),P4190910,Personas bajo control según patología y factores de riesgo (existencia) - Antecedentes de Ataque Cerebro Vascular (ACV),COL08,K,11,RANGO ETARIO Y SEXO - 25 a 29 años - Hombres,RANGO ETARIO Y SEXO,25 a 29 años,Hombres,,,"['RANGO ETARIO Y SEXO', '25 a 29 años', 'Hombres']",21
P4,A,PROGRAMA SALUD CARDIOVASCULAR (PSCV),P4190910,Personas bajo control según patología y factores de riesgo (existencia) - Antecedentes de Ataque Cerebro Vascular (ACV),COL09,L,12,RANGO ETARIO Y SEXO - 25 a 29 años - Mujeres,RANGO ETARIO Y SEXO,25 a 29 años,Mujeres,,,"['RANGO ETARIO Y SEXO', '25 a 29 años', 'Mujeres']",21
P4,A,PROGRAMA SALUD CARDIOVASCULAR (PSCV),P4190910,Personas bajo control según patología y factores de riesgo (existencia) - Antecedentes de Ataque Cerebro Vascular (ACV),COL10,M,13,RANGO ETARIO Y SEXO - 30 a 34 años - Hombres,RANGO ETARIO Y SEXO,30 a 34 años,Hombres,,,"['RANGO ETARIO Y SEXO', '30 a 34 años', 'Hombres']",21
P4,A,PROGRAMA SALUD CARDIOVASCULAR (PSCV),P4190910,Personas bajo control según patología y factores de riesgo (existencia) - Antecedentes de Ataque Cerebro Vascular (ACV),COL11,N,14,RANGO ETARIO Y SEXO - 30 a 34 años - Mujeres,RANGO ETARIO Y SEXO,30 a 34 años,Mujeres,,,"['RANGO ETARIO Y SEXO', '30 a 34 años', 'Mujeres']",21
P4,A,PROGRAMA SALUD CARDIOVASCULAR (PSCV),P4190910,Personas bajo control según patología y factores de riesgo (existencia) - Antecedentes de Ataque Cerebro Vascular (ACV),COL12,O,15,RANGO ETARIO Y SEXO - 35 a 39 años - Hombres,RANGO ETARIO Y SEXO,35 a 39 años,Hombres,,,"['RANGO ETARIO Y SEXO', '35 a 39 años', 'Hombres']",21
P4,A,PROGRAMA SALUD CARDIOVASCULAR (PSCV),P4190910,Personas bajo control según patología y factores de riesgo (existencia) - Antecedentes de Ataque Cerebro Vascular (ACV),COL13,P,16,RANGO ETARIO Y SEXO - 35 a 39 años - Mujeres,RANGO ETARIO Y SEXO,35 a 39 años,Mujeres,,,"['RANGO ETARIO Y SEXO', '35 a 39 años', 'Mujeres']",21
P4,A,PROGRAMA SALUD CARDIOVASCULAR (PSCV),P4190910,Personas bajo control según patología y factores de riesgo (existencia) - Antecedentes de Ataque Cerebro Vascular (ACV),COL14,Q,17,RANGO ETARIO Y SEXO - 40 a 44 años - Hombres,RANGO ETARIO Y SEXO,40 a 44 años,Hombres,,,"['RANGO ETARIO Y SEXO', '40 a 44 años', 'Hombres']",21
P4,A,PROGRAMA SALUD CARDIOVASCULAR (PSCV),P4190910,Personas bajo control según patología y factores de riesgo (existencia) - Antecedentes de Ataque Cerebro Vascular (ACV),COL15,R,18,RANGO ETARIO Y SEXO - 40 a 44 años - Mujeres,RANGO ETARIO Y SEXO,40 a 44 años,Mujeres,,,"['RANGO ETARIO Y SEXO', '40 a 44 años', 'Mujeres']",21
P4,A,PROGRAMA SALUD CARDIOVASCULAR (PSCV),P4190910,Personas bajo control según patología y factores de riesgo (existencia) - Antecedentes de Ataque Cerebro Vascular (ACV),COL16,S,19,RANGO ETARIO Y SEXO - 45 a 49 años - Hombres,RANGO ETARIO Y SEXO,45 a 49 años,Hombres,,,"['RANGO ETARIO Y SEXO', '45 a 49 años', 'Hombres']",21
P4,A,PROGRAMA SALUD CARDIOVASCULAR (PSCV),P4190910,Personas bajo control según patología y factores de riesgo (existencia) - Antecedentes de Ataque Cerebro Vascular (ACV),COL17,T,20,RANGO ETARIO Y SEXO - 45 a 49 años - Mujeres,RANGO ETARIO Y SEXO,45 a 49 años,Mujeres,,,"['RANGO ETARIO Y SEXO', '45 a 49 años', 'Mujeres']",21
P4,A,PROGRAMA SALUD CARDIOVASCULAR (PSCV),P4190910,Personas bajo control según patología y factores de riesgo (existencia) - Antecedentes de Ataque Cerebro Vascular (ACV),COL18,U,21,RANGO ETARIO Y SEXO - 50 a 54 años - Hombres,RANGO ETARIO Y SEXO,50 a 54 años,Hombres,,,"['RANGO ETARIO Y SEXO', '50 a 54 años', 'Hombres']",21
P4,A,PROGRAMA SALUD CARDIOVASCULAR (PSCV),P4190910,Personas bajo control según patología y factores de riesgo (existencia) - Antecedentes de Ataque Cerebro Vascular (ACV),COL19,V,22,RANGO ETARIO Y SEXO - 50 a 54 años - Mujeres,RANGO ETARIO Y SEXO,50 a 54 años,Mujeres,,,"['RANGO ETARIO Y SEXO', '50 a 54 años', 'Mujeres']",21
P4,A,PROGRAMA SALUD CARDIOVASCULAR (PSCV),P4190910,Personas bajo control según patología y factores de riesgo (existencia) - Antecedentes de Ataque Cerebro Vascular (ACV),COL20,W,23,RANGO ETARIO Y SEXO - 55 a 59 años - Hombres,RANGO ETARIO Y SEXO,55 a 59 años,Hombres,,,"['RANGO ETARIO Y SEXO', '55 a 59 años', 'Hombres']",21
P4,A,PROGRAMA SALUD CARDIOVASCULAR (PSCV),P4190910,Personas bajo control según patología y factores de riesgo (existencia) - Antecedentes de Ataque Cerebro Vascular (ACV),COL21,X,24,RANGO ETARIO Y SEXO - 55 a 59 años - Mujeres,RANGO ETARIO Y SEXO,55 a 59 años,Mujeres,,,"['RANGO ETARIO Y SEXO', '55 a 59 años', 'Mujeres']",21
P4,A,PROGRAMA SALUD CARDIOVASCULAR (PSCV),P4190910,Personas bajo control según patología y factores de riesgo (existencia) - Antecedentes de Ataque Cerebro Vascular (ACV),COL22,Y,25,RANGO ETARIO Y SEXO - 60 a 64 años - Hombres,RANGO ETARIO Y SEXO,60 a 64 años,Hombres,,,"['RANGO ETARIO Y SEXO', '60 a 64 años', 'Hombres']",21
P4,A,PROGRAMA SALUD CARDIOVASCULAR (PSCV),P4190910,Personas bajo control según patología y factores de riesgo (existencia) - Antecedentes de Ataque Cerebro Vascular (ACV),COL23,Z,26,RANGO ETARIO Y SEXO - 60 a 64 años - Mujeres,RANGO ETARIO Y SEXO,60 a 64 años,Mujeres,,,"['RANGO ETARIO Y SEXO', '60 a 64 años', 'Mujeres']",21
P4,A,PROGRAMA SALUD CARDIOVASCULAR (PSCV),P4190910,Personas bajo control según patología y factores de riesgo (existencia) - Antecedentes de Ataque Cerebro Vascular (ACV),COL24,AA,27,RANGO ETARIO Y SEXO - 65 a 69 años - Hombres,RANGO ETARIO Y SEXO,65 a 69 años,Hombres,,,"['RANGO ETARIO Y SEXO', '65 a 69 años', 'Hombres']",21
P4,A,PROGRAMA SALUD CARDIOVASCULAR (PSCV),P4190910,Personas bajo control según patología y factores de riesgo (existencia) - Antecedentes de Ataque Cerebro Vascular (ACV),COL25,AB,28,RANGO ETARIO Y SEXO - 65 a 69 años - Mujeres,RANGO ETARIO Y SEXO,65 a 69 años,Mujeres,,,"['RANGO ETARIO Y SEXO', '65 a 69 años', 'Mujeres']",21
P4,A,PROGRAMA SALUD CARDIOVASCULAR (PSCV),P4190910,Personas bajo control según patología y factores de riesgo (existencia) - Antecedentes de Ataque Cerebro Vascular (ACV),COL26,AC,29,RANGO ETARIO Y SEXO - 70 a 74 años - Hombres,RANGO ETARIO Y SEXO,70 a 74 años,Hombres,,,"['RANGO ETARIO Y SEXO', '70 a 74 años', 'Hombres']",21
P4,A,PROGRAMA SALUD CARDIOVASCULAR (PSCV),P4190910,Personas bajo control según patología y factores de riesgo (existencia) - Antecedentes de Ataque Cerebro Vascular (ACV),COL27,AD,30,RANGO ETARIO Y SEXO - 70 a 74 años - Mujeres,RANGO ETARIO Y SEXO,70 a 74 años,Mujeres,,,"['RANGO ETARIO Y SEXO', '70 a 74 años', 'Mujeres']",21
P4,A,PROGRAMA SALUD CARDIOVASCULAR (PSCV),P4190910,Personas bajo control según patología y factores de riesgo (existencia) - Antecedentes de Ataque Cerebro Vascular (ACV),COL28,AE,31,RANGO ETARIO Y SEXO - 75 a 79 años - Hombres,RANGO ETARIO Y SEXO,75 a 79 años,Hombres,,,"['RANGO ETARIO Y SEXO', '75 a 79 años', 'Hombres']",21
P4,A,PROGRAMA SALUD CARDIOVASCULAR (PSCV),P4190910,Personas bajo control según patología y factores de riesgo (existencia) - Antecedentes de Ataque Cerebro Vascular (ACV),COL29,AF,32,RANGO ETARIO Y SEXO - 75 a 79 años - Mujeres,RANGO ETARIO Y SEXO,75 a 79 años,Mujeres,,,"['RANGO ETARIO Y SEXO', '75 a 79 años', 'Mujeres']",21
P4,A,PROGRAMA SALUD CARDIOVASCULAR (PSCV),P4190910,Personas bajo control según patología y factores de riesgo (existencia) - Antecedentes de Ataque Cerebro Vascular (ACV),COL30,AG,33,RANGO ETARIO Y SEXO - 80 y más años - Hombres,RANGO ETARIO Y SEXO,80 y más años,Hombres,,,"['RANGO ETARIO Y SEXO', '80 y más años', 'Hombres']",21
P4,A,PROGRAMA SALUD CARDIOVASCULAR (PSCV),P4190910,Personas bajo control según patología y factores de riesgo (existencia) - Antecedentes de Ataque Cerebro Vascular (ACV),COL31,AH,34,RANGO ETARIO Y SEXO - 80 y más años - Mujeres,RANGO ETARIO Y SEXO,80 y más años,Mujeres,,,"['RANGO ETARIO Y SEXO', '80 y más años', 'Mujeres']",21
P4,A,PROGRAMA SALUD CARDIOVASCULAR (PSCV),P4190910,Personas bajo control según patología y factores de riesgo (existencia) - Antecedentes de Ataque Cerebro Vascular (ACV),COL32,AI,35,Pueblos Originarios - Hombres,Pueblos Originarios,Hombres,,,,"['Pueblos Originarios', 'Hombres']",21
P4,A,PROGRAMA SALUD CARDIOVASCULAR (PSCV),P4190910,Personas bajo control según patología y factores de riesgo (existencia) - Antecedentes de Ataque Cerebro Vascular (ACV),COL33,AJ,36,Pueblos Originarios - Mujeres,Pueblos Originarios,Mujeres,,,,"['Pueblos Originarios', 'Mujeres']",21
P4,A,PROGRAMA SALUD CARDIOVASCULAR (PSCV),P4190910,Personas bajo control según patología y factores de riesgo (existencia) - Antecedentes de Ataque Cerebro Vascular (ACV),COL34,AK,37,Migrantes - Hombres,Migrantes,Hombres,,,,"['Migrantes', 'Hombres']",21
P4,A,PROGRAMA SALUD CARDIOVASCULAR (PSCV),P4190910,Personas bajo control según patología y factores de riesgo (existencia) - Antecedentes de Ataque Cerebro Vascular (ACV),COL35,AL,38,Migrantes - Mujeres,Migrantes,Mujeres,,,,"['Migrantes', 'Mujeres']",21
P4,B,METAS DE COMPENSACIÓN,P4180200,Personas Bajo Control por Hipertensión - PA < 140/90 mmHg,COL01,D,4,TOTAL - Ambos sexos,TOTAL,Ambos sexos,,,,"['TOTAL', 'Ambos sexos']",28
P4,B,METAS DE COMPENSACIÓN,P4180200,Personas Bajo Control por Hipertensión - PA < 140/90 mmHg,COL02,E,5,TOTAL - Hombres,TOTAL,Hombres,,,,"['TOTAL', 'Hombres']",28
P4,B,METAS DE COMPENSACIÓN,P4180200,Personas Bajo Control por Hipertensión - PA < 140/90 mmHg,COL03,F,6,TOTAL - Mujeres,TOTAL,Mujeres,,,,"['TOTAL', 'Mujeres']",28
P4,B,METAS DE COMPENSACIÓN,P4180200,Personas Bajo Control por Hipertensión - PA < 140/90 mmHg,COL04,G,7,RANGO ETARIO Y SEXO - 15 a 19 años - Hombres,RANGO ETARIO Y SEXO,15 a 19 años,Hombres,,,"['RANGO ETARIO Y SEXO', '15 a 19 años', 'Hombres']",28
P4,B,METAS DE COMPENSACIÓN,P4180200,Personas Bajo Control por Hipertensión - PA < 140/90 mmHg,COL05,H,8,RANGO ETARIO Y SEXO - 15 a 19 años - Mujeres,RANGO ETARIO Y SEXO,15 a 19 años,Mujeres,,,"['RANGO ETARIO Y SEXO', '15 a 19 años', 'Mujeres']",28
P4,B,METAS DE COMPENSACIÓN,P4180200,Personas Bajo Control por Hipertensión - PA < 140/90 mmHg,COL06,I,9,RANGO ETARIO Y SEXO - 20 a 24 años - Hombres,RANGO ETARIO Y SEXO,20 a 24 años,Hombres,,,"['RANGO ETARIO Y SEXO', '20 a 24 años', 'Hombres']",28
P4,B,METAS DE COMPENSACIÓN,P4180200,Personas Bajo Control por Hipertensión - PA < 140/90 mmHg,COL07,J,10,RANGO ETARIO Y SEXO - 20 a 24 años - Mujeres,RANGO ETARIO Y SEXO,20 a 24 años,Mujeres,,,"['RANGO ETARIO Y SEXO', '20 a 24 años', 'Mujeres']",28
P4,B,METAS DE COMPENSACIÓN,P4180200,Personas Bajo Control por Hipertensión - PA < 140/90 mmHg,COL08,K,11,RANGO ETARIO Y SEXO - 25 a 29 años - Hombres,RANGO ETARIO Y SEXO,25 a 29 años,Hombres,,,"['RANGO ETARIO Y SEXO', '25 a 29 años', 'Hombres']",28
P4,B,METAS DE COMPENSACIÓN,P4180200,Personas Bajo Control por Hipertensión - PA < 140/90 mmHg,COL09,L,12,RANGO ETARIO Y SEXO - 25 a 29 años - Mujeres,RANGO ETARIO Y SEXO,25 a 29 años,Mujeres,,,"['RANGO ETARIO Y SEXO', '25 a 29 años', 'Mujeres']",28
P4,B,METAS DE COMPENSACIÓN,P4180200,Personas Bajo Control por Hipertensión - PA < 140/90 mmHg,COL10,M,13,RANGO ETARIO Y SEXO - 30 a 34 años - Hombres,RANGO ETARIO Y SEXO,30 a 34 años,Hombres,,,"['RANGO ETARIO Y SEXO', '30 a 34 años', 'Hombres']",28
P4,B,METAS DE COMPENSACIÓN,P4180200,Personas Bajo Control por Hipertensión - PA < 140/90 mmHg,COL11,N,14,RANGO ETARIO Y SEXO - 30 a 34 años - Mujeres,RANGO ETARIO Y SEXO,30 a 34 años,Mujeres,,,"['RANGO ETARIO Y SEXO', '30 a 34 años', 'Mujeres']",28
P4,B,METAS DE COMPENSACIÓN,P4180200,Personas Bajo Control por Hipertensión - PA < 140/90 mmHg,COL12,O,15,RANGO ETARIO Y SEXO - 35 a 39 años - Hombres,RANGO ETARIO Y SEXO,35 a 39 años,Hombres,,,"['RANGO ETARIO Y SEXO', '35 a 39 años', 'Hombres']",28
P4,B,METAS DE COMPENSACIÓN,P4180200,Personas Bajo Control por Hipertensión - PA < 140/90 mmHg,COL13,P,16,RANGO ETARIO Y SEXO - 35 a 39 años - Mujeres,RANGO ETARIO Y SEXO,35 a 39 años,Mujeres,,,"['RANGO ETARIO Y SEXO', '35 a 39 años', 'Mujeres']",28
P4,B,METAS DE COMPENSACIÓN,P4180200,Personas Bajo Control por Hipertensión - PA < 140/90 mmHg,COL14,Q,17,RANGO ETARIO Y SEXO - 40 a 44 años - Hombres,RANGO ETARIO Y SEXO,40 a 44 años,Hombres,,,"['RANGO ETARIO Y SEXO', '40 a 44 años', 'Hombres']",28
P4,B,METAS DE COMPENSACIÓN,P4180200,Personas Bajo Control por Hipertensión - PA < 140/90 mmHg,COL15,R,18,RANGO ETARIO Y SEXO - 40 a 44 años - Mujeres,RANGO ETARIO Y SEXO,40 a 44 años,Mujeres,,,"['RANGO ETARIO Y SEXO', '40 a 44 años', 'Mujeres']",28
P4,B,METAS DE COMPENSACIÓN,P4180200,Personas Bajo Control por Hipertensión - PA < 140/90 mmHg,COL16,S,19,RANGO ETARIO Y SEXO - 45 a 49 años - Hombres,RANGO ETARIO Y SEXO,45 a 49 años,Hombres,,,"['RANGO ETARIO Y SEXO', '45 a 49 años', 'Hombres']",28
P4,B,METAS DE COMPENSACIÓN,P4180200,Personas Bajo Control por Hipertensión - PA < 140/90 mmHg,COL17,T,20,RANGO ETARIO Y SEXO - 45 a 49 años - Mujeres,RANGO ETARIO Y SEXO,45 a 49 años,Mujeres,,,"['RANGO ETARIO Y SEXO', '45 a 49 años', 'Mujeres']",28
P4,B,METAS DE COMPENSACIÓN,P4180200,Personas Bajo Control por Hipertensión - PA < 140/90 mmHg,COL18,U,21,RANGO ETARIO Y SEXO - 50 a 54 años - Hombres,RANGO ETARIO Y SEXO,50 a 54 años,Hombres,,,"['RANGO ETARIO Y SEXO', '50 a 54 años', 'Hombres']",28
P4,B,METAS DE COMPENSACIÓN,P4180200,Personas Bajo Control por Hipertensión - PA < 140/90 mmHg,COL19,V,22,RANGO ETARIO Y SEXO - 50 a 54 años - Mujeres,RANGO ETARIO Y SEXO,50 a 54 años,Mujeres,,,"['RANGO ETARIO Y SEXO', '50 a 54 años', 'Mujeres']",28
P4,B,METAS DE COMPENSACIÓN,P4180200,Personas Bajo Control por Hipertensión - PA < 140/90 mmHg,COL20,W,23,RANGO ETARIO Y SEXO - 55 a 59 años - Hombres,RANGO ETARIO Y SEXO,55 a 59 años,Hombres,,,"['RANGO ETARIO Y SEXO', '55 a 59 años', 'Hombres']",28
P4,B,METAS DE COMPENSACIÓN,P4180200,Personas Bajo Control por Hipertensión - PA < 140/90 mmHg,COL21,X,24,RANGO ETARIO Y SEXO - 55 a 59 años - Mujeres,RANGO ETARIO Y SEXO,55 a 59 años,Mujeres,,,"['RANGO ETARIO Y SEXO', '55 a 59 años', 'Mujeres']",28
P4,B,METAS DE COMPENSACIÓN,P4180200,Personas Bajo Control por Hipertensión - PA < 140/90 mmHg,COL22,Y,25,RANGO ETARIO Y SEXO - 60 a 64 años - Hombres,RANGO ETARIO Y SEXO,60 a 64 años,Hombres,,,"['RANGO ETARIO Y SEXO', '60 a 64 años', 'Hombres']",28
P4,B,METAS DE COMPENSACIÓN,P4180200,Personas Bajo Control por Hipertensión - PA < 140/90 mmHg,COL23,Z,26,RANGO ETARIO Y SEXO - 60 a 64 años - Mujeres,RANGO ETARIO Y SEXO,60 a 64 años,Mujeres,,,"['RANGO ETARIO Y SEXO', '60 a 64 años', 'Mujeres']",28
P4,B,METAS DE COMPENSACIÓN,P4180200,Personas Bajo Control por Hipertensión - PA < 140/90 mmHg,COL24,AA,27,RANGO ETARIO Y SEXO - 65 a 69 años - Hombres,RANGO ETARIO Y SEXO,65 a 69 años,Hombres,,,"['RANGO ETARIO Y SEXO', '65 a 69 años', 'Hombres']",28
P4,B,METAS DE COMPENSACIÓN,P4180200,Personas Bajo Control por Hipertensión - PA < 140/90 mmHg,COL25,AB,28,RANGO ETARIO Y SEXO - 65 a 69 años - Mujeres,RANGO ETARIO Y SEXO,65 a 69 años,Mujeres,,,"['RANGO ETARIO Y SEXO', '65 a 69 años', 'Mujeres']",28
P4,B,METAS DE COMPENSACIÓN,P4180200,Personas Bajo Control por Hipertensión - PA < 140/90 mmHg,COL26,AC,29,RANGO ETARIO Y SEXO - 70 a 74 años - Hombres,RANGO ETARIO Y SEXO,70 a 74 años,Hombres,,,"['RANGO ETARIO Y SEXO', '70 a 74 años', 'Hombres']",28
P4,B,METAS DE COMPENSACIÓN,P4180200,Personas Bajo Control por Hipertensión - PA < 140/90 mmHg,COL27,AD,30,RANGO ETARIO Y SEXO - 70 a 74 años - Mujeres,RANGO ETARIO Y SEXO,70 a 74 años,Mujeres,,,"['RANGO ETARIO Y SEXO', '70 a 74 años', 'Mujeres']",28
P4,B,METAS DE COMPENSACIÓN,P4180200,Personas Bajo Control por Hipertensión - PA < 140/90 mmHg,COL28,AE,31,RANGO ETARIO Y SEXO - 75 a 79 años - Hombres,RANGO ETARIO Y SEXO,75 a 79 años,Hombres,,,"['RANGO ETARIO Y SEXO', '75 a 79 años', 'Hombres']",28
P4,B,METAS DE COMPENSACIÓN,P4180200,Personas Bajo Control por Hipertensión - PA < 140/90 mmHg,COL29,AF,32,RANGO ETARIO Y SEXO - 75 a 79 años - Mujeres,RANGO ETARIO Y SEXO,75 a 79 años,Mujeres,,,"['RANGO ETARIO Y SEXO', '75 a 79 años', 'Mujeres']",28
P4,B,METAS DE COMPENSACIÓN,P4180200,Personas Bajo Control por Hipertensión - PA < 140/90 mmHg,COL30,AG,33,RANGO ETARIO Y SEXO - 80 y más años - Hombres,RANGO ETARIO Y SEXO,80 y más años,Hombres,,,"['RANGO ETARIO Y SEXO', '80 y más años', 'Hombres']",28
P4,B,METAS DE COMPENSACIÓN,P4180200,Personas Bajo Control por Hipertensión - PA < 140/90 mmHg,COL31,AH,34,RANGO ETARIO Y SEXO - 80 y más años - Mujeres,RANGO ETARIO Y SEXO,80 y más años,Mujeres,,,"['RANGO ETARIO Y SEXO', '80 y más años', 'Mujeres']",28
P4,B,METAS DE COMPENSACIÓN,P4180200,Personas Bajo Control por Hipertensión - PA < 140/90 mmHg,COL32,AI,35,Pueblos Originarios - Hombres,Pueblos Originarios,Hombres,,,,"['Pueblos Originarios', 'Hombres']",28
P4,B,METAS DE COMPENSACIÓN,P4180200,Personas Bajo Control por Hipertensión - PA < 140/90 mmHg,COL33,AJ,36,Pueblos Originarios - Mujeres,Pueblos Originarios,Mujeres,,,,"['Pueblos Originarios', 'Mujeres']",28
P4,B,METAS DE COMPENSACIÓN,P4180200,Personas Bajo Control por Hipertensión - PA < 140/90 mmHg,COL34,AK,37,Migrantes - Hombres,Migrantes,Hombres,,,,"['Migrantes', 'Hombres']",28
P4,B,METAS DE COMPENSACIÓN,P4180200,Personas Bajo Control por Hipertensión - PA < 140/90 mmHg,COL35,AL,38,Migrantes - Mujeres,Migrantes,Mujeres,,,,"['Migrantes', 'Mujeres']",28
P4,B,METAS DE COMPENSACIÓN,P4200100,Personas Bajo Control por Hipertensión - PA < 150/90 mmHg,COL01,D,4,TOTAL - Ambos sexos,TOTAL,Ambos sexos,,,,"['TOTAL', 'Ambos sexos']",29
P4,B,METAS DE COMPENSACIÓN,P4200100,Personas Bajo Control por Hipertensión - PA < 150/90 mmHg,COL02,E,5,TOTAL - Hombres,TOTAL,Hombres,,,,"['TOTAL', 'Hombres']",29
P4,B,METAS DE COMPENSACIÓN,P4200100,Personas Bajo Control por Hipertensión - PA < 150/90 mmHg,COL03,F,6,TOTAL - Mujeres,TOTAL,Mujeres,,,,"['TOTAL', 'Mujeres']",29
P4,B,METAS DE COMPENSACIÓN,P4200100,Personas Bajo Control por Hipertensión - PA < 150/90 mmHg,COL04,G,7,RANGO ETARIO Y SEXO - 15 a 19 años - Hombres,RANGO ETARIO Y SEXO,15 a 19 años,Hombres,,,"['RANGO ETARIO Y SEXO', '15 a 19 años', 'Hombres']",29
P4,B,METAS DE COMPENSACIÓN,P4200100,Personas Bajo Control por Hipertensión - PA < 150/90 mmHg,COL05,H,8,RANGO ETARIO Y SEXO - 15 a 19 años - Mujeres,RANGO ETARIO Y SEXO,15 a 19 años,Mujeres,,,"['RANGO ETARIO Y SEXO', '15 a 19 años', 'Mujeres']",29
P4,B,METAS DE COMPENSACIÓN,P4200100,Personas Bajo Control por Hipertensión - PA < 150/90 mmHg,COL06,I,9,RANGO ETARIO Y SEXO - 20 a 24 años - Hombres,RANGO ETARIO Y SEXO,20 a 24 años,Hombres,,,"['RANGO ETARIO Y SEXO', '20 a 24 años', 'Hombres']",29
P4,B,METAS DE COMPENSACIÓN,P4200100,Personas Bajo Control por Hipertensión - PA < 150/90 mmHg,COL07,J,10,RANGO ETARIO Y SEXO - 20 a 24 años - Mujeres,RANGO ETARIO Y SEXO,20 a 24 años,Mujeres,,,"['RANGO ETARIO Y SEXO', '20 a 24 años', 'Mujeres']",29
P4,B,METAS DE COMPENSACIÓN,P4200100,Personas Bajo Control por Hipertensión - PA < 150/90 mmHg,COL08,K,11,RANGO ETARIO Y SEXO - 25 a 29 años - Hombres,RANGO ETARIO Y SEXO,25 a 29 años,Hombres,,,"['RANGO ETARIO Y SEXO', '25 a 29 años', 'Hombres']",29
P4,B,METAS DE COMPENSACIÓN,P4200100,Personas Bajo Control por Hipertensión - PA < 150/90 mmHg,COL09,L,12,RANGO ETARIO Y SEXO - 25 a 29 años - Mujeres,RANGO ETARIO Y SEXO,25 a 29 años,Mujeres,,,"['RANGO ETARIO Y SEXO', '25 a 29 años', 'Mujeres']",29
P4,B,METAS DE COMPENSACIÓN,P4200100,Personas Bajo Control por Hipertensión - PA < 150/90 mmHg,COL10,M,13,RANGO ETARIO Y SEXO - 30 a 34 años - Hombres,RANGO ETARIO Y SEXO,30 a 34 años,Hombres,,,"['RANGO ETARIO Y SEXO', '30 a 34 años', 'Hombres']",29
P4,B,METAS DE COMPENSACIÓN,P4200100,Personas Bajo Control por Hipertensión - PA < 150/90 mmHg,COL11,N,14,RANGO ETARIO Y SEXO - 30 a 34 años - Mujeres,RANGO ETARIO Y SEXO,30 a 34 años,Mujeres,,,"['RANGO ETARIO Y SEXO', '30 a 34 años', 'Mujeres']",29
P4,B,METAS DE COMPENSACIÓN,P4200100,Personas Bajo Control por Hipertensión - PA < 150/90 mmHg,COL12,O,15,RANGO ETARIO Y SEXO - 35 a 39 años - Hombres,RANGO ETARIO Y SEXO,35 a 39 años,Hombres,,,"['RANGO ETARIO Y SEXO', '35 a 39 años', 'Hombres']",29
P4,B,METAS DE COMPENSACIÓN,P4200100,Personas Bajo Control por Hipertensión - PA < 150/90 mmHg,COL13,P,16,RANGO ETARIO Y SEXO - 35 a 39 años - Mujeres,RANGO ETARIO Y SEXO,35 a 39 años,Mujeres,,,"['RANGO ETARIO Y SEXO', '35 a 39 años', 'Mujeres']",29
P4,B,METAS DE COMPENSACIÓN,P4200100,Personas Bajo Control por Hipertensión - PA < 150/90 mmHg,COL14,Q,17,RANGO ETARIO Y SEXO - 40 a 44 años - Hombres,RANGO ETARIO Y SEXO,40 a 44 años,Hombres,,,"['RANGO ETARIO Y SEXO', '40 a 44 años', 'Hombres']",29
P4,B,METAS DE COMPENSACIÓN,P4200100,Personas Bajo Control por Hipertensión - PA < 150/90 mmHg,COL15,R,18,RANGO ETARIO Y SEXO - 40 a 44 años - Mujeres,RANGO ETARIO Y SEXO,40 a 44 años,Mujeres,,,"['RANGO ETARIO Y SEXO', '40 a 44 años', 'Mujeres']",29
P4,B,METAS DE COMPENSACIÓN,P4200100,Personas Bajo Control por Hipertensión - PA < 150/90 mmHg,COL16,S,19,RANGO ETARIO Y SEXO - 45 a 49 años - Hombres,RANGO ETARIO Y SEXO,45 a 49 años,Hombres,,,"['RANGO ETARIO Y SEXO', '45 a 49 años', 'Hombres']",29
P4,B,METAS DE COMPENSACIÓN,P4200100,Personas Bajo Control por Hipertensión - PA < 150/90 mmHg,COL17,T,20,RANGO ETARIO Y SEXO - 45 a 49 años - Mujeres,RANGO ETARIO Y SEXO,45 a 49 años,Mujeres,,,"['RANGO ETARIO Y SEXO', '45 a 49 años', 'Mujeres']",29
P4,B,METAS DE COMPENSACIÓN,P4200100,Personas Bajo Control por Hipertensión - PA < 150/90 mmHg,COL18,U,21,RANGO ETARIO Y SEXO - 50 a 54 años - Hombres,RANGO ETARIO Y SEXO,50 a 54 años,Hombres,,,"['RANGO ETARIO Y SEXO', '50 a 54 años', 'Hombres']",29
P4,B,METAS DE COMPENSACIÓN,P4200100,Personas Bajo Control por Hipertensión - PA < 150/90 mmHg,COL19,V,22,RANGO ETARIO Y SEXO - 50 a 54 años - Mujeres,RANGO ETARIO Y SEXO,50 a 54 años,Mujeres,,,"['RANGO ETARIO Y SEXO', '50 a 54 años', 'Mujeres']",29
P4,B,METAS DE COMPENSACIÓN,P4200100,Personas Bajo Control por Hipertensión - PA < 150/90 mmHg,COL20,W,23,RANGO ETARIO Y SEXO - 55 a 59 años - Hombres,RANGO ETARIO Y SEXO,55 a 59 años,Hombres,,,"['RANGO ETARIO Y SEXO', '55 a 59 años', 'Hombres']",29
P4,B,METAS DE COMPENSACIÓN,P4200100,Personas Bajo Control por Hipertensión - PA < 150/90 mmHg,COL21,X,24,RANGO ETARIO Y SEXO - 55 a 59 años - Mujeres,RANGO ETARIO Y SEXO,55 a 59 años,Mujeres,,,"['RANGO ETARIO Y SEXO', '55 a 59 años', 'Mujeres']",29
P4,B,METAS DE COMPENSACIÓN,P4200100,Personas Bajo Control por Hipertensión - PA < 150/90 mmHg,COL22,Y,25,RANGO ETARIO Y SEXO - 60 a 64 años - Hombres,RANGO ETARIO Y SEXO,60 a 64 años,Hombres,,,"['RANGO ETARIO Y SEXO', '60 a 64 años', 'Hombres']",29
P4,B,METAS DE COMPENSACIÓN,P4200100,Personas Bajo Control por Hipertensión - PA < 150/90 mmHg,COL23,Z,26,RANGO ETARIO Y SEXO - 60 a 64 años - Mujeres,RANGO ETARIO Y SEXO,60 a 64 años,Mujeres,,,"['RANGO ETARIO Y SEXO', '60 a 64 años', 'Mujeres']",29
P4,B,METAS DE COMPENSACIÓN,P4200100,Personas Bajo Control por Hipertensión - PA < 150/90 mmHg,COL24,AA,27,RANGO ETARIO Y SEXO - 65 a 69 años - Hombres,RANGO ETARIO Y SEXO,65 a 69 años,Hombres,,,"['RANGO ETARIO Y SEXO', '65 a 69 años', 'Hombres']",29
P4,B,METAS DE COMPENSACIÓN,P4200100,Personas Bajo Control por Hipertensión - PA < 150/90 mmHg,COL25,AB,28,RANGO ETARIO Y SEXO - 65 a 69 años - Mujeres,RANGO ETARIO Y SEXO,65 a 69 años,Mujeres,,,"['RANGO ETARIO Y SEXO', '65 a 69 años', 'Mujeres']",29
P4,B,METAS DE COMPENSACIÓN,P4200100,Personas Bajo Control por Hipertensión - PA < 150/90 mmHg,COL26,AC,29,RANGO ETARIO Y SEXO - 70 a 74 años - Hombres,RANGO ETARIO Y SEXO,70 a 74 años,Hombres,,,"['RANGO ETARIO Y SEXO', '70 a 74 años', 'Hombres']",29
P4,B,METAS DE COMPENSACIÓN,P4200100,Personas Bajo Control por Hipertensión - PA < 150/90 mmHg,COL27,AD,30,RANGO ETARIO Y SEXO - 70 a 74 años - Mujeres,RANGO ETARIO Y SEXO,70 a 74 años,Mujeres,,,"['RANGO ETARIO Y SEXO', '70 a 74 años', 'Mujeres']",29
P4,B,METAS DE COMPENSACIÓN,P4200100,Personas Bajo Control por Hipertensión - PA < 150/90 mmHg,COL28,AE,31,RANGO ETARIO Y SEXO - 75 a 79 años - Hombres,RANGO ETARIO Y SEXO,75 a 79 años,Hombres,,,"['RANGO ETARIO Y SEXO', '75 a 79 años', 'Hombres']",29
P4,B,METAS DE COMPENSACIÓN,P4200100,Personas Bajo Control por Hipertensión - PA < 150/90 mmHg,COL29,AF,32,RANGO ETARIO Y SEXO - 75 a 79 años - Mujeres,RANGO ETARIO Y SEXO,75 a 79 años,Mujeres,,,"['RANGO ETARIO Y SEXO', '75 a 79 años', 'Mujeres']",29
P4,B,METAS DE COMPENSACIÓN,P4200100,Personas Bajo Control por Hipertensión - PA < 150/90 mmHg,COL30,AG,33,RANGO ETARIO Y SEXO - 80 y más años - Hombres,RANGO ETARIO Y SEXO,80 y más años,Hombres,,,"['RANGO ETARIO Y SEXO', '80 y más años', 'Hombres']",29
P4,B,METAS DE COMPENSACIÓN,P4200100,Personas Bajo Control por Hipertensión - PA < 150/90 mmHg,COL31,AH,34,RANGO ETARIO Y SEXO - 80 y más años - Mujeres,RANGO ETARIO Y SEXO,80 y más años,Mujeres,,,"['RANGO ETARIO Y SEXO', '80 y más años', 'Mujeres']",29
P4,B,METAS DE COMPENSACIÓN,P4200100,Personas Bajo Control por Hipertensión - PA < 150/90 mmHg,COL32,AI,35,Pueblos Originarios - Hombres,Pueblos Originarios,Hombres,,,,"['Pueblos Originarios', 'Hombres']",29
P4,B,METAS DE COMPENSACIÓN,P4200100,Personas Bajo Control por Hipertensión - PA < 150/90 mmHg,COL33,AJ,36,Pueblos Originarios - Mujeres,Pueblos Originarios,Mujeres,,,,"['Pueblos Originarios', 'Mujeres']",29
P4,B,METAS DE COMPENSACIÓN,P4200100,Personas Bajo Control por Hipertensión - PA < 150/90 mmHg,COL34,AK,37,Migrantes - Hombres,Migrantes,Hombres,,,,"['Migrantes', 'Hombres']",29
P4,B,METAS DE COMPENSACIÓN,P4200100,Personas Bajo Control por Hipertensión - PA < 150/90 mmHg,COL35,AL,38,Migrantes - Mujeres,Migrantes,Mujeres,,,,"['Migrantes', 'Mujeres']",29
P4,B,METAS DE COMPENSACIÓN,P4180300,Personas Bajo Control por Diabetes Mellitus - HbA1C<7%,COL01,D,4,TOTAL - Ambos sexos,TOTAL,Ambos sexos,,,,"['TOTAL', 'Ambos sexos']",30
P4,B,METAS DE COMPENSACIÓN,P4180300,Personas Bajo Control por Diabetes Mellitus - HbA1C<7%,COL02,E,5,TOTAL - Hombres,TOTAL,Hombres,,,,"['TOTAL', 'Hombres']",30
P4,B,METAS DE COMPENSACIÓN,P4180300,Personas Bajo Control por Diabetes Mellitus - HbA1C<7%,COL03,F,6,TOTAL - Mujeres,TOTAL,Mujeres,,,,"['TOTAL', 'Mujeres']",30
P4,B,METAS DE COMPENSACIÓN,P4180300,Personas Bajo Control por Diabetes Mellitus - HbA1C<7%,COL04,G,7,RANGO ETARIO Y SEXO - 15 a 19 años - Hombres,RANGO ETARIO Y SEXO,15 a 19 años,Hombres,,,"['RANGO ETARIO Y SEXO', '15 a 19 años', 'Hombres']",30
P4,B,METAS DE COMPENSACIÓN,P4180300,Personas Bajo Control por Diabetes Mellitus - HbA1C<7%,COL05,H,8,RANGO ETARIO Y SEXO - 15 a 19 años - Mujeres,RANGO ETARIO Y SEXO,15 a 19 años,Mujeres,,,"['RANGO ETARIO Y SEXO', '15 a 19 años', 'Mujeres']",30
P4,B,METAS DE COMPENSACIÓN,P4180300,Personas Bajo Control por Diabetes Mellitus - HbA1C<7%,COL06,I,9,RANGO ETARIO Y SEXO - 20 a 24 años - Hombres,RANGO ETARIO Y SEXO,20 a 24 años,Hombres,,,"['RANGO ETARIO Y SEXO', '20 a 24 años', 'Hombres']",30
P4,B,METAS DE COMPENSACIÓN,P4180300,Personas Bajo Control por Diabetes Mellitus - HbA1C<7%,COL07,J,10,RANGO ETARIO Y SEXO - 20 a 24 años - Mujeres,RANGO ETARIO Y SEXO,20 a 24 años,Mujeres,,,"['RANGO ETARIO Y SEXO', '20 a 24 años', 'Mujeres']",30
P4,B,METAS DE COMPENSACIÓN,P4180300,Personas Bajo Control por Diabetes Mellitus - HbA1C<7%,COL08,K,11,RANGO ETARIO Y SEXO - 25 a 29 años - Hombres,RANGO ETARIO Y SEXO,25 a 29 años,Hombres,,,"['RANGO ETARIO Y SEXO', '25 a 29 años', 'Hombres']",30
P4,B,METAS DE COMPENSACIÓN,P4180300,Personas Bajo Control por Diabetes Mellitus - HbA1C<7%,COL09,L,12,RANGO ETARIO Y SEXO - 25 a 29 años - Mujeres,RANGO ETARIO Y SEXO,25 a 29 años,Mujeres,,,"['RANGO ETARIO Y SEXO', '25 a 29 años', 'Mujeres']",30
P4,B,METAS DE COMPENSACIÓN,P4180300,Personas Bajo Control por Diabetes Mellitus - HbA1C<7%,COL10,M,13,RANGO ETARIO Y SEXO - 30 a 34 años - Hombres,RANGO ETARIO Y SEXO,30 a 34 años,Hombres,,,"['RANGO ETARIO Y SEXO', '30 a 34 años', 'Hombres']",30
P4,B,METAS DE COMPENSACIÓN,P4180300,Personas Bajo Control por Diabetes Mellitus - HbA1C<7%,COL11,N,14,RANGO ETARIO Y SEXO - 30 a 34 años - Mujeres,RANGO ETARIO Y SEXO,30 a 34 años,Mujeres,,,"['RANGO ETARIO Y SEXO', '30 a 34 años', 'Mujeres']",30
P4,B,METAS DE COMPENSACIÓN,P4180300,Personas Bajo Control por Diabetes Mellitus - HbA1C<7%,COL12,O,15,RANGO ETARIO Y SEXO - 35 a 39 años - Hombres,RANGO ETARIO Y SEXO,35 a 39 años,Hombres,,,"['RANGO ETARIO Y SEXO', '35 a 39 años', 'Hombres']",30
P4,B,METAS DE COMPENSACIÓN,P4180300,Personas Bajo Control por Diabetes Mellitus - HbA1C<7%,COL13,P,16,RANGO ETARIO Y SEXO - 35 a 39 años - Mujeres,RANGO ETARIO Y SEXO,35 a 39 años,Mujeres,,,"['RANGO ETARIO Y SEXO', '35 a 39 años', 'Mujeres']",30
P4,B,METAS DE COMPENSACIÓN,P4180300,Personas Bajo Control por Diabetes Mellitus - HbA1C<7%,COL14,Q,17,RANGO ETARIO Y SEXO - 40 a 44 años - Hombres,RANGO ETARIO Y SEXO,40 a 44 años,Hombres,,,"['RANGO ETARIO Y SEXO', '40 a 44 años', 'Hombres']",30
P4,B,METAS DE COMPENSACIÓN,P4180300,Personas Bajo Control por Diabetes Mellitus - HbA1C<7%,COL15,R,18,RANGO ETARIO Y SEXO - 40 a 44 años - Mujeres,RANGO ETARIO Y SEXO,40 a 44 años,Mujeres,,,"['RANGO ETARIO Y SEXO', '40 a 44 años', 'Mujeres']",30
P4,B,METAS DE COMPENSACIÓN,P4180300,Personas Bajo Control por Diabetes Mellitus - HbA1C<7%,COL16,S,19,RANGO ETARIO Y SEXO - 45 a 49 años - Hombres,RANGO ETARIO Y SEXO,45 a 49 años,Hombres,,,"['RANGO ETARIO Y SEXO', '45 a 49 años', 'Hombres']",30
P4,B,METAS DE COMPENSACIÓN,P4180300,Personas Bajo Control por Diabetes Mellitus - HbA1C<7%,COL17,T,20,RANGO ETARIO Y SEXO - 45 a 49 años - Mujeres,RANGO ETARIO Y SEXO,45 a 49 años,Mujeres,,,"['RANGO ETARIO Y SEXO', '45 a 49 años', 'Mujeres']",30
P4,B,METAS DE COMPENSACIÓN,P4180300,Personas Bajo Control por Diabetes Mellitus - HbA1C<7%,COL18,U,21,RANGO ETARIO Y SEXO - 50 a 54 años - Hombres,RANGO ETARIO Y SEXO,50 a 54 años,Hombres,,,"['RANGO ETARIO Y SEXO', '50 a 54 años', 'Hombres']",30
P4,B,METAS DE COMPENSACIÓN,P4180300,Personas Bajo Control por Diabetes Mellitus - HbA1C<7%,COL19,V,22,RANGO ETARIO Y SEXO - 50 a 54 años - Mujeres,RANGO ETARIO Y SEXO,50 a 54 años,Mujeres,,,"['RANGO ETARIO Y SEXO', '50 a 54 años', 'Mujeres']",30
P4,B,METAS DE COMPENSACIÓN,P4180300,Personas Bajo Control por Diabetes Mellitus - HbA1C<7%,COL20,W,23,RANGO ETARIO Y SEXO - 55 a 59 años - Hombres,RANGO ETARIO Y SEXO,55 a 59 años,Hombres,,,"['RANGO ETARIO Y SEXO', '55 a 59 años', 'Hombres']",30
P4,B,METAS DE COMPENSACIÓN,P4180300,Personas Bajo Control por Diabetes Mellitus - HbA1C<7%,COL21,X,24,RANGO ETARIO Y SEXO - 55 a 59 años - Mujeres,RANGO ETARIO Y SEXO,55 a 59 años,Mujeres,,,"['RANGO ETARIO Y SEXO', '55 a 59 años', 'Mujeres']",30
P4,B,METAS DE COMPENSACIÓN,P4180300,Personas Bajo Control por Diabetes Mellitus - HbA1C<7%,COL22,Y,25,RANGO ETARIO Y SEXO - 60 a 64 años - Hombres,RANGO ETARIO Y SEXO,60 a 64 años,Hombres,,,"['RANGO ETARIO Y SEXO', '60 a 64 años', 'Hombres']",30
P4,B,METAS DE COMPENSACIÓN,P4180300,Personas Bajo Control por Diabetes Mellitus - HbA1C<7%,COL23,Z,26,RANGO ETARIO Y SEXO - 60 a 64 años - Mujeres,RANGO ETARIO Y SEXO,60 a 64 años,Mujeres,,,"['RANGO ETARIO Y SEXO', '60 a 64 años', 'Mujeres']",30
P4,B,METAS DE COMPENSACIÓN,P4180300,Personas Bajo Control por Diabetes Mellitus - HbA1C<7%,COL24,AA,27,RANGO ETARIO Y SEXO - 65 a 69 años - Hombres,RANGO ETARIO Y SEXO,65 a 69 años,Hombres,,,"['RANGO ETARIO Y SEXO', '65 a 69 años', 'Hombres']",30
P4,B,METAS DE COMPENSACIÓN,P4180300,Personas Bajo Control por Diabetes Mellitus - HbA1C<7%,COL25,AB,28,RANGO ETARIO Y SEXO - 65 a 69 años - Mujeres,RANGO ETARIO Y SEXO,65 a 69 años,Mujeres,,,"['RANGO ETARIO Y SEXO', '65 a 69 años', 'Mujeres']",30
P4,B,METAS DE COMPENSACIÓN,P4180300,Personas Bajo Control por Diabetes Mellitus - HbA1C<7%,COL26,AC,29,RANGO ETARIO Y SEXO - 70 a 74 años - Hombres,RANGO ETARIO Y SEXO,70 a 74 años,Hombres,,,"['RANGO ETARIO Y SEXO', '70 a 74 años', 'Hombres']",30
P4,B,METAS DE COMPENSACIÓN,P4180300,Personas Bajo Control por Diabetes Mellitus - HbA1C<7%,COL27,AD,30,RANGO ETARIO Y SEXO - 70 a 74 años - Mujeres,RANGO ETARIO Y SEXO,70 a 74 años,Mujeres,,,"['RANGO ETARIO Y SEXO', '70 a 74 años', 'Mujeres']",30
P4,B,METAS DE COMPENSACIÓN,P4180300,Personas Bajo Control por Diabetes Mellitus - HbA1C<7%,COL28,AE,31,RANGO ETARIO Y SEXO - 75 a 79 años - Hombres,RANGO ETARIO Y SEXO,75 a 79 años,Hombres,,,"['RANGO ETARIO Y SEXO', '75 a 79 años', 'Hombres']",30
P4,B,METAS DE COMPENSACIÓN,P4180300,Personas Bajo Control por Diabetes Mellitus - HbA1C<7%,COL29,AF,32,RANGO ETARIO Y SEXO - 75 a 79 años - Mujeres,RANGO ETARIO Y SEXO,75 a 79 años,Mujeres,,,"['RANGO ETARIO Y SEXO', '75 a 79 años', 'Mujeres']",30
P4,B,METAS DE COMPENSACIÓN,P4180300,Personas Bajo Control por Diabetes Mellitus - HbA1C<7%,COL30,AG,33,RANGO ETARIO Y SEXO - 80 y más años - Hombres,RANGO ETARIO Y SEXO,80 y más años,Hombres,,,"['RANGO ETARIO Y SEXO', '80 y más años', 'Hombres']",30
P4,B,METAS DE COMPENSACIÓN,P4180300,Personas Bajo Control por Diabetes Mellitus - HbA1C<7%,COL31,AH,34,RANGO ETARIO Y SEXO - 80 y más años - Mujeres,RANGO ETARIO Y SEXO,80 y más años,Mujeres,,,"['RANGO ETARIO Y SEXO', '80 y más años', 'Mujeres']",30
P4,B,METAS DE COMPENSACIÓN,P4180300,Personas Bajo Control por Diabetes Mellitus - HbA1C<7%,COL32,AI,35,Pueblos Originarios - Hombres,Pueblos Originarios,Hombres,,,,"['Pueblos Originarios', 'Hombres']",30
P4,B,METAS DE COMPENSACIÓN,P4180300,Personas Bajo Control por Diabetes Mellitus - HbA1C<7%,COL33,AJ,36,Pueblos Originarios - Mujeres,Pueblos Originarios,Mujeres,,,,"['Pueblos Originarios', 'Mujeres']",30
P4,B,METAS DE COMPENSACIÓN,P4180300,Personas Bajo Control por Diabetes Mellitus - HbA1C<7%,COL34,AK,37,Migrantes - Hombres,Migrantes,Hombres,,,,"['Migrantes', 'Hombres']",30
P4,B,METAS DE COMPENSACIÓN,P4180300,Personas Bajo Control por Diabetes Mellitus - HbA1C<7%,COL35,AL,38,Migrantes - Mujeres,Migrantes,Mujeres,,,,"['Migrantes', 'Mujeres']",30
P4,B,METAS DE COMPENSACIÓN,P4200200,Personas Bajo Control por Diabetes Mellitus - HbA1C<8%,COL01,D,4,TOTAL - Ambos sexos,TOTAL,Ambos sexos,,,,"['TOTAL', 'Ambos sexos']",31
P4,B,METAS DE COMPENSACIÓN,P4200200,Personas Bajo Control por Diabetes Mellitus - HbA1C<8%,COL02,E,5,TOTAL - Hombres,TOTAL,Hombres,,,,"['TOTAL', 'Hombres']",31
P4,B,METAS DE COMPENSACIÓN,P4200200,Personas Bajo Control por Diabetes Mellitus - HbA1C<8%,COL03,F,6,TOTAL - Mujeres,TOTAL,Mujeres,,,,"['TOTAL', 'Mujeres']",31
P4,B,METAS DE COMPENSACIÓN,P4200200,Personas Bajo Control por Diabetes Mellitus - HbA1C<8%,COL04,G,7,RANGO ETARIO Y SEXO - 15 a 19 años - Hombres,RANGO ETARIO Y SEXO,15 a 19 años,Hombres,,,"['RANGO ETARIO Y SEXO', '15 a 19 años', 'Hombres']",31
P4,B,METAS DE COMPENSACIÓN,P4200200,Personas Bajo Control por Diabetes Mellitus - HbA1C<8%,COL05,H,8,RANGO ETARIO Y SEXO - 15 a 19 años - Mujeres,RANGO ETARIO Y SEXO,15 a 19 años,Mujeres,,,"['RANGO ETARIO Y SEXO', '15 a 19 años', 'Mujeres']",31
P4,B,METAS DE COMPENSACIÓN,P4200200,Personas Bajo Control por Diabetes Mellitus - HbA1C<8%,COL06,I,9,RANGO ETARIO Y SEXO - 20 a 24 años - Hombres,RANGO ETARIO Y SEXO,20 a 24 años,Hombres,,,"['RANGO ETARIO Y SEXO', '20 a 24 años', 'Hombres']",31
P4,B,METAS DE COMPENSACIÓN,P4200200,Personas Bajo Control por Diabetes Mellitus - HbA1C<8%,COL07,J,10,RANGO ETARIO Y SEXO - 20 a 24 años - Mujeres,RANGO ETARIO Y SEXO,20 a 24 años,Mujeres,,,"['RANGO ETARIO Y SEXO', '20 a 24 años', 'Mujeres']",31
P4,B,METAS DE COMPENSACIÓN,P4200200,Personas Bajo Control por Diabetes Mellitus - HbA1C<8%,COL08,K,11,RANGO ETARIO Y SEXO - 25 a 29 años - Hombres,RANGO ETARIO Y SEXO,25 a 29 años,Hombres,,,"['RANGO ETARIO Y SEXO', '25 a 29 años', 'Hombres']",31
P4,B,METAS DE COMPENSACIÓN,P4200200,Personas Bajo Control por Diabetes Mellitus - HbA1C<8%,COL09,L,12,RANGO ETARIO Y SEXO - 25 a 29 años - Mujeres,RANGO ETARIO Y SEXO,25 a 29 años,Mujeres,,,"['RANGO ETARIO Y SEXO', '25 a 29 años', 'Mujeres']",31
P4,B,METAS DE COMPENSACIÓN,P4200200,Personas Bajo Control por Diabetes Mellitus - HbA1C<8%,COL10,M,13,RANGO ETARIO Y SEXO - 30 a 34 años - Hombres,RANGO ETARIO Y SEXO,30 a 34 años,Hombres,,,"['RANGO ETARIO Y SEXO', '30 a 34 años', 'Hombres']",31
P4,B,METAS DE COMPENSACIÓN,P4200200,Personas Bajo Control por Diabetes Mellitus - HbA1C<8%,COL11,N,14,RANGO ETARIO Y SEXO - 30 a 34 años - Mujeres,RANGO ETARIO Y SEXO,30 a 34 años,Mujeres,,,"['RANGO ETARIO Y SEXO', '30 a 34 años', 'Mujeres']",31
P4,B,METAS DE COMPENSACIÓN,P4200200,Personas Bajo Control por Diabetes Mellitus - HbA1C<8%,COL12,O,15,RANGO ETARIO Y SEXO - 35 a 39 años - Hombres,RANGO ETARIO Y SEXO,35 a 39 años,Hombres,,,"['RANGO ETARIO Y SEXO', '35 a 39 años', 'Hombres']",31
P4,B,METAS DE COMPENSACIÓN,P4200200,Personas Bajo Control por Diabetes Mellitus - HbA1C<8%,COL13,P,16,RANGO ETARIO Y SEXO - 35 a 39 años - Mujeres,RANGO ETARIO Y SEXO,35 a 39 años,Mujeres,,,"['RANGO ETARIO Y SEXO', '35 a 39 años', 'Mujeres']",31
P4,B,METAS DE COMPENSACIÓN,P4200200,Personas Bajo Control por Diabetes Mellitus - HbA1C<8%,COL14,Q,17,RANGO ETARIO Y SEXO - 40 a 44 años - Hombres,RANGO ETARIO Y SEXO,40 a 44 años,Hombres,,,"['RANGO ETARIO Y SEXO', '40 a 44 años', 'Hombres']",31
P4,B,METAS DE COMPENSACIÓN,P4200200,Personas Bajo Control por Diabetes Mellitus - HbA1C<8%,COL15,R,18,RANGO ETARIO Y SEXO - 40 a 44 años - Mujeres,RANGO ETARIO Y SEXO,40 a 44 años,Mujeres,,,"['RANGO ETARIO Y SEXO', '40 a 44 años', 'Mujeres']",31
P4,B,METAS DE COMPENSACIÓN,P4200200,Personas Bajo Control por Diabetes Mellitus - HbA1C<8%,COL16,S,19,RANGO ETARIO Y SEXO - 45 a 49 años - Hombres,RANGO ETARIO Y SEXO,45 a 49 años,Hombres,,,"['RANGO ETARIO Y SEXO', '45 a 49 años', 'Hombres']",31
P4,B,METAS DE COMPENSACIÓN,P4200200,Personas Bajo Control por Diabetes Mellitus - HbA1C<8%,COL17,T,20,RANGO ETARIO Y SEXO - 45 a 49 años - Mujeres,RANGO ETARIO Y SEXO,45 a 49 años,Mujeres,,,"['RANGO ETARIO Y SEXO', '45 a 49 años', 'Mujeres']",31
P4,B,METAS DE COMPENSACIÓN,P4200200,Personas Bajo Control por Diabetes Mellitus - HbA1C<8%,COL18,U,21,RANGO ETARIO Y SEXO - 50 a 54 años - Hombres,RANGO ETARIO Y SEXO,50 a 54 años,Hombres,,,"['RANGO ETARIO Y SEXO', '50 a 54 años', 'Hombres']",31
P4,B,METAS DE COMPENSACIÓN,P4200200,Personas Bajo Control por Diabetes Mellitus - HbA1C<8%,COL19,V,22,RANGO ETARIO Y SEXO - 50 a 54 años - Mujeres,RANGO ETARIO Y SEXO,50 a 54 años,Mujeres,,,"['RANGO ETARIO Y SEXO', '50 a 54 años', 'Mujeres']",31
P4,B,METAS DE COMPENSACIÓN,P4200200,Personas Bajo Control por Diabetes Mellitus - HbA1C<8%,COL20,W,23,RANGO ETARIO Y SEXO - 55 a 59 años - Hombres,RANGO ETARIO Y SEXO,55 a 59 años,Hombres,,,"['RANGO ETARIO Y SEXO', '55 a 59 años', 'Hombres']",31
P4,B,METAS DE COMPENSACIÓN,P4200200,Personas Bajo Control por Diabetes Mellitus - HbA1C<8%,COL21,X,24,RANGO ETARIO Y SEXO - 55 a 59 años - Mujeres,RANGO ETARIO Y SEXO,55 a 59 años,Mujeres,,,"['RANGO ETARIO Y SEXO', '55 a 59 años', 'Mujeres']",31
P4,B,METAS DE COMPENSACIÓN,P4200200,Personas Bajo Control por Diabetes Mellitus - HbA1C<8%,COL22,Y,25,RANGO ETARIO Y SEXO - 60 a 64 años - Hombres,RANGO ETARIO Y SEXO,60 a 64 años,Hombres,,,"['RANGO ETARIO Y SEXO', '60 a 64 años', 'Hombres']",31
P4,B,METAS DE COMPENSACIÓN,P4200200,Personas Bajo Control por Diabetes Mellitus - HbA1C<8%,COL23,Z,26,RANGO ETARIO Y SEXO - 60 a 64 años - Mujeres,RANGO ETARIO Y SEXO,60 a 64 años,Mujeres,,,"['RANGO ETARIO Y SEXO', '60 a 64 años', 'Mujeres']",31
P4,B,METAS DE COMPENSACIÓN,P4200200,Personas Bajo Control por Diabetes Mellitus - HbA1C<8%,COL24,AA,27,RANGO ETARIO Y SEXO - 65 a 69 años - Hombres,RANGO ETARIO Y SEXO,65 a 69 años,Hombres,,,"['RANGO ETARIO Y SEXO', '65 a 69 años', 'Hombres']",31
P4,B,METAS DE COMPENSACIÓN,P4200200,Personas Bajo Control por Diabetes Mellitus - HbA1C<8%,COL25,AB,28,RANGO ETARIO Y SEXO - 65 a 69 años - Mujeres,RANGO ETARIO Y SEXO,65 a 69 años,Mujeres,,,"['RANGO ETARIO Y SEXO', '65 a 69 años', 'Mujeres']",31
P4,B,METAS DE COMPENSACIÓN,P4200200,Personas Bajo Control por Diabetes Mellitus - HbA1C<8%,COL26,AC,29,RANGO ETARIO Y SEXO - 70 a 74 años - Hombres,RANGO ETARIO Y SEXO,70 a 74 años,Hombres,,,"['RANGO ETARIO Y SEXO', '70 a 74 años', 'Hombres']",31
P4,B,METAS DE COMPENSACIÓN,P4200200,Personas Bajo Control por Diabetes Mellitus - HbA1C<8%,COL27,AD,30,RANGO ETARIO Y SEXO - 70 a 74 años - Mujeres,RANGO ETARIO Y SEXO,70 a 74 años,Mujeres,,,"['RANGO ETARIO Y SEXO', '70 a 74 años', 'Mujeres']",31
P4,B,METAS DE COMPENSACIÓN,P4200200,Personas Bajo Control por Diabetes Mellitus - HbA1C<8%,COL28,AE,31,RANGO ETARIO Y SEXO - 75 a 79 años - Hombres,RANGO ETARIO Y SEXO,75 a 79 años,Hombres,,,"['RANGO ETARIO Y SEXO', '75 a 79 años', 'Hombres']",31
P4,B,METAS DE COMPENSACIÓN,P4200200,Personas Bajo Control por Diabetes Mellitus - HbA1C<8%,COL29,AF,32,RANGO ETARIO Y SEXO - 75 a 79 años - Mujeres,RANGO ETARIO Y SEXO,75 a 79 años,Mujeres,,,"['RANGO ETARIO Y SEXO', '75 a 79 años', 'Mujeres']",31
P4,B,METAS DE COMPENSACIÓN,P4200200,Personas Bajo Control por Diabetes Mellitus - HbA1C<8%,COL30,AG,33,RANGO ETARIO Y SEXO - 80 y más años - Hombres,RANGO ETARIO Y SEXO,80 y más años,Hombres,,,"['RANGO ETARIO Y SEXO', '80 y más años', 'Hombres']",31
P4,B,METAS DE COMPENSACIÓN,P4200200,Personas Bajo Control por Diabetes Mellitus - HbA1C<8%,COL31,AH,34,RANGO ETARIO Y SEXO - 80 y más años - Mujeres,RANGO ETARIO Y SEXO,80 y más años,Mujeres,,,"['RANGO ETARIO Y SEXO', '80 y más años', 'Mujeres']",31
P4,B,METAS DE COMPENSACIÓN,P4200200,Personas Bajo Control por Diabetes Mellitus - HbA1C<8%,COL32,AI,35,Pueblos Originarios - Hombres,Pueblos Originarios,Hombres,,,,"['Pueblos Originarios', 'Hombres']",31
P4,B,METAS DE COMPENSACIÓN,P4200200,Personas Bajo Control por Diabetes Mellitus - HbA1C<8%,COL33,AJ,36,Pueblos Originarios - Mujeres,Pueblos Originarios,Mujeres,,,,"['Pueblos Originarios', 'Mujeres']",31
P4,B,METAS DE COMPENSACIÓN,P4200200,Personas Bajo Control por Diabetes Mellitus - HbA1C<8%,COL34,AK,37,Migrantes - Hombres,Migrantes,Hombres,,,,"['Migrantes', 'Hombres']",31
P4,B,METAS DE COMPENSACIÓN,P4200200,Personas Bajo Control por Diabetes Mellitus - HbA1C<8%,COL35,AL,38,Migrantes - Mujeres,Migrantes,Mujeres,,,,"['Migrantes', 'Mujeres']",31
P4,B,METAS DE COMPENSACIÓN,P4401013,Personas bajo control con antecedentes de Infarto agudo al miocardio (IAM) - En tratamiento con Antiagregantes plaquetarios,COL01,D,4,TOTAL - Ambos sexos,TOTAL,Ambos sexos,,,,"['TOTAL', 'Ambos sexos']",37
P4,B,METAS DE COMPENSACIÓN,P4401013,Personas bajo control con antecedentes de Infarto agudo al miocardio (IAM) - En tratamiento con Antiagregantes plaquetarios,COL02,E,5,TOTAL - Hombres,TOTAL,Hombres,,,,"['TOTAL', 'Hombres']",37
P4,B,METAS DE COMPENSACIÓN,P4401013,Personas bajo control con antecedentes de Infarto agudo al miocardio (IAM) - En tratamiento con Antiagregantes plaquetarios,COL03,F,6,TOTAL - Mujeres,TOTAL,Mujeres,,,,"['TOTAL', 'Mujeres']",37
P4,B,METAS DE COMPENSACIÓN,P4401013,Personas bajo control con antecedentes de Infarto agudo al miocardio (IAM) - En tratamiento con Antiagregantes plaquetarios,COL04,G,7,RANGO ETARIO Y SEXO - 15 a 19 años - Hombres,RANGO ETARIO Y SEXO,15 a 19 años,Hombres,,,"['RANGO ETARIO Y SEXO', '15 a 19 años', 'Hombres']",37
P4,B,METAS DE COMPENSACIÓN,P4401013,Personas bajo control con antecedentes de Infarto agudo al miocardio (IAM) - En tratamiento con Antiagregantes plaquetarios,COL05,H,8,RANGO ETARIO Y SEXO - 15 a 19 años - Mujeres,RANGO ETARIO Y SEXO,15 a 19 años,Mujeres,,,"['RANGO ETARIO Y SEXO', '15 a 19 años', 'Mujeres']",37
P4,B,METAS DE COMPENSACIÓN,P4401013,Personas bajo control con antecedentes de Infarto agudo al miocardio (IAM) - En tratamiento con Antiagregantes plaquetarios,COL06,I,9,RANGO ETARIO Y SEXO - 20 a 24 años - Hombres,RANGO ETARIO Y SEXO,20 a 24 años,Hombres,,,"['RANGO ETARIO Y SEXO', '20 a 24 años', 'Hombres']",37
P4,B,METAS DE COMPENSACIÓN,P4401013,Personas bajo control con antecedentes de Infarto agudo al miocardio (IAM) - En tratamiento con Antiagregantes plaquetarios,COL07,J,10,RANGO ETARIO Y SEXO - 20 a 24 años - Mujeres,RANGO ETARIO Y SEXO,20 a 24 años,Mujeres,,,"['RANGO ETARIO Y SEXO', '20 a 24 años', 'Mujeres']",37
P4,B,METAS DE COMPENSACIÓN,P4401013,Personas bajo control con antecedentes de Infarto agudo al miocardio (IAM) - En tratamiento con Antiagregantes plaquetarios,COL08,K,11,RANGO ETARIO Y SEXO - 25 a 29 años - Hombres,RANGO ETARIO Y SEXO,25 a 29 años,Hombres,,,"['RANGO ETARIO Y SEXO', '25 a 29 años', 'Hombres']",37
P4,B,METAS DE COMPENSACIÓN,P4401013,Personas bajo control con antecedentes de Infarto agudo al miocardio (IAM) - En tratamiento con Antiagregantes plaquetarios,COL09,L,12,RANGO ETARIO Y SEXO - 25 a 29 años - Mujeres,RANGO ETARIO Y SEXO,25 a 29 años,Mujeres,,,"['RANGO ETARIO Y SEXO', '25 a 29 años', 'Mujeres']",37
P4,B,METAS DE COMPENSACIÓN,P4401013,Personas bajo control con antecedentes de Infarto agudo al miocardio (IAM) - En tratamiento con Antiagregantes plaquetarios,COL10,M,13,RANGO ETARIO Y SEXO - 30 a 34 años - Hombres,RANGO ETARIO Y SEXO,30 a 34 años,Hombres,,,"['RANGO ETARIO Y SEXO', '30 a 34 años', 'Hombres']",37
P4,B,METAS DE COMPENSACIÓN,P4401013,Personas bajo control con antecedentes de Infarto agudo al miocardio (IAM) - En tratamiento con Antiagregantes plaquetarios,COL11,N,14,RANGO ETARIO Y SEXO - 30 a 34 años - Mujeres,RANGO ETARIO Y SEXO,30 a 34 años,Mujeres,,,"['RANGO ETARIO Y SEXO', '30 a 34 años', 'Mujeres']",37
P4,B,METAS DE COMPENSACIÓN,P4401013,Personas bajo control con antecedentes de Infarto agudo al miocardio (IAM) - En tratamiento con Antiagregantes plaquetarios,COL12,O,15,RANGO ETARIO Y SEXO - 35 a 39 años - Hombres,RANGO ETARIO Y SEXO,35 a 39 años,Hombres,,,"['RANGO ETARIO Y SEXO', '35 a 39 años', 'Hombres']",37
P4,B,METAS DE COMPENSACIÓN,P4401013,Personas bajo control con antecedentes de Infarto agudo al miocardio (IAM) - En tratamiento con Antiagregantes plaquetarios,COL13,P,16,RANGO ETARIO Y SEXO - 35 a 39 años - Mujeres,RANGO ETARIO Y SEXO,35 a 39 años,Mujeres,,,"['RANGO ETARIO Y SEXO', '35 a 39 años', 'Mujeres']",37
P4,B,METAS DE COMPENSACIÓN,P4401013,Personas bajo control con antecedentes de Infarto agudo al miocardio (IAM) - En tratamiento con Antiagregantes plaquetarios,COL14,Q,17,RANGO ETARIO Y SEXO - 40 a 44 años - Hombres,RANGO ETARIO Y SEXO,40 a 44 años,Hombres,,,"['RANGO ETARIO Y SEXO', '40 a 44 años', 'Hombres']",37
P4,B,METAS DE COMPENSACIÓN,P4401013,Personas bajo control con antecedentes de Infarto agudo al miocardio (IAM) - En tratamiento con Antiagregantes plaquetarios,COL15,R,18,RANGO ETARIO Y SEXO - 40 a 44 años - Mujeres,RANGO ETARIO Y SEXO,40 a 44 años,Mujeres,,,"['RANGO ETARIO Y SEXO', '40 a 44 años', 'Mujeres']",37
P4,B,METAS DE COMPENSACIÓN,P4401013,Personas bajo control con antecedentes de Infarto agudo al miocardio (IAM) - En tratamiento con Antiagregantes plaquetarios,COL16,S,19,RANGO ETARIO Y SEXO - 45 a 49 años - Hombres,RANGO ETARIO Y SEXO,45 a 49 años,Hombres,,,"['RANGO ETARIO Y SEXO', '45 a 49 años', 'Hombres']",37
P4,B,METAS DE COMPENSACIÓN,P4401013,Personas bajo control con antecedentes de Infarto agudo al miocardio (IAM) - En tratamiento con Antiagregantes plaquetarios,COL17,T,20,RANGO ETARIO Y SEXO - 45 a 49 años - Mujeres,RANGO ETARIO Y SEXO,45 a 49 años,Mujeres,,,"['RANGO ETARIO Y SEXO', '45 a 49 años', 'Mujeres']",37
P4,B,METAS DE COMPENSACIÓN,P4401013,Personas bajo control con antecedentes de Infarto agudo al miocardio (IAM) - En tratamiento con Antiagregantes plaquetarios,COL18,U,21,RANGO ETARIO Y SEXO - 50 a 54 años - Hombres,RANGO ETARIO Y SEXO,50 a 54 años,Hombres,,,"['RANGO ETARIO Y SEXO', '50 a 54 años', 'Hombres']",37
P4,B,METAS DE COMPENSACIÓN,P4401013,Personas bajo control con antecedentes de Infarto agudo al miocardio (IAM) - En tratamiento con Antiagregantes plaquetarios,COL19,V,22,RANGO ETARIO Y SEXO - 50 a 54 años - Mujeres,RANGO ETARIO Y SEXO,50 a 54 años,Mujeres,,,"['RANGO ETARIO Y SEXO', '50 a 54 años', 'Mujeres']",37
P4,B,METAS DE COMPENSACIÓN,P4401013,Personas bajo control con antecedentes de Infarto agudo al miocardio (IAM) - En tratamiento con Antiagregantes plaquetarios,COL20,W,23,RANGO ETARIO Y SEXO - 55 a 59 años - Hombres,RANGO ETARIO Y SEXO,55 a 59 años,Hombres,,,"['RANGO ETARIO Y SEXO', '55 a 59 años', 'Hombres']",37
P4,B,METAS DE COMPENSACIÓN,P4401013,Personas bajo control con antecedentes de Infarto agudo al miocardio (IAM) - En tratamiento con Antiagregantes plaquetarios,COL21,X,24,RANGO ETARIO Y SEXO - 55 a 59 años - Mujeres,RANGO ETARIO Y SEXO,55 a 59 años,Mujeres,,,"['RANGO ETARIO Y SEXO', '55 a 59 años', 'Mujeres']",37
P4,B,METAS DE COMPENSACIÓN,P4401013,Personas bajo control con antecedentes de Infarto agudo al miocardio (IAM) - En tratamiento con Antiagregantes plaquetarios,COL22,Y,25,RANGO ETARIO Y SEXO - 60 a 64 años - Hombres,RANGO ETARIO Y SEXO,60 a 64 años,Hombres,,,"['RANGO ETARIO Y SEXO', '60 a 64 años', 'Hombres']",37
P4,B,METAS DE COMPENSACIÓN,P4401013,Personas bajo control con antecedentes de Infarto agudo al miocardio (IAM) - En tratamiento con Antiagregantes plaquetarios,COL23,Z,26,RANGO ETARIO Y SEXO - 60 a 64 años - Mujeres,RANGO ETARIO Y SEXO,60 a 64 años,Mujeres,,,"['RANGO ETARIO Y SEXO', '60 a 64 años', 'Mujeres']",37
P4,B,METAS DE COMPENSACIÓN,P4401013,Personas bajo control con antecedentes de Infarto agudo al miocardio (IAM) - En tratamiento con Antiagregantes plaquetarios,COL24,AA,27,RANGO ETARIO Y SEXO - 65 a 69 años - Hombres,RANGO ETARIO Y SEXO,65 a 69 años,Hombres,,,"['RANGO ETARIO Y SEXO', '65 a 69 años', 'Hombres']",37
P4,B,METAS DE COMPENSACIÓN,P4401013,Personas bajo control con antecedentes de Infarto agudo al miocardio (IAM) - En tratamiento con Antiagregantes plaquetarios,COL25,AB,28,RANGO ETARIO Y SEXO - 65 a 69 años - Mujeres,RANGO ETARIO Y SEXO,65 a 69 años,Mujeres,,,"['RANGO ETARIO Y SEXO', '65 a 69 años', 'Mujeres']",37
P4,B,METAS DE COMPENSACIÓN,P4401013,Personas bajo control con antecedentes de Infarto agudo al miocardio (IAM) - En tratamiento con Antiagregantes plaquetarios,COL26,AC,29,RANGO ETARIO Y SEXO - 70 a 74 años - Hombres,RANGO ETARIO Y SEXO,70 a 74 años,Hombres,,,"['RANGO ETARIO Y SEXO', '70 a 74 años', 'Hombres']",37
P4,B,METAS DE COMPENSACIÓN,P4401013,Personas bajo control con antecedentes de Infarto agudo al miocardio (IAM) - En tratamiento con Antiagregantes plaquetarios,COL27,AD,30,RANGO ETARIO Y SEXO - 70 a 74 años - Mujeres,RANGO ETARIO Y SEXO,70 a 74 años,Mujeres,,,"['RANGO ETARIO Y SEXO', '70 a 74 años', 'Mujeres']",37
P4,B,METAS DE COMPENSACIÓN,P4401013,Personas bajo control con antecedentes de Infarto agudo al miocardio (IAM) - En tratamiento con Antiagregantes plaquetarios,COL28,AE,31,RANGO ETARIO Y SEXO - 75 a 79 años - Hombres,RANGO ETARIO Y SEXO,75 a 79 años,Hombres,,,"['RANGO ETARIO Y SEXO', '75 a 79 años', 'Hombres']",37
P4,B,METAS DE COMPENSACIÓN,P4401013,Personas bajo control con antecedentes de Infarto agudo al miocardio (IAM) - En tratamiento con Antiagregantes plaquetarios,COL29,AF,32,RANGO ETARIO Y SEXO - 75 a 79 años - Mujeres,RANGO ETARIO Y SEXO,75 a 79 años,Mujeres,,,"['RANGO ETARIO Y SEXO', '75 a 79 años', 'Mujeres']",37
P4,B,METAS DE COMPENSACIÓN,P4401013,Personas bajo control con antecedentes de Infarto agudo al miocardio (IAM) - En tratamiento con Antiagregantes plaquetarios,COL30,AG,33,RANGO ETARIO Y SEXO - 80 y más años - Hombres,RANGO ETARIO Y SEXO,80 y más años,Hombres,,,"['RANGO ETARIO Y SEXO', '80 y más años', 'Hombres']",37
P4,B,METAS DE COMPENSACIÓN,P4401013,Personas bajo control con antecedentes de Infarto agudo al miocardio (IAM) - En tratamiento con Antiagregantes plaquetarios,COL31,AH,34,RANGO ETARIO Y SEXO - 80 y más años - Mujeres,RANGO ETARIO Y SEXO,80 y más años,Mujeres,,,"['RANGO ETARIO Y SEXO', '80 y más años', 'Mujeres']",37
P4,B,METAS DE COMPENSACIÓN,P4401013,Personas bajo control con antecedentes de Infarto agudo al miocardio (IAM) - En tratamiento con Antiagregantes plaquetarios,COL32,AI,35,Pueblos Originarios - Hombres,Pueblos Originarios,Hombres,,,,"['Pueblos Originarios', 'Hombres']",37
P4,B,METAS DE COMPENSACIÓN,P4401013,Personas bajo control con antecedentes de Infarto agudo al miocardio (IAM) - En tratamiento con Antiagregantes plaquetarios,COL33,AJ,36,Pueblos Originarios - Mujeres,Pueblos Originarios,Mujeres,,,,"['Pueblos Originarios', 'Mujeres']",37
P4,B,METAS DE COMPENSACIÓN,P4401013,Personas bajo control con antecedentes de Infarto agudo al miocardio (IAM) - En tratamiento con Antiagregantes plaquetarios,COL34,AK,37,Migrantes - Hombres,Migrantes,Hombres,,,,"['Migrantes', 'Hombres']",37
P4,B,METAS DE COMPENSACIÓN,P4401013,Personas bajo control con antecedentes de Infarto agudo al miocardio (IAM) - En tratamiento con Antiagregantes plaquetarios,COL35,AL,38,Migrantes - Mujeres,Migrantes,Mujeres,,,,"['Migrantes', 'Mujeres']",37
P4,B,METAS DE COMPENSACIÓN,P4401014,Personas bajo control con antecedentes de Infarto agudo al miocardio (IAM) - En tratamiento con Estatina,COL01,D,4,TOTAL - Ambos sexos,TOTAL,Ambos sexos,,,,"['TOTAL', 'Ambos sexos']",38
P4,B,METAS DE COMPENSACIÓN,P4401014,Personas bajo control con antecedentes de Infarto agudo al miocardio (IAM) - En tratamiento con Estatina,COL02,E,5,TOTAL - Hombres,TOTAL,Hombres,,,,"['TOTAL', 'Hombres']",38
P4,B,METAS DE COMPENSACIÓN,P4401014,Personas bajo control con antecedentes de Infarto agudo al miocardio (IAM) - En tratamiento con Estatina,COL03,F,6,TOTAL - Mujeres,TOTAL,Mujeres,,,,"['TOTAL', 'Mujeres']",38
P4,B,METAS DE COMPENSACIÓN,P4401014,Personas bajo control con antecedentes de Infarto agudo al miocardio (IAM) - En tratamiento con Estatina,COL04,G,7,RANGO ETARIO Y SEXO - 15 a 19 años - Hombres,RANGO ETARIO Y SEXO,15 a 19 años,Hombres,,,"['RANGO ETARIO Y SEXO', '15 a 19 años', 'Hombres']",38
P4,B,METAS DE COMPENSACIÓN,P4401014,Personas bajo control con antecedentes de Infarto agudo al miocardio (IAM) - En tratamiento con Estatina,COL05,H,8,RANGO ETARIO Y SEXO - 15 a 19 años - Mujeres,RANGO ETARIO Y SEXO,15 a 19 años,Mujeres,,,"['RANGO ETARIO Y SEXO', '15 a 19 años', 'Mujeres']",38
P4,B,METAS DE COMPENSACIÓN,P4401014,Personas bajo control con antecedentes de Infarto agudo al miocardio (IAM) - En tratamiento con Estatina,COL06,I,9,RANGO ETARIO Y SEXO - 20 a 24 años - Hombres,RANGO ETARIO Y SEXO,20 a 24 años,Hombres,,,"['RANGO ETARIO Y SEXO', '20 a 24 años', 'Hombres']",38
P4,B,METAS DE COMPENSACIÓN,P4401014,Personas bajo control con antecedentes de Infarto agudo al miocardio (IAM) - En tratamiento con Estatina,COL07,J,10,RANGO ETARIO Y SEXO - 20 a 24 años - Mujeres,RANGO ETARIO Y SEXO,20 a 24 años,Mujeres,,,"['RANGO ETARIO Y SEXO', '20 a 24 años', 'Mujeres']",38
P4,B,METAS DE COMPENSACIÓN,P4401014,Personas bajo control con antecedentes de Infarto agudo al miocardio (IAM) - En tratamiento con Estatina,COL08,K,11,RANGO ETARIO Y SEXO - 25 a 29 años - Hombres,RANGO ETARIO Y SEXO,25 a 29 años,Hombres,,,"['RANGO ETARIO Y SEXO', '25 a 29 años', 'Hombres']",38
P4,B,METAS DE COMPENSACIÓN,P4401014,Personas bajo control con antecedentes de Infarto agudo al miocardio (IAM) - En tratamiento con Estatina,COL09,L,12,RANGO ETARIO Y SEXO - 25 a 29 años - Mujeres,RANGO ETARIO Y SEXO,25 a 29 años,Mujeres,,,"['RANGO ETARIO Y SEXO', '25 a 29 años', 'Mujeres']",38
P4,B,METAS DE COMPENSACIÓN,P4401014,Personas bajo control con antecedentes de Infarto agudo al miocardio (IAM) - En tratamiento con Estatina,COL10,M,13,RANGO ETARIO Y SEXO - 30 a 34 años - Hombres,RANGO ETARIO Y SEXO,30 a 34 años,Hombres,,,"['RANGO ETARIO Y SEXO', '30 a 34 años', 'Hombres']",38
P4,B,METAS DE COMPENSACIÓN,P4401014,Personas bajo control con antecedentes de Infarto agudo al miocardio (IAM) - En tratamiento con Estatina,COL11,N,14,RANGO ETARIO Y SEXO - 30 a 34 años - Mujeres,RANGO ETARIO Y SEXO,30 a 34 años,Mujeres,,,"['RANGO ETARIO Y SEXO', '30 a 34 años', 'Mujeres']",38
P4,B,METAS DE COMPENSACIÓN,P4401014,Personas bajo control con antecedentes de Infarto agudo al miocardio (IAM) - En tratamiento con Estatina,COL12,O,15,RANGO ETARIO Y SEXO - 35 a 39 años - Hombres,RANGO ETARIO Y SEXO,35 a 39 años,Hombres,,,"['RANGO ETARIO Y SEXO', '35 a 39 años', 'Hombres']",38
P4,B,METAS DE COMPENSACIÓN,P4401014,Personas bajo control con antecedentes de Infarto agudo al miocardio (IAM) - En tratamiento con Estatina,COL13,P,16,RANGO ETARIO Y SEXO - 35 a 39 años - Mujeres,RANGO ETARIO Y SEXO,35 a 39 años,Mujeres,,,"['RANGO ETARIO Y SEXO', '35 a 39 años', 'Mujeres']",38
P4,B,METAS DE COMPENSACIÓN,P4401014,Personas bajo control con antecedentes de Infarto agudo al miocardio (IAM) - En tratamiento con Estatina,COL14,Q,17,RANGO ETARIO Y SEXO - 40 a 44 años - Hombres,RANGO ETARIO Y SEXO,40 a 44 años,Hombres,,,"['RANGO ETARIO Y SEXO', '40 a 44 años', 'Hombres']",38
P4,B,METAS DE COMPENSACIÓN,P4401014,Personas bajo control con antecedentes de Infarto agudo al miocardio (IAM) - En tratamiento con Estatina,COL15,R,18,RANGO ETARIO Y SEXO - 40 a 44 años - Mujeres,RANGO ETARIO Y SEXO,40 a 44 años,Mujeres,,,"['RANGO ETARIO Y SEXO', '40 a 44 años', 'Mujeres']",38
P4,B,METAS DE COMPENSACIÓN,P4401014,Personas bajo control con antecedentes de Infarto agudo al miocardio (IAM) - En tratamiento con Estatina,COL16,S,19,RANGO ETARIO Y SEXO - 45 a 49 años - Hombres,RANGO ETARIO Y SEXO,45 a 49 años,Hombres,,,"['RANGO ETARIO Y SEXO', '45 a 49 años', 'Hombres']",38
P4,B,METAS DE COMPENSACIÓN,P4401014,Personas bajo control con antecedentes de Infarto agudo al miocardio (IAM) - En tratamiento con Estatina,COL17,T,20,RANGO ETARIO Y SEXO - 45 a 49 años - Mujeres,RANGO ETARIO Y SEXO,45 a 49 años,Mujeres,,,"['RANGO ETARIO Y SEXO', '45 a 49 años', 'Mujeres']",38
P4,B,METAS DE COMPENSACIÓN,P4401014,Personas bajo control con antecedentes de Infarto agudo al miocardio (IAM) - En tratamiento con Estatina,COL18,U,21,RANGO ETARIO Y SEXO - 50 a 54 años - Hombres,RANGO ETARIO Y SEXO,50 a 54 años,Hombres,,,"['RANGO ETARIO Y SEXO', '50 a 54 años', 'Hombres']",38
P4,B,METAS DE COMPENSACIÓN,P4401014,Personas bajo control con antecedentes de Infarto agudo al miocardio (IAM) - En tratamiento con Estatina,COL19,V,22,RANGO ETARIO Y SEXO - 50 a 54 años - Mujeres,RANGO ETARIO Y SEXO,50 a 54 años,Mujeres,,,"['RANGO ETARIO Y SEXO', '50 a 54 años', 'Mujeres']",38
P4,B,METAS DE COMPENSACIÓN,P4401014,Personas bajo control con antecedentes de Infarto agudo al miocardio (IAM) - En tratamiento con Estatina,COL20,W,23,RANGO ETARIO Y SEXO - 55 a 59 años - Hombres,RANGO ETARIO Y SEXO,55 a 59 años,Hombres,,,"['RANGO ETARIO Y SEXO', '55 a 59 años', 'Hombres']",38
P4,B,METAS DE COMPENSACIÓN,P4401014,Personas bajo control con antecedentes de Infarto agudo al miocardio (IAM) - En tratamiento con Estatina,COL21,X,24,RANGO ETARIO Y SEXO - 55 a 59 años - Mujeres,RANGO ETARIO Y SEXO,55 a 59 años,Mujeres,,,"['RANGO ETARIO Y SEXO', '55 a 59 años', 'Mujeres']",38
P4,B,METAS DE COMPENSACIÓN,P4401014,Personas bajo control con antecedentes de Infarto agudo al miocardio (IAM) - En tratamiento con Estatina,COL22,Y,25,RANGO ETARIO Y SEXO - 60 a 64 años - Hombres,RANGO ETARIO Y SEXO,60 a 64 años,Hombres,,,"['RANGO ETARIO Y SEXO', '60 a 64 años', 'Hombres']",38
P4,B,METAS DE COMPENSACIÓN,P4401014,Personas bajo control con antecedentes de Infarto agudo al miocardio (IAM) - En tratamiento con Estatina,COL23,Z,26,RANGO ETARIO Y SEXO - 60 a 64 años - Mujeres,RANGO ETARIO Y SEXO,60 a 64 años,Mujeres,,,"['RANGO ETARIO Y SEXO', '60 a 64 años', 'Mujeres']",38
P4,B,METAS DE COMPENSACIÓN,P4401014,Personas bajo control con antecedentes de Infarto agudo al miocardio (IAM) - En tratamiento con Estatina,COL24,AA,27,RANGO ETARIO Y SEXO - 65 a 69 años - Hombres,RANGO ETARIO Y SEXO,65 a 69 años,Hombres,,,"['RANGO ETARIO Y SEXO', '65 a 69 años', 'Hombres']",38
P4,B,METAS DE COMPENSACIÓN,P4401014,Personas bajo control con antecedentes de Infarto agudo al miocardio (IAM) - En tratamiento con Estatina,COL25,AB,28,RANGO ETARIO Y SEXO - 65 a 69 años - Mujeres,RANGO ETARIO Y SEXO,65 a 69 años,Mujeres,,,"['RANGO ETARIO Y SEXO', '65 a 69 años', 'Mujeres']",38
P4,B,METAS DE COMPENSACIÓN,P4401014,Personas bajo control con antecedentes de Infarto agudo al miocardio (IAM) - En tratamiento con Estatina,COL26,AC,29,RANGO ETARIO Y SEXO - 70 a 74 años - Hombres,RANGO ETARIO Y SEXO,70 a 74 años,Hombres,,,"['RANGO ETARIO Y SEXO', '70 a 74 años', 'Hombres']",38
P4,B,METAS DE COMPENSACIÓN,P4401014,Personas bajo control con antecedentes de Infarto agudo al miocardio (IAM) - En tratamiento con Estatina,COL27,AD,30,RANGO ETARIO Y SEXO - 70 a 74 años - Mujeres,RANGO ETARIO Y SEXO,70 a 74 años,Mujeres,,,"['RANGO ETARIO Y SEXO', '70 a 74 años', 'Mujeres']",38
P4,B,METAS DE COMPENSACIÓN,P4401014,Personas bajo control con antecedentes de Infarto agudo al miocardio (IAM) - En tratamiento con Estatina,COL28,AE,31,RANGO ETARIO Y SEXO - 75 a 79 años - Hombres,RANGO ETARIO Y SEXO,75 a 79 años,Hombres,,,"['RANGO ETARIO Y SEXO', '75 a 79 años', 'Hombres']",38
P4,B,METAS DE COMPENSACIÓN,P4401014,Personas bajo control con antecedentes de Infarto agudo al miocardio (IAM) - En tratamiento con Estatina,COL29,AF,32,RANGO ETARIO Y SEXO - 75 a 79 años - Mujeres,RANGO ETARIO Y SEXO,75 a 79 años,Mujeres,,,"['RANGO ETARIO Y SEXO', '75 a 79 años', 'Mujeres']",38
P4,B,METAS DE COMPENSACIÓN,P4401014,Personas bajo control con antecedentes de Infarto agudo al miocardio (IAM) - En tratamiento con Estatina,COL30,AG,33,RANGO ETARIO Y SEXO - 80 y más años - Hombres,RANGO ETARIO Y SEXO,80 y más años,Hombres,,,"['RANGO ETARIO Y SEXO', '80 y más años', 'Hombres']",38
P4,B,METAS DE COMPENSACIÓN,P4401014,Personas bajo control con antecedentes de Infarto agudo al miocardio (IAM) - En tratamiento con Estatina,COL31,AH,34,RANGO ETARIO Y SEXO - 80 y más años - Mujeres,RANGO ETARIO Y SEXO,80 y más años,Mujeres,,,"['RANGO ETARIO Y SEXO', '80 y más años', 'Mujeres']",38
P4,B,METAS DE COMPENSACIÓN,P4401014,Personas bajo control con antecedentes de Infarto agudo al miocardio (IAM) - En tratamiento con Estatina,COL32,AI,35,Pueblos Originarios - Hombres,Pueblos Originarios,Hombres,,,,"['Pueblos Originarios', 'Hombres']",38
P4,B,METAS DE COMPENSACIÓN,P4401014,Personas bajo control con antecedentes de Infarto agudo al miocardio (IAM) - En tratamiento con Estatina,COL33,AJ,36,Pueblos Originarios - Mujeres,Pueblos Originarios,Mujeres,,,,"['Pueblos Originarios', 'Mujeres']",38
P4,B,METAS DE COMPENSACIÓN,P4401014,Personas bajo control con antecedentes de Infarto agudo al miocardio (IAM) - En tratamiento con Estatina,COL34,AK,37,Migrantes - Hombres,Migrantes,Hombres,,,,"['Migrantes', 'Hombres']",38
P4,B,METAS DE COMPENSACIÓN,P4401014,Personas bajo control con antecedentes de Infarto agudo al miocardio (IAM) - En tratamiento con Estatina,COL35,AL,38,Migrantes - Mujeres,Migrantes,Mujeres,,,,"['Migrantes', 'Mujeres']",38
P4,B,METAS DE COMPENSACIÓN,P4401016,Personas bajo control con Antecedentes de Ataque Cerebrovascular (ACV) - En tratamiento con Antiagregantes plaquetarios,COL01,D,4,TOTAL - Ambos sexos,TOTAL,Ambos sexos,,,,"['TOTAL', 'Ambos sexos']",40
P4,B,METAS DE COMPENSACIÓN,P4401016,Personas bajo control con Antecedentes de Ataque Cerebrovascular (ACV) - En tratamiento con Antiagregantes plaquetarios,COL02,E,5,TOTAL - Hombres,TOTAL,Hombres,,,,"['TOTAL', 'Hombres']",40
P4,B,METAS DE COMPENSACIÓN,P4401016,Personas bajo control con Antecedentes de Ataque Cerebrovascular (ACV) - En tratamiento con Antiagregantes plaquetarios,COL03,F,6,TOTAL - Mujeres,TOTAL,Mujeres,,,,"['TOTAL', 'Mujeres']",40
P4,B,METAS DE COMPENSACIÓN,P4401016,Personas bajo control con Antecedentes de Ataque Cerebrovascular (ACV) - En tratamiento con Antiagregantes plaquetarios,COL04,G,7,RANGO ETARIO Y SEXO - 15 a 19 años - Hombres,RANGO ETARIO Y SEXO,15 a 19 años,Hombres,,,"['RANGO ETARIO Y SEXO', '15 a 19 años', 'Hombres']",40
P4,B,METAS DE COMPENSACIÓN,P4401016,Personas bajo control con Antecedentes de Ataque Cerebrovascular (ACV) - En tratamiento con Antiagregantes plaquetarios,COL05,H,8,RANGO ETARIO Y SEXO - 15 a 19 años - Mujeres,RANGO ETARIO Y SEXO,15 a 19 años,Mujeres,,,"['RANGO ETARIO Y SEXO', '15 a 19 años', 'Mujeres']",40
P4,B,METAS DE COMPENSACIÓN,P4401016,Personas bajo control con Antecedentes de Ataque Cerebrovascular (ACV) - En tratamiento con Antiagregantes plaquetarios,COL06,I,9,RANGO ETARIO Y SEXO - 20 a 24 años - Hombres,RANGO ETARIO Y SEXO,20 a 24 años,Hombres,,,"['RANGO ETARIO Y SEXO', '20 a 24 años', 'Hombres']",40
P4,B,METAS DE COMPENSACIÓN,P4401016,Personas bajo control con Antecedentes de Ataque Cerebrovascular (ACV) - En tratamiento con Antiagregantes plaquetarios,COL07,J,10,RANGO ETARIO Y SEXO - 20 a 24 años - Mujeres,RANGO ETARIO Y SEXO,20 a 24 años,Mujeres,,,"['RANGO ETARIO Y SEXO', '20 a 24 años', 'Mujeres']",40
P4,B,METAS DE COMPENSACIÓN,P4401016,Personas bajo control con Antecedentes de Ataque Cerebrovascular (ACV) - En tratamiento con Antiagregantes plaquetarios,COL08,K,11,RANGO ETARIO Y SEXO - 25 a 29 años - Hombres,RANGO ETARIO Y SEXO,25 a 29 años,Hombres,,,"['RANGO ETARIO Y SEXO', '25 a 29 años', 'Hombres']",40
P4,B,METAS DE COMPENSACIÓN,P4401016,Personas bajo control con Antecedentes de Ataque Cerebrovascular (ACV) - En tratamiento con Antiagregantes plaquetarios,COL09,L,12,RANGO ETARIO Y SEXO - 25 a 29 años - Mujeres,RANGO ETARIO Y SEXO,25 a 29 años,Mujeres,,,"['RANGO ETARIO Y SEXO', '25 a 29 años', 'Mujeres']",40
P4,B,METAS DE COMPENSACIÓN,P4401016,Personas bajo control con Antecedentes de Ataque Cerebrovascular (ACV) - En tratamiento con Antiagregantes plaquetarios,COL10,M,13,RANGO ETARIO Y SEXO - 30 a 34 años - Hombres,RANGO ETARIO Y SEXO,30 a 34 años,Hombres,,,"['RANGO ETARIO Y SEXO', '30 a 34 años', 'Hombres']",40
P4,B,METAS DE COMPENSACIÓN,P4401016,Personas bajo control con Antecedentes de Ataque Cerebrovascular (ACV) - En tratamiento con Antiagregantes plaquetarios,COL11,N,14,RANGO ETARIO Y SEXO - 30 a 34 años - Mujeres,RANGO ETARIO Y SEXO,30 a 34 años,Mujeres,,,"['RANGO ETARIO Y SEXO', '30 a 34 años', 'Mujeres']",40
P4,B,METAS DE COMPENSACIÓN,P4401016,Personas bajo control con Antecedentes de Ataque Cerebrovascular (ACV) - En tratamiento con Antiagregantes plaquetarios,COL12,O,15,RANGO ETARIO Y SEXO - 35 a 39 años - Hombres,RANGO ETARIO Y SEXO,35 a 39 años,Hombres,,,"['RANGO ETARIO Y SEXO', '35 a 39 años', 'Hombres']",40
P4,B,METAS DE COMPENSACIÓN,P4401016,Personas bajo control con Antecedentes de Ataque Cerebrovascular (ACV) - En tratamiento con Antiagregantes plaquetarios,COL13,P,16,RANGO ETARIO Y SEXO - 35 a 39 años - Mujeres,RANGO ETARIO Y SEXO,35 a 39 años,Mujeres,,,"['RANGO ETARIO Y SEXO', '35 a 39 años', 'Mujeres']",40
P4,B,METAS DE COMPENSACIÓN,P4401016,Personas bajo control con Antecedentes de Ataque Cerebrovascular (ACV) - En tratamiento con Antiagregantes plaquetarios,COL14,Q,17,RANGO ETARIO Y SEXO - 40 a 44 años - Hombres,RANGO ETARIO Y SEXO,40 a 44 años,Hombres,,,"['RANGO ETARIO Y SEXO', '40 a 44 años', 'Hombres']",40
P4,B,METAS DE COMPENSACIÓN,P4401016,Personas bajo control con Antecedentes de Ataque Cerebrovascular (ACV) - En tratamiento con Antiagregantes plaquetarios,COL15,R,18,RANGO ETARIO Y SEXO - 40 a 44 años - Mujeres,RANGO ETARIO Y SEXO,40 a 44 años,Mujeres,,,"['RANGO ETARIO Y SEXO', '40 a 44 años', 'Mujeres']",40
P4,B,METAS DE COMPENSACIÓN,P4401016,Personas bajo control con Antecedentes de Ataque Cerebrovascular (ACV) - En tratamiento con Antiagregantes plaquetarios,COL16,S,19,RANGO ETARIO Y SEXO - 45 a 49 años - Hombres,RANGO ETARIO Y SEXO,45 a 49 años,Hombres,,,"['RANGO ETARIO Y SEXO', '45 a 49 años', 'Hombres']",40
P4,B,METAS DE COMPENSACIÓN,P4401016,Personas bajo control con Antecedentes de Ataque Cerebrovascular (ACV) - En tratamiento con Antiagregantes plaquetarios,COL17,T,20,RANGO ETARIO Y SEXO - 45 a 49 años - Mujeres,RANGO ETARIO Y SEXO,45 a 49 años,Mujeres,,,"['RANGO ETARIO Y SEXO', '45 a 49 años', 'Mujeres']",40
P4,B,METAS DE COMPENSACIÓN,P4401016,Personas bajo control con Antecedentes de Ataque Cerebrovascular (ACV) - En tratamiento con Antiagregantes plaquetarios,COL18,U,21,RANGO ETARIO Y SEXO - 50 a 54 años - Hombres,RANGO ETARIO Y SEXO,50 a 54 años,Hombres,,,"['RANGO ETARIO Y SEXO', '50 a 54 años', 'Hombres']",40
P4,B,METAS DE COMPENSACIÓN,P4401016,Personas bajo control con Antecedentes de Ataque Cerebrovascular (ACV) - En tratamiento con Antiagregantes plaquetarios,COL19,V,22,RANGO ETARIO Y SEXO - 50 a 54 años - Mujeres,RANGO ETARIO Y SEXO,50 a 54 años,Mujeres,,,"['RANGO ETARIO Y SEXO', '50 a 54 años', 'Mujeres']",40
P4,B,METAS DE COMPENSACIÓN,P4401016,Personas bajo control con Antecedentes de Ataque Cerebrovascular (ACV) - En tratamiento con Antiagregantes plaquetarios,COL20,W,23,RANGO ETARIO Y SEXO - 55 a 59 años - Hombres,RANGO ETARIO Y SEXO,55 a 59 años,Hombres,,,"['RANGO ETARIO Y SEXO', '55 a 59 años', 'Hombres']",40
P4,B,METAS DE COMPENSACIÓN,P4401016,Personas bajo control con Antecedentes de Ataque Cerebrovascular (ACV) - En tratamiento con Antiagregantes plaquetarios,COL21,X,24,RANGO ETARIO Y SEXO - 55 a 59 años - Mujeres,RANGO ETARIO Y SEXO,55 a 59 años,Mujeres,,,"['RANGO ETARIO Y SEXO', '55 a 59 años', 'Mujeres']",40
P4,B,METAS DE COMPENSACIÓN,P4401016,Personas bajo control con Antecedentes de Ataque Cerebrovascular (ACV) - En tratamiento con Antiagregantes plaquetarios,COL22,Y,25,RANGO ETARIO Y SEXO - 60 a 64 años - Hombres,RANGO ETARIO Y SEXO,60 a 64 años,Hombres,,,"['RANGO ETARIO Y SEXO', '60 a 64 años', 'Hombres']",40
P4,B,METAS DE COMPENSACIÓN,P4401016,Personas bajo control con Antecedentes de Ataque Cerebrovascular (ACV) - En tratamiento con Antiagregantes plaquetarios,COL23,Z,26,RANGO ETARIO Y SEXO - 60 a 64 años - Mujeres,RANGO ETARIO Y SEXO,60 a 64 años,Mujeres,,,"['RANGO ETARIO Y SEXO', '60 a 64 años', 'Mujeres']",40
P4,B,METAS DE COMPENSACIÓN,P4401016,Personas bajo control con Antecedentes de Ataque Cerebrovascular (ACV) - En tratamiento con Antiagregantes plaquetarios,COL24,AA,27,RANGO ETARIO Y SEXO - 65 a 69 años - Hombres,RANGO ETARIO Y SEXO,65 a 69 años,Hombres,,,"['RANGO ETARIO Y SEXO', '65 a 69 años', 'Hombres']",40
P4,B,METAS DE COMPENSACIÓN,P4401016,Personas bajo control con Antecedentes de Ataque Cerebrovascular (ACV) - En tratamiento con Antiagregantes plaquetarios,COL25,AB,28,RANGO ETARIO Y SEXO - 65 a 69 años - Mujeres,RANGO ETARIO Y SEXO,65 a 69 años,Mujeres,,,"['RANGO ETARIO Y SEXO', '65 a 69 años', 'Mujeres']",40
P4,B,METAS DE COMPENSACIÓN,P4401016,Personas bajo control con Antecedentes de Ataque Cerebrovascular (ACV) - En tratamiento con Antiagregantes plaquetarios,COL26,AC,29,RANGO ETARIO Y SEXO - 70 a 74 años - Hombres,RANGO ETARIO Y SEXO,70 a 74 años,Hombres,,,"['RANGO ETARIO Y SEXO', '70 a 74 años', 'Hombres']",40
P4,B,METAS DE COMPENSACIÓN,P4401016,Personas bajo control con Antecedentes de Ataque Cerebrovascular (ACV) - En tratamiento con Antiagregantes plaquetarios,COL27,AD,30,RANGO ETARIO Y SEXO - 70 a 74 años - Mujeres,RANGO ETARIO Y SEXO,70 a 74 años,Mujeres,,,"['RANGO ETARIO Y SEXO', '70 a 74 años', 'Mujeres']",40
P4,B,METAS DE COMPENSACIÓN,P4401016,Personas bajo control con Antecedentes de Ataque Cerebrovascular (ACV) - En tratamiento con Antiagregantes plaquetarios,COL28,AE,31,RANGO ETARIO Y SEXO - 75 a 79 años - Hombres,RANGO ETARIO Y SEXO,75 a 79 años,Hombres,,,"['RANGO ETARIO Y SEXO', '75 a 79 años', 'Hombres']",40
P4,B,METAS DE COMPENSACIÓN,P4401016,Personas bajo control con Antecedentes de Ataque Cerebrovascular (ACV) - En tratamiento con Antiagregantes plaquetarios,COL29,AF,32,RANGO ETARIO Y SEXO - 75 a 79 años - Mujeres,RANGO ETARIO Y SEXO,75 a 79 años,Mujeres,,,"['RANGO ETARIO Y SEXO', '75 a 79 años', 'Mujeres']",40
P4,B,METAS DE COMPENSACIÓN,P4401016,Personas bajo control con Antecedentes de Ataque Cerebrovascular (ACV) - En tratamiento con Antiagregantes plaquetarios,COL30,AG,33,RANGO ETARIO Y SEXO - 80 y más años - Hombres,RANGO ETARIO Y SEXO,80 y más años,Hombres,,,"['RANGO ETARIO Y SEXO', '80 y más años', 'Hombres']",40
P4,B,METAS DE COMPENSACIÓN,P4401016,Personas bajo control con Antecedentes de Ataque Cerebrovascular (ACV) - En tratamiento con Antiagregantes plaquetarios,COL31,AH,34,RANGO ETARIO Y SEXO - 80 y más años - Mujeres,RANGO ETARIO Y SEXO,80 y más años,Mujeres,,,"['RANGO ETARIO Y SEXO', '80 y más años', 'Mujeres']",40
P4,B,METAS DE COMPENSACIÓN,P4401016,Personas bajo control con Antecedentes de Ataque Cerebrovascular (ACV) - En tratamiento con Antiagregantes plaquetarios,COL32,AI,35,Pueblos Originarios - Hombres,Pueblos Originarios,Hombres,,,,"['Pueblos Originarios', 'Hombres']",40
P4,B,METAS DE COMPENSACIÓN,P4401016,Personas bajo control con Antecedentes de Ataque Cerebrovascular (ACV) - En tratamiento con Antiagregantes plaquetarios,COL33,AJ,36,Pueblos Originarios - Mujeres,Pueblos Originarios,Mujeres,,,,"['Pueblos Originarios', 'Mujeres']",40
P4,B,METAS DE COMPENSACIÓN,P4401016,Personas bajo control con Antecedentes de Ataque Cerebrovascular (ACV) - En tratamiento con Antiagregantes plaquetarios,COL34,AK,37,Migrantes - Hombres,Migrantes,Hombres,,,,"['Migrantes', 'Hombres']",40
P4,B,METAS DE COMPENSACIÓN,P4401016,Personas bajo control con Antecedentes de Ataque Cerebrovascular (ACV) - En tratamiento con Antiagregantes plaquetarios,COL35,AL,38,Migrantes - Mujeres,Migrantes,Mujeres,,,,"['Migrantes', 'Mujeres']",40
P4,B,METAS DE COMPENSACIÓN,P4401017,Personas bajo control con Antecedentes de Ataque Cerebrovascular (ACV) - En tratamiento con Estatina,COL01,D,4,TOTAL - Ambos sexos,TOTAL,Ambos sexos,,,,"['TOTAL', 'Ambos sexos']",41
P4,B,METAS DE COMPENSACIÓN,P4401017,Personas bajo control con Antecedentes de Ataque Cerebrovascular (ACV) - En tratamiento con Estatina,COL02,E,5,TOTAL - Hombres,TOTAL,Hombres,,,,"['TOTAL', 'Hombres']",41
P4,B,METAS DE COMPENSACIÓN,P4401017,Personas bajo control con Antecedentes de Ataque Cerebrovascular (ACV) - En tratamiento con Estatina,COL03,F,6,TOTAL - Mujeres,TOTAL,Mujeres,,,,"['TOTAL', 'Mujeres']",41
P4,B,METAS DE COMPENSACIÓN,P4401017,Personas bajo control con Antecedentes de Ataque Cerebrovascular (ACV) - En tratamiento con Estatina,COL04,G,7,RANGO ETARIO Y SEXO - 15 a 19 años - Hombres,RANGO ETARIO Y SEXO,15 a 19 años,Hombres,,,"['RANGO ETARIO Y SEXO', '15 a 19 años', 'Hombres']",41
P4,B,METAS DE COMPENSACIÓN,P4401017,Personas bajo control con Antecedentes de Ataque Cerebrovascular (ACV) - En tratamiento con Estatina,COL05,H,8,RANGO ETARIO Y SEXO - 15 a 19 años - Mujeres,RANGO ETARIO Y SEXO,15 a 19 años,Mujeres,,,"['RANGO ETARIO Y SEXO', '15 a 19 años', 'Mujeres']",41
P4,B,METAS DE COMPENSACIÓN,P4401017,Personas bajo control con Antecedentes de Ataque Cerebrovascular (ACV) - En tratamiento con Estatina,COL06,I,9,RANGO ETARIO Y SEXO - 20 a 24 años - Hombres,RANGO ETARIO Y SEXO,20 a 24 años,Hombres,,,"['RANGO ETARIO Y SEXO', '20 a 24 años', 'Hombres']",41
P4,B,METAS DE COMPENSACIÓN,P4401017,Personas bajo control con Antecedentes de Ataque Cerebrovascular (ACV) - En tratamiento con Estatina,COL07,J,10,RANGO ETARIO Y SEXO - 20 a 24 años - Mujeres,RANGO ETARIO Y SEXO,20 a 24 años,Mujeres,,,"['RANGO ETARIO Y SEXO', '20 a 24 años', 'Mujeres']",41
P4,B,METAS DE COMPENSACIÓN,P4401017,Personas bajo control con Antecedentes de Ataque Cerebrovascular (ACV) - En tratamiento con Estatina,COL08,K,11,RANGO ETARIO Y SEXO - 25 a 29 años - Hombres,RANGO ETARIO Y SEXO,25 a 29 años,Hombres,,,"['RANGO ETARIO Y SEXO', '25 a 29 años', 'Hombres']",41
P4,B,METAS DE COMPENSACIÓN,P4401017,Personas bajo control con Antecedentes de Ataque Cerebrovascular (ACV) - En tratamiento con Estatina,COL09,L,12,RANGO ETARIO Y SEXO - 25 a 29 años - Mujeres,RANGO ETARIO Y SEXO,25 a 29 años,Mujeres,,,"['RANGO ETARIO Y SEXO', '25 a 29 años', 'Mujeres']",41
P4,B,METAS DE COMPENSACIÓN,P4401017,Personas bajo control con Antecedentes de Ataque Cerebrovascular (ACV) - En tratamiento con Estatina,COL10,M,13,RANGO ETARIO Y SEXO - 30 a 34 años - Hombres,RANGO ETARIO Y SEXO,30 a 34 años,Hombres,,,"['RANGO ETARIO Y SEXO', '30 a 34 años', 'Hombres']",41
P4,B,METAS DE COMPENSACIÓN,P4401017,Personas bajo control con Antecedentes de Ataque Cerebrovascular (ACV) - En tratamiento con Estatina,COL11,N,14,RANGO ETARIO Y SEXO - 30 a 34 años - Mujeres,RANGO ETARIO Y SEXO,30 a 34 años,Mujeres,,,"['RANGO ETARIO Y SEXO', '30 a 34 años', 'Mujeres']",41
P4,B,METAS DE COMPENSACIÓN,P4401017,Personas bajo control con Antecedentes de Ataque Cerebrovascular (ACV) - En tratamiento con Estatina,COL12,O,15,RANGO ETARIO Y SEXO - 35 a 39 años - Hombres,RANGO ETARIO Y SEXO,35 a 39 años,Hombres,,,"['RANGO ETARIO Y SEXO', '35 a 39 años', 'Hombres']",41
P4,B,METAS DE COMPENSACIÓN,P4401017,Personas bajo control con Antecedentes de Ataque Cerebrovascular (ACV) - En tratamiento con Estatina,COL13,P,16,RANGO ETARIO Y SEXO - 35 a 39 años - Mujeres,RANGO ETARIO Y SEXO,35 a 39 años,Mujeres,,,"['RANGO ETARIO Y SEXO', '35 a 39 años', 'Mujeres']",41
P4,B,METAS DE COMPENSACIÓN,P4401017,Personas bajo control con Antecedentes de Ataque Cerebrovascular (ACV) - En tratamiento con Estatina,COL14,Q,17,RANGO ETARIO Y SEXO - 40 a 44 años - Hombres,RANGO ETARIO Y SEXO,40 a 44 años,Hombres,,,"['RANGO ETARIO Y SEXO', '40 a 44 años', 'Hombres']",41
P4,B,METAS DE COMPENSACIÓN,P4401017,Personas bajo control con Antecedentes de Ataque Cerebrovascular (ACV) - En tratamiento con Estatina,COL15,R,18,RANGO ETARIO Y SEXO - 40 a 44 años - Mujeres,RANGO ETARIO Y SEXO,40 a 44 años,Mujeres,,,"['RANGO ETARIO Y SEXO', '40 a 44 años', 'Mujeres']",41
P4,B,METAS DE COMPENSACIÓN,P4401017,Personas bajo control con Antecedentes de Ataque Cerebrovascular (ACV) - En tratamiento con Estatina,COL16,S,19,RANGO ETARIO Y SEXO - 45 a 49 años - Hombres,RANGO ETARIO Y SEXO,45 a 49 años,Hombres,,,"['RANGO ETARIO Y SEXO', '45 a 49 años', 'Hombres']",41
P4,B,METAS DE COMPENSACIÓN,P4401017,Personas bajo control con Antecedentes de Ataque Cerebrovascular (ACV) - En tratamiento con Estatina,COL17,T,20,RANGO ETARIO Y SEXO - 45 a 49 años - Mujeres,RANGO ETARIO Y SEXO,45 a 49 años,Mujeres,,,"['RANGO ETARIO Y SEXO', '45 a 49 años', 'Mujeres']",41
P4,B,METAS DE COMPENSACIÓN,P4401017,Personas bajo control con Antecedentes de Ataque Cerebrovascular (ACV) - En tratamiento con Estatina,COL18,U,21,RANGO ETARIO Y SEXO - 50 a 54 años - Hombres,RANGO ETARIO Y SEXO,50 a 54 años,Hombres,,,"['RANGO ETARIO Y SEXO', '50 a 54 años', 'Hombres']",41
P4,B,METAS DE COMPENSACIÓN,P4401017,Personas bajo control con Antecedentes de Ataque Cerebrovascular (ACV) - En tratamiento con Estatina,COL19,V,22,RANGO ETARIO Y SEXO - 50 a 54 años - Mujeres,RANGO ETARIO Y SEXO,50 a 54 años,Mujeres,,,"['RANGO ETARIO Y SEXO', '50 a 54 años', 'Mujeres']",41
P4,B,METAS DE COMPENSACIÓN,P4401017,Personas bajo control con Antecedentes de Ataque Cerebrovascular (ACV) - En tratamiento con Estatina,COL20,W,23,RANGO ETARIO Y SEXO - 55 a 59 años - Hombres,RANGO ETARIO Y SEXO,55 a 59 años,Hombres,,,"['RANGO ETARIO Y SEXO', '55 a 59 años', 'Hombres']",41
P4,B,METAS DE COMPENSACIÓN,P4401017,Personas bajo control con Antecedentes de Ataque Cerebrovascular (ACV) - En tratamiento con Estatina,COL21,X,24,RANGO ETARIO Y SEXO - 55 a 59 años - Mujeres,RANGO ETARIO Y SEXO,55 a 59 años,Mujeres,,,"['RANGO ETARIO Y SEXO', '55 a 59 años', 'Mujeres']",41
P4,B,METAS DE COMPENSACIÓN,P4401017,Personas bajo control con Antecedentes de Ataque Cerebrovascular (ACV) - En tratamiento con Estatina,COL22,Y,25,RANGO ETARIO Y SEXO - 60 a 64 años - Hombres,RANGO ETARIO Y SEXO,60 a 64 años,Hombres,,,"['RANGO ETARIO Y SEXO', '60 a 64 años', 'Hombres']",41
P4,B,METAS DE COMPENSACIÓN,P4401017,Personas bajo control con Antecedentes de Ataque Cerebrovascular (ACV) - En tratamiento con Estatina,COL23,Z,26,RANGO ETARIO Y SEXO - 60 a 64 años - Mujeres,RANGO ETARIO Y SEXO,60 a 64 años,Mujeres,,,"['RANGO ETARIO Y SEXO', '60 a 64 años', 'Mujeres']",41
P4,B,METAS DE COMPENSACIÓN,P4401017,Personas bajo control con Antecedentes de Ataque Cerebrovascular (ACV) - En tratamiento con Estatina,COL24,AA,27,RANGO ETARIO Y SEXO - 65 a 69 años - Hombres,RANGO ETARIO Y SEXO,65 a 69 años,Hombres,,,"['RANGO ETARIO Y SEXO', '65 a 69 años', 'Hombres']",41
P4,B,METAS DE COMPENSACIÓN,P4401017,Personas bajo control con Antecedentes de Ataque Cerebrovascular (ACV) - En tratamiento con Estatina,COL25,AB,28,RANGO ETARIO Y SEXO - 65 a 69 años - Mujeres,RANGO ETARIO Y SEXO,65 a 69 años,Mujeres,,,"['RANGO ETARIO Y SEXO', '65 a 69 años', 'Mujeres']",41
P4,B,METAS DE COMPENSACIÓN,P4401017,Personas bajo control con Antecedentes de Ataque Cerebrovascular (ACV) - En tratamiento con Estatina,COL26,AC,29,RANGO ETARIO Y SEXO - 70 a 74 años - Hombres,RANGO ETARIO Y SEXO,70 a 74 años,Hombres,,,"['RANGO ETARIO Y SEXO', '70 a 74 años', 'Hombres']",41
P4,B,METAS DE COMPENSACIÓN,P4401017,Personas bajo control con Antecedentes de Ataque Cerebrovascular (ACV) - En tratamiento con Estatina,COL27,AD,30,RANGO ETARIO Y SEXO - 70 a 74 años - Mujeres,RANGO ETARIO Y SEXO,70 a 74 años,Mujeres,,,"['RANGO ETARIO Y SEXO', '70 a 74 años', 'Mujeres']",41
P4,B,METAS DE COMPENSACIÓN,P4401017,Personas bajo control con Antecedentes de Ataque Cerebrovascular (ACV) - En tratamiento con Estatina,COL28,AE,31,RANGO ETARIO Y SEXO - 75 a 79 años - Hombres,RANGO ETARIO Y SEXO,75 a 79 años,Hombres,,,"['RANGO ETARIO Y SEXO', '75 a 79 años', 'Hombres']",41
P4,B,METAS DE COMPENSACIÓN,P4401017,Personas bajo control con Antecedentes de Ataque Cerebrovascular (ACV) - En tratamiento con Estatina,COL29,AF,32,RANGO ETARIO Y SEXO - 75 a 79 años - Mujeres,RANGO ETARIO Y SEXO,75 a 79 años,Mujeres,,,"['RANGO ETARIO Y SEXO', '75 a 79 años', 'Mujeres']",41
P4,B,METAS DE COMPENSACIÓN,P4401017,Personas bajo control con Antecedentes de Ataque Cerebrovascular (ACV) - En tratamiento con Estatina,COL30,AG,33,RANGO ETARIO Y SEXO - 80 y más años - Hombres,RANGO ETARIO Y SEXO,80 y más años,Hombres,,,"['RANGO ETARIO Y SEXO', '80 y más años', 'Hombres']",41
P4,B,METAS DE COMPENSACIÓN,P4401017,Personas bajo control con Antecedentes de Ataque Cerebrovascular (ACV) - En tratamiento con Estatina,COL31,AH,34,RANGO ETARIO Y SEXO - 80 y más años - Mujeres,RANGO ETARIO Y SEXO,80 y más años,Mujeres,,,"['RANGO ETARIO Y SEXO', '80 y más años', 'Mujeres']",41
P4,B,METAS DE COMPENSACIÓN,P4401017,Personas bajo control con Antecedentes de Ataque Cerebrovascular (ACV) - En tratamiento con Estatina,COL32,AI,35,Pueblos Originarios - Hombres,Pueblos Originarios,Hombres,,,,"['Pueblos Originarios', 'Hombres']",41
P4,B,METAS DE COMPENSACIÓN,P4401017,Personas bajo control con Antecedentes de Ataque Cerebrovascular (ACV) - En tratamiento con Estatina,COL33,AJ,36,Pueblos Originarios - Mujeres,Pueblos Originarios,Mujeres,,,,"['Pueblos Originarios', 'Mujeres']",41
P4,B,METAS DE COMPENSACIÓN,P4401017,Personas bajo control con Antecedentes de Ataque Cerebrovascular (ACV) - En tratamiento con Estatina,COL34,AK,37,Migrantes - Hombres,Migrantes,Hombres,,,,"['Migrantes', 'Hombres']",41
P4,B,METAS DE COMPENSACIÓN,P4401017,Personas bajo control con Antecedentes de Ataque Cerebrovascular (ACV) - En tratamiento con Estatina,COL35,AL,38,Migrantes - Mujeres,Migrantes,Mujeres,,,,"['Migrantes', 'Mujeres']",41
P4,C,VARIABLES DE SEGUIMIENTO DEL PSCV AL CORTE,P4301040,Con velocidad de filtración glomerular estimada (VFGE) y con razón albúmina creatinina (RAC) vigente,COL01,D,4,TOTAL - Ambos sexos,TOTAL,Ambos sexos,,,,"['TOTAL', 'Ambos sexos']",50
P4,C,VARIABLES DE SEGUIMIENTO DEL PSCV AL CORTE,P4301040,Con velocidad de filtración glomerular estimada (VFGE) y con razón albúmina creatinina (RAC) vigente,COL02,E,5,TOTAL - Hombres,TOTAL,Hombres,,,,"['TOTAL', 'Hombres']",50
P4,C,VARIABLES DE SEGUIMIENTO DEL PSCV AL CORTE,P4301040,Con velocidad de filtración glomerular estimada (VFGE) y con razón albúmina creatinina (RAC) vigente,COL03,F,6,TOTAL - Mujeres,TOTAL,Mujeres,,,,"['TOTAL', 'Mujeres']",50
P4,C,VARIABLES DE SEGUIMIENTO DEL PSCV AL CORTE,P4301040,Con velocidad de filtración glomerular estimada (VFGE) y con razón albúmina creatinina (RAC) vigente,COL04,G,7,RANGO ETARIO Y SEXO - 15 a 19 años - Hombres,RANGO ETARIO Y SEXO,15 a 19 años,Hombres,,,"['RANGO ETARIO Y SEXO', '15 a 19 años', 'Hombres']",50
P4,C,VARIABLES DE SEGUIMIENTO DEL PSCV AL CORTE,P4301040,Con velocidad de filtración glomerular estimada (VFGE) y con razón albúmina creatinina (RAC) vigente,COL05,H,8,RANGO ETARIO Y SEXO - 15 a 19 años - Mujeres,RANGO ETARIO Y SEXO,15 a 19 años,Mujeres,,,"['RANGO ETARIO Y SEXO', '15 a 19 años', 'Mujeres']",50
P4,C,VARIABLES DE SEGUIMIENTO DEL PSCV AL CORTE,P4301040,Con velocidad de filtración glomerular estimada (VFGE) y con razón albúmina creatinina (RAC) vigente,COL06,I,9,RANGO ETARIO Y SEXO - 20 a 24 años - Hombres,RANGO ETARIO Y SEXO,20 a 24 años,Hombres,,,"['RANGO ETARIO Y SEXO', '20 a 24 años', 'Hombres']",50
P4,C,VARIABLES DE SEGUIMIENTO DEL PSCV AL CORTE,P4301040,Con velocidad de filtración glomerular estimada (VFGE) y con razón albúmina creatinina (RAC) vigente,COL07,J,10,RANGO ETARIO Y SEXO - 20 a 24 años - Mujeres,RANGO ETARIO Y SEXO,20 a 24 años,Mujeres,,,"['RANGO ETARIO Y SEXO', '20 a 24 años', 'Mujeres']",50
P4,C,VARIABLES DE SEGUIMIENTO DEL PSCV AL CORTE,P4301040,Con velocidad de filtración glomerular estimada (VFGE) y con razón albúmina creatinina (RAC) vigente,COL08,K,11,RANGO ETARIO Y SEXO - 25 a 29 años - Hombres,RANGO ETARIO Y SEXO,25 a 29 años,Hombres,,,"['RANGO ETARIO Y SEXO', '25 a 29 años', 'Hombres']",50
P4,C,VARIABLES DE SEGUIMIENTO DEL PSCV AL CORTE,P4301040,Con velocidad de filtración glomerular estimada (VFGE) y con razón albúmina creatinina (RAC) vigente,COL09,L,12,RANGO ETARIO Y SEXO - 25 a 29 años - Mujeres,RANGO ETARIO Y SEXO,25 a 29 años,Mujeres,,,"['RANGO ETARIO Y SEXO', '25 a 29 años', 'Mujeres']",50
P4,C,VARIABLES DE SEGUIMIENTO DEL PSCV AL CORTE,P4301040,Con velocidad de filtración glomerular estimada (VFGE) y con razón albúmina creatinina (RAC) vigente,COL10,M,13,RANGO ETARIO Y SEXO - 30 a 34 años - Hombres,RANGO ETARIO Y SEXO,30 a 34 años,Hombres,,,"['RANGO ETARIO Y SEXO', '30 a 34 años', 'Hombres']",50
P4,C,VARIABLES DE SEGUIMIENTO DEL PSCV AL CORTE,P4301040,Con velocidad de filtración glomerular estimada (VFGE) y con razón albúmina creatinina (RAC) vigente,COL11,N,14,RANGO ETARIO Y SEXO - 30 a 34 años - Mujeres,RANGO ETARIO Y SEXO,30 a 34 años,Mujeres,,,"['RANGO ETARIO Y SEXO', '30 a 34 años', 'Mujeres']",50
P4,C,VARIABLES DE SEGUIMIENTO DEL PSCV AL CORTE,P4301040,Con velocidad de filtración glomerular estimada (VFGE) y con razón albúmina creatinina (RAC) vigente,COL12,O,15,RANGO ETARIO Y SEXO - 35 a 39 años - Hombres,RANGO ETARIO Y SEXO,35 a 39 años,Hombres,,,"['RANGO ETARIO Y SEXO', '35 a 39 años', 'Hombres']",50
P4,C,VARIABLES DE SEGUIMIENTO DEL PSCV AL CORTE,P4301040,Con velocidad de filtración glomerular estimada (VFGE) y con razón albúmina creatinina (RAC) vigente,COL13,P,16,RANGO ETARIO Y SEXO - 35 a 39 años - Mujeres,RANGO ETARIO Y SEXO,35 a 39 años,Mujeres,,,"['RANGO ETARIO Y SEXO', '35 a 39 años', 'Mujeres']",50
P4,C,VARIABLES DE SEGUIMIENTO DEL PSCV AL CORTE,P4301040,Con velocidad de filtración glomerular estimada (VFGE) y con razón albúmina creatinina (RAC) vigente,COL14,Q,17,RANGO ETARIO Y SEXO - 40 a 44 años - Hombres,RANGO ETARIO Y SEXO,40 a 44 años,Hombres,,,"['RANGO ETARIO Y SEXO', '40 a 44 años', 'Hombres']",50
P4,C,VARIABLES DE SEGUIMIENTO DEL PSCV AL CORTE,P4301040,Con velocidad de filtración glomerular estimada (VFGE) y con razón albúmina creatinina (RAC) vigente,COL15,R,18,RANGO ETARIO Y SEXO - 40 a 44 años - Mujeres,RANGO ETARIO Y SEXO,40 a 44 años,Mujeres,,,"['RANGO ETARIO Y SEXO', '40 a 44 años', 'Mujeres']",50
P4,C,VARIABLES DE SEGUIMIENTO DEL PSCV AL CORTE,P4301040,Con velocidad de filtración glomerular estimada (VFGE) y con razón albúmina creatinina (RAC) vigente,COL16,S,19,RANGO ETARIO Y SEXO - 45 a 49 años - Hombres,RANGO ETARIO Y SEXO,45 a 49 años,Hombres,,,"['RANGO ETARIO Y SEXO', '45 a 49 años', 'Hombres']",50
P4,C,VARIABLES DE SEGUIMIENTO DEL PSCV AL CORTE,P4301040,Con velocidad de filtración glomerular estimada (VFGE) y con razón albúmina creatinina (RAC) vigente,COL17,T,20,RANGO ETARIO Y SEXO - 45 a 49 años - Mujeres,RANGO ETARIO Y SEXO,45 a 49 años,Mujeres,,,"['RANGO ETARIO Y SEXO', '45 a 49 años', 'Mujeres']",50
P4,C,VARIABLES DE SEGUIMIENTO DEL PSCV AL CORTE,P4301040,Con velocidad de filtración glomerular estimada (VFGE) y con razón albúmina creatinina (RAC) vigente,COL18,U,21,RANGO ETARIO Y SEXO - 50 a 54 años - Hombres,RANGO ETARIO Y SEXO,50 a 54 años,Hombres,,,"['RANGO ETARIO Y SEXO', '50 a 54 años', 'Hombres']",50
P4,C,VARIABLES DE SEGUIMIENTO DEL PSCV AL CORTE,P4301040,Con velocidad de filtración glomerular estimada (VFGE) y con razón albúmina creatinina (RAC) vigente,COL19,V,22,RANGO ETARIO Y SEXO - 50 a 54 años - Mujeres,RANGO ETARIO Y SEXO,50 a 54 años,Mujeres,,,"['RANGO ETARIO Y SEXO', '50 a 54 años', 'Mujeres']",50
P4,C,VARIABLES DE SEGUIMIENTO DEL PSCV AL CORTE,P4301040,Con velocidad de filtración glomerular estimada (VFGE) y con razón albúmina creatinina (RAC) vigente,COL20,W,23,RANGO ETARIO Y SEXO - 55 a 59 años - Hombres,RANGO ETARIO Y SEXO,55 a 59 años,Hombres,,,"['RANGO ETARIO Y SEXO', '55 a 59 años', 'Hombres']",50
P4,C,VARIABLES DE SEGUIMIENTO DEL PSCV AL CORTE,P4301040,Con velocidad de filtración glomerular estimada (VFGE) y con razón albúmina creatinina (RAC) vigente,COL21,X,24,RANGO ETARIO Y SEXO - 55 a 59 años - Mujeres,RANGO ETARIO Y SEXO,55 a 59 años,Mujeres,,,"['RANGO ETARIO Y SEXO', '55 a 59 años', 'Mujeres']",50
P4,C,VARIABLES DE SEGUIMIENTO DEL PSCV AL CORTE,P4301040,Con velocidad de filtración glomerular estimada (VFGE) y con razón albúmina creatinina (RAC) vigente,COL22,Y,25,RANGO ETARIO Y SEXO - 60 a 64 años - Hombres,RANGO ETARIO Y SEXO,60 a 64 años,Hombres,,,"['RANGO ETARIO Y SEXO', '60 a 64 años', 'Hombres']",50
P4,C,VARIABLES DE SEGUIMIENTO DEL PSCV AL CORTE,P4301040,Con velocidad de filtración glomerular estimada (VFGE) y con razón albúmina creatinina (RAC) vigente,COL23,Z,26,RANGO ETARIO Y SEXO - 60 a 64 años - Mujeres,RANGO ETARIO Y SEXO,60 a 64 años,Mujeres,,,"['RANGO ETARIO Y SEXO', '60 a 64 años', 'Mujeres']",50
P4,C,VARIABLES DE SEGUIMIENTO DEL PSCV AL CORTE,P4301040,Con velocidad de filtración glomerular estimada (VFGE) y con razón albúmina creatinina (RAC) vigente,COL24,AA,27,RANGO ETARIO Y SEXO - 65 a 69 años - Hombres,RANGO ETARIO Y SEXO,65 a 69 años,Hombres,,,"['RANGO ETARIO Y SEXO', '65 a 69 años', 'Hombres']",50
P4,C,VARIABLES DE SEGUIMIENTO DEL PSCV AL CORTE,P4301040,Con velocidad de filtración glomerular estimada (VFGE) y con razón albúmina creatinina (RAC) vigente,COL25,AB,28,RANGO ETARIO Y SEXO - 65 a 69 años - Mujeres,RANGO ETARIO Y SEXO,65 a 69 años,Mujeres,,,"['RANGO ETARIO Y SEXO', '65 a 69 años', 'Mujeres']",50
P4,C,VARIABLES DE SEGUIMIENTO DEL PSCV AL CORTE,P4301040,Con velocidad de filtración glomerular estimada (VFGE) y con razón albúmina creatinina (RAC) vigente,COL26,AC,29,RANGO ETARIO Y SEXO - 70 a 74 años - Hombres,RANGO ETARIO Y SEXO,70 a 74 años,Hombres,,,"['RANGO ETARIO Y SEXO', '70 a 74 años', 'Hombres']",50
P4,C,VARIABLES DE SEGUIMIENTO DEL PSCV AL CORTE,P4301040,Con velocidad de filtración glomerular estimada (VFGE) y con razón albúmina creatinina (RAC) vigente,COL27,AD,30,RANGO ETARIO Y SEXO - 70 a 74 años - Mujeres,RANGO ETARIO Y SEXO,70 a 74 años,Mujeres,,,"['RANGO ETARIO Y SEXO', '70 a 74 años', 'Mujeres']",50
P4,C,VARIABLES DE SEGUIMIENTO DEL PSCV AL CORTE,P4301040,Con velocidad de filtración glomerular estimada (VFGE) y con razón albúmina creatinina (RAC) vigente,COL28,AE,31,RANGO ETARIO Y SEXO - 75 a 79 años - Hombres,RANGO ETARIO Y SEXO,75 a 79 años,Hombres,,,"['RANGO ETARIO Y SEXO', '75 a 79 años', 'Hombres']",50
P4,C,VARIABLES DE SEGUIMIENTO DEL PSCV AL CORTE,P4301040,Con velocidad de filtración glomerular estimada (VFGE) y con razón albúmina creatinina (RAC) vigente,COL29,AF,32,RANGO ETARIO Y SEXO - 75 a 79 años - Mujeres,RANGO ETARIO Y SEXO,75 a 79 años,Mujeres,,,"['RANGO ETARIO Y SEXO', '75 a 79 años', 'Mujeres']",50
P4,C,VARIABLES DE SEGUIMIENTO DEL PSCV AL CORTE,P4301040,Con velocidad de filtración glomerular estimada (VFGE) y con razón albúmina creatinina (RAC) vigente,COL30,AG,33,RANGO ETARIO Y SEXO - 80 y más años - Hombres,RANGO ETARIO Y SEXO,80 y más años,Hombres,,,"['RANGO ETARIO Y SEXO', '80 y más años', 'Hombres']",50
P4,C,VARIABLES DE SEGUIMIENTO DEL PSCV AL CORTE,P4301040,Con velocidad de filtración glomerular estimada (VFGE) y con razón albúmina creatinina (RAC) vigente,COL31,AH,34,RANGO ETARIO Y SEXO - 80 y más años - Mujeres,RANGO ETARIO Y SEXO,80 y más años,Mujeres,,,"['RANGO ETARIO Y SEXO', '80 y más años', 'Mujeres']",50
P4,C,VARIABLES DE SEGUIMIENTO DEL PSCV AL CORTE,P4301040,Con velocidad de filtración glomerular estimada (VFGE) y con razón albúmina creatinina (RAC) vigente,COL32,AI,35,Pueblos Originarios - Hombres,Pueblos Originarios,Hombres,,,,"['Pueblos Originarios', 'Hombres']",50
P4,C,VARIABLES DE SEGUIMIENTO DEL PSCV AL CORTE,P4301040,Con velocidad de filtración glomerular estimada (VFGE) y con razón albúmina creatinina (RAC) vigente,COL33,AJ,36,Pueblos Originarios - Mujeres,Pueblos Originarios,Mujeres,,,,"['Pueblos Originarios', 'Mujeres']",50
P4,C,VARIABLES DE SEGUIMIENTO DEL PSCV AL CORTE,P4301040,Con velocidad de filtración glomerular estimada (VFGE) y con razón albúmina creatinina (RAC) vigente,COL34,AK,37,Migrantes - Hombres,Migrantes,Hombres,,,,"['Migrantes', 'Hombres']",50
P4,C,VARIABLES DE SEGUIMIENTO DEL PSCV AL CORTE,P4301040,Con velocidad de filtración glomerular estimada (VFGE) y con razón albúmina creatinina (RAC) vigente,COL35,AL,38,Migrantes - Mujeres,Migrantes,Mujeres,,,,"['Migrantes', 'Mujeres']",50
P4,C,VARIABLES DE SEGUIMIENTO DEL PSCV AL CORTE,P4190950,"Con fondo de ojo, vigente",COL01,D,4,TOTAL - Ambos sexos,TOTAL,Ambos sexos,,,,"['TOTAL', 'Ambos sexos']",51
P4,C,VARIABLES DE SEGUIMIENTO DEL PSCV AL CORTE,P4190950,"Con fondo de ojo, vigente",COL02,E,5,TOTAL - Hombres,TOTAL,Hombres,,,,"['TOTAL', 'Hombres']",51
P4,C,VARIABLES DE SEGUIMIENTO DEL PSCV AL CORTE,P4190950,"Con fondo de ojo, vigente",COL03,F,6,TOTAL - Mujeres,TOTAL,Mujeres,,,,"['TOTAL', 'Mujeres']",51
P4,C,VARIABLES DE SEGUIMIENTO DEL PSCV AL CORTE,P4190950,"Con fondo de ojo, vigente",COL04,G,7,RANGO ETARIO Y SEXO - 15 a 19 años - Hombres,RANGO ETARIO Y SEXO,15 a 19 años,Hombres,,,"['RANGO ETARIO Y SEXO', '15 a 19 años', 'Hombres']",51
P4,C,VARIABLES DE SEGUIMIENTO DEL PSCV AL CORTE,P4190950,"Con fondo de ojo, vigente",COL05,H,8,RANGO ETARIO Y SEXO - 15 a 19 años - Mujeres,RANGO ETARIO Y SEXO,15 a 19 años,Mujeres,,,"['RANGO ETARIO Y SEXO', '15 a 19 años', 'Mujeres']",51
P4,C,VARIABLES DE SEGUIMIENTO DEL PSCV AL CORTE,P4190950,"Con fondo de ojo, vigente",COL06,I,9,RANGO ETARIO Y SEXO - 20 a 24 años - Hombres,RANGO ETARIO Y SEXO,20 a 24 años,Hombres,,,"['RANGO ETARIO Y SEXO', '20 a 24 años', 'Hombres']",51
P4,C,VARIABLES DE SEGUIMIENTO DEL PSCV AL CORTE,P4190950,"Con fondo de ojo, vigente",COL07,J,10,RANGO ETARIO Y SEXO - 20 a 24 años - Mujeres,RANGO ETARIO Y SEXO,20 a 24 años,Mujeres,,,"['RANGO ETARIO Y SEXO', '20 a 24 años', 'Mujeres']",51
P4,C,VARIABLES DE SEGUIMIENTO DEL PSCV AL CORTE,P4190950,"Con fondo de ojo, vigente",COL08,K,11,RANGO ETARIO Y SEXO - 25 a 29 años - Hombres,RANGO ETARIO Y SEXO,25 a 29 años,Hombres,,,"['RANGO ETARIO Y SEXO', '25 a 29 años', 'Hombres']",51
P4,C,VARIABLES DE SEGUIMIENTO DEL PSCV AL CORTE,P4190950,"Con fondo de ojo, vigente",COL09,L,12,RANGO ETARIO Y SEXO - 25 a 29 años - Mujeres,RANGO ETARIO Y SEXO,25 a 29 años,Mujeres,,,"['RANGO ETARIO Y SEXO', '25 a 29 años', 'Mujeres']",51
P4,C,VARIABLES DE SEGUIMIENTO DEL PSCV AL CORTE,P4190950,"Con fondo de ojo, vigente",COL10,M,13,RANGO ETARIO Y SEXO - 30 a 34 años - Hombres,RANGO ETARIO Y SEXO,30 a 34 años,Hombres,,,"['RANGO ETARIO Y SEXO', '30 a 34 años', 'Hombres']",51
P4,C,VARIABLES DE SEGUIMIENTO DEL PSCV AL CORTE,P4190950,"Con fondo de ojo, vigente",COL11,N,14,RANGO ETARIO Y SEXO - 30 a 34 años - Mujeres,RANGO ETARIO Y SEXO,30 a 34 años,Mujeres,,,"['RANGO ETARIO Y SEXO', '30 a 34 años', 'Mujeres']",51
P4,C,VARIABLES DE SEGUIMIENTO DEL PSCV AL CORTE,P4190950,"Con fondo de ojo, vigente",COL12,O,15,RANGO ETARIO Y SEXO - 35 a 39 años - Hombres,RANGO ETARIO Y SEXO,35 a 39 años,Hombres,,,"['RANGO ETARIO Y SEXO', '35 a 39 años', 'Hombres']",51
P4,C,VARIABLES DE SEGUIMIENTO DEL PSCV AL CORTE,P4190950,"Con fondo de ojo, vigente",COL13,P,16,RANGO ETARIO Y SEXO - 35 a 39 años - Mujeres,RANGO ETARIO Y SEXO,35 a 39 años,Mujeres,,,"['RANGO ETARIO Y SEXO', '35 a 39 años', 'Mujeres']",51
P4,C,VARIABLES DE SEGUIMIENTO DEL PSCV AL CORTE,P4190950,"Con fondo de ojo, vigente",COL14,Q,17,RANGO ETARIO Y SEXO - 40 a 44 años - Hombres,RANGO ETARIO Y SEXO,40 a 44 años,Hombres,,,"['RANGO ETARIO Y SEXO', '40 a 44 años', 'Hombres']",51
P4,C,VARIABLES DE SEGUIMIENTO DEL PSCV AL CORTE,P4190950,"Con fondo de ojo, vigente",COL15,R,18,RANGO ETARIO Y SEXO - 40 a 44 años - Mujeres,RANGO ETARIO Y SEXO,40 a 44 años,Mujeres,,,"['RANGO ETARIO Y SEXO', '40 a 44 años', 'Mujeres']",51
P4,C,VARIABLES DE SEGUIMIENTO DEL PSCV AL CORTE,P4190950,"Con fondo de ojo, vigente",COL16,S,19,RANGO ETARIO Y SEXO - 45 a 49 años - Hombres,RANGO ETARIO Y SEXO,45 a 49 años,Hombres,,,"['RANGO ETARIO Y SEXO', '45 a 49 años', 'Hombres']",51
P4,C,VARIABLES DE SEGUIMIENTO DEL PSCV AL CORTE,P4190950,"Con fondo de ojo, vigente",COL17,T,20,RANGO ETARIO Y SEXO - 45 a 49 años - Mujeres,RANGO ETARIO Y SEXO,45 a 49 años,Mujeres,,,"['RANGO ETARIO Y SEXO', '45 a 49 años', 'Mujeres']",51
P4,C,VARIABLES DE SEGUIMIENTO DEL PSCV AL CORTE,P4190950,"Con fondo de ojo, vigente",COL18,U,21,RANGO ETARIO Y SEXO - 50 a 54 años - Hombres,RANGO ETARIO Y SEXO,50 a 54 años,Hombres,,,"['RANGO ETARIO Y SEXO', '50 a 54 años', 'Hombres']",51
P4,C,VARIABLES DE SEGUIMIENTO DEL PSCV AL CORTE,P4190950,"Con fondo de ojo, vigente",COL19,V,22,RANGO ETARIO Y SEXO - 50 a 54 años - Mujeres,RANGO ETARIO Y SEXO,50 a 54 años,Mujeres,,,"['RANGO ETARIO Y SEXO', '50 a 54 años', 'Mujeres']",51
P4,C,VARIABLES DE SEGUIMIENTO DEL PSCV AL CORTE,P4190950,"Con fondo de ojo, vigente",COL20,W,23,RANGO ETARIO Y SEXO - 55 a 59 años - Hombres,RANGO ETARIO Y SEXO,55 a 59 años,Hombres,,,"['RANGO ETARIO Y SEXO', '55 a 59 años', 'Hombres']",51
P4,C,VARIABLES DE SEGUIMIENTO DEL PSCV AL CORTE,P4190950,"Con fondo de ojo, vigente",COL21,X,24,RANGO ETARIO Y SEXO - 55 a 59 años - Mujeres,RANGO ETARIO Y SEXO,55 a 59 años,Mujeres,,,"['RANGO ETARIO Y SEXO', '55 a 59 años', 'Mujeres']",51
P4,C,VARIABLES DE SEGUIMIENTO DEL PSCV AL CORTE,P4190950,"Con fondo de ojo, vigente",COL22,Y,25,RANGO ETARIO Y SEXO - 60 a 64 años - Hombres,RANGO ETARIO Y SEXO,60 a 64 años,Hombres,,,"['RANGO ETARIO Y SEXO', '60 a 64 años', 'Hombres']",51
P4,C,VARIABLES DE SEGUIMIENTO DEL PSCV AL CORTE,P4190950,"Con fondo de ojo, vigente",COL23,Z,26,RANGO ETARIO Y SEXO - 60 a 64 años - Mujeres,RANGO ETARIO Y SEXO,60 a 64 años,Mujeres,,,"['RANGO ETARIO Y SEXO', '60 a 64 años', 'Mujeres']",51
P4,C,VARIABLES DE SEGUIMIENTO DEL PSCV AL CORTE,P4190950,"Con fondo de ojo, vigente",COL24,AA,27,RANGO ETARIO Y SEXO - 65 a 69 años - Hombres,RANGO ETARIO Y SEXO,65 a 69 años,Hombres,,,"['RANGO ETARIO Y SEXO', '65 a 69 años', 'Hombres']",51
P4,C,VARIABLES DE SEGUIMIENTO DEL PSCV AL CORTE,P4190950,"Con fondo de ojo, vigente",COL25,AB,28,RANGO ETARIO Y SEXO - 65 a 69 años - Mujeres,RANGO ETARIO Y SEXO,65 a 69 años,Mujeres,,,"['RANGO ETARIO Y SEXO', '65 a 69 años', 'Mujeres']",51
P4,C,VARIABLES DE SEGUIMIENTO DEL PSCV AL CORTE,P4190950,"Con fondo de ojo, vigente",COL26,AC,29,RANGO ETARIO Y SEXO - 70 a 74 años - Hombres,RANGO ETARIO Y SEXO,70 a 74 años,Hombres,,,"['RANGO ETARIO Y SEXO', '70 a 74 años', 'Hombres']",51
P4,C,VARIABLES DE SEGUIMIENTO DEL PSCV AL CORTE,P4190950,"Con fondo de ojo, vigente",COL27,AD,30,RANGO ETARIO Y SEXO - 70 a 74 años - Mujeres,RANGO ETARIO Y SEXO,70 a 74 años,Mujeres,,,"['RANGO ETARIO Y SEXO', '70 a 74 años', 'Mujeres']",51
P4,C,VARIABLES DE SEGUIMIENTO DEL PSCV AL CORTE,P4190950,"Con fondo de ojo, vigente",COL28,AE,31,RANGO ETARIO Y SEXO - 75 a 79 años - Hombres,RANGO ETARIO Y SEXO,75 a 79 años,Hombres,,,"['RANGO ETARIO Y SEXO', '75 a 79 años', 'Hombres']",51
P4,C,VARIABLES DE SEGUIMIENTO DEL PSCV AL CORTE,P4190950,"Con fondo de ojo, vigente",COL29,AF,32,RANGO ETARIO Y SEXO - 75 a 79 años - Mujeres,RANGO ETARIO Y SEXO,75 a 79 años,Mujeres,,,"['RANGO ETARIO Y SEXO', '75 a 79 años', 'Mujeres']",51
P4,C,VARIABLES DE SEGUIMIENTO DEL PSCV AL CORTE,P4190950,"Con fondo de ojo, vigente",COL30,AG,33,RANGO ETARIO Y SEXO - 80 y más años - Hombres,RANGO ETARIO Y SEXO,80 y más años,Hombres,,,"['RANGO ETARIO Y SEXO', '80 y más años', 'Hombres']",51
P4,C,VARIABLES DE SEGUIMIENTO DEL PSCV AL CORTE,P4190950,"Con fondo de ojo, vigente",COL31,AH,34,RANGO ETARIO Y SEXO - 80 y más años - Mujeres,RANGO ETARIO Y SEXO,80 y más años,Mujeres,,,"['RANGO ETARIO Y SEXO', '80 y más años', 'Mujeres']",51
P4,C,VARIABLES DE SEGUIMIENTO DEL PSCV AL CORTE,P4190950,"Con fondo de ojo, vigente",COL32,AI,35,Pueblos Originarios - Hombres,Pueblos Originarios,Hombres,,,,"['Pueblos Originarios', 'Hombres']",51
P4,C,VARIABLES DE SEGUIMIENTO DEL PSCV AL CORTE,P4190950,"Con fondo de ojo, vigente",COL33,AJ,36,Pueblos Originarios - Mujeres,Pueblos Originarios,Mujeres,,,,"['Pueblos Originarios', 'Mujeres']",51
P4,C,VARIABLES DE SEGUIMIENTO DEL PSCV AL CORTE,P4190950,"Con fondo de ojo, vigente",COL34,AK,37,Migrantes - Hombres,Migrantes,Hombres,,,,"['Migrantes', 'Hombres']",51
P4,C,VARIABLES DE SEGUIMIENTO DEL PSCV AL CORTE,P4190950,"Con fondo de ojo, vigente",COL35,AL,38,Migrantes - Mujeres,Migrantes,Mujeres,,,,"['Migrantes', 'Mujeres']",51
P4,C,VARIABLES DE SEGUIMIENTO DEL PSCV AL CORTE,P4180800,En tratamiento con insulina,COL01,D,4,TOTAL - Ambos sexos,TOTAL,Ambos sexos,,,,"['TOTAL', 'Ambos sexos']",54
P4,C,VARIABLES DE SEGUIMIENTO DEL PSCV AL CORTE,P4180800,En tratamiento con insulina,COL02,E,5,TOTAL - Hombres,TOTAL,Hombres,,,,"['TOTAL', 'Hombres']",54
P4,C,VARIABLES DE SEGUIMIENTO DEL PSCV AL CORTE,P4180800,En tratamiento con insulina,COL03,F,6,TOTAL - Mujeres,TOTAL,Mujeres,,,,"['TOTAL', 'Mujeres']",54
P4,C,VARIABLES DE SEGUIMIENTO DEL PSCV AL CORTE,P4180800,En tratamiento con insulina,COL04,G,7,RANGO ETARIO Y SEXO - 15 a 19 años - Hombres,RANGO ETARIO Y SEXO,15 a 19 años,Hombres,,,"['RANGO ETARIO Y SEXO', '15 a 19 años', 'Hombres']",54
P4,C,VARIABLES DE SEGUIMIENTO DEL PSCV AL CORTE,P4180800,En tratamiento con insulina,COL05,H,8,RANGO ETARIO Y SEXO - 15 a 19 años - Mujeres,RANGO ETARIO Y SEXO,15 a 19 años,Mujeres,,,"['RANGO ETARIO Y SEXO', '15 a 19 años', 'Mujeres']",54
P4,C,VARIABLES DE SEGUIMIENTO DEL PSCV AL CORTE,P4180800,En tratamiento con insulina,COL06,I,9,RANGO ETARIO Y SEXO - 20 a 24 años - Hombres,RANGO ETARIO Y SEXO,20 a 24 años,Hombres,,,"['RANGO ETARIO Y SEXO', '20 a 24 años', 'Hombres']",54
P4,C,VARIABLES DE SEGUIMIENTO DEL PSCV AL CORTE,P4180800,En tratamiento con insulina,COL07,J,10,RANGO ETARIO Y SEXO - 20 a 24 años - Mujeres,RANGO ETARIO Y SEXO,20 a 24 años,Mujeres,,,"['RANGO ETARIO Y SEXO', '20 a 24 años', 'Mujeres']",54
P4,C,VARIABLES DE SEGUIMIENTO DEL PSCV AL CORTE,P4180800,En tratamiento con insulina,COL08,K,11,RANGO ETARIO Y SEXO - 25 a 29 años - Hombres,RANGO ETARIO Y SEXO,25 a 29 años,Hombres,,,"['RANGO ETARIO Y SEXO', '25 a 29 años', 'Hombres']",54
P4,C,VARIABLES DE SEGUIMIENTO DEL PSCV AL CORTE,P4180800,En tratamiento con insulina,COL09,L,12,RANGO ETARIO Y SEXO - 25 a 29 años - Mujeres,RANGO ETARIO Y SEXO,25 a 29 años,Mujeres,,,"['RANGO ETARIO Y SEXO', '25 a 29 años', 'Mujeres']",54
P4,C,VARIABLES DE SEGUIMIENTO DEL PSCV AL CORTE,P4180800,En tratamiento con insulina,COL10,M,13,RANGO ETARIO Y SEXO - 30 a 34 años - Hombres,RANGO ETARIO Y SEXO,30 a 34 años,Hombres,,,"['RANGO ETARIO Y SEXO', '30 a 34 años', 'Hombres']",54
P4,C,VARIABLES DE SEGUIMIENTO DEL PSCV AL CORTE,P4180800,En tratamiento con insulina,COL11,N,14,RANGO ETARIO Y SEXO - 30 a 34 años - Mujeres,RANGO ETARIO Y SEXO,30 a 34 años,Mujeres,,,"['RANGO ETARIO Y SEXO', '30 a 34 años', 'Mujeres']",54
P4,C,VARIABLES DE SEGUIMIENTO DEL PSCV AL CORTE,P4180800,En tratamiento con insulina,COL12,O,15,RANGO ETARIO Y SEXO - 35 a 39 años - Hombres,RANGO ETARIO Y SEXO,35 a 39 años,Hombres,,,"['RANGO ETARIO Y SEXO', '35 a 39 años', 'Hombres']",54
P4,C,VARIABLES DE SEGUIMIENTO DEL PSCV AL CORTE,P4180800,En tratamiento con insulina,COL13,P,16,RANGO ETARIO Y SEXO - 35 a 39 años - Mujeres,RANGO ETARIO Y SEXO,35 a 39 años,Mujeres,,,"['RANGO ETARIO Y SEXO', '35 a 39 años', 'Mujeres']",54
P4,C,VARIABLES DE SEGUIMIENTO DEL PSCV AL CORTE,P4180800,En tratamiento con insulina,COL14,Q,17,RANGO ETARIO Y SEXO - 40 a 44 años - Hombres,RANGO ETARIO Y SEXO,40 a 44 años,Hombres,,,"['RANGO ETARIO Y SEXO', '40 a 44 años', 'Hombres']",54
P4,C,VARIABLES DE SEGUIMIENTO DEL PSCV AL CORTE,P4180800,En tratamiento con insulina,COL15,R,18,RANGO ETARIO Y SEXO - 40 a 44 años - Mujeres,RANGO ETARIO Y SEXO,40 a 44 años,Mujeres,,,"['RANGO ETARIO Y SEXO', '40 a 44 años', 'Mujeres']",54
P4,C,VARIABLES DE SEGUIMIENTO DEL PSCV AL CORTE,P4180800,En tratamiento con insulina,COL16,S,19,RANGO ETARIO Y SEXO - 45 a 49 años - Hombres,RANGO ETARIO Y SEXO,45 a 49 años,Hombres,,,"['RANGO ETARIO Y SEXO', '45 a 49 años', 'Hombres']",54
P4,C,VARIABLES DE SEGUIMIENTO DEL PSCV AL CORTE,P4180800,En tratamiento con insulina,COL17,T,20,RANGO ETARIO Y SEXO - 45 a 49 años - Mujeres,RANGO ETARIO Y SEXO,45 a 49 años,Mujeres,,,"['RANGO ETARIO Y SEXO', '45 a 49 años', 'Mujeres']",54
P4,C,VARIABLES DE SEGUIMIENTO DEL PSCV AL CORTE,P4180800,En tratamiento con insulina,COL18,U,21,RANGO ETARIO Y SEXO - 50 a 54 años - Hombres,RANGO ETARIO Y SEXO,50 a 54 años,Hombres,,,"['RANGO ETARIO Y SEXO', '50 a 54 años', 'Hombres']",54
P4,C,VARIABLES DE SEGUIMIENTO DEL PSCV AL CORTE,P4180800,En tratamiento con insulina,COL19,V,22,RANGO ETARIO Y SEXO - 50 a 54 años - Mujeres,RANGO ETARIO Y SEXO,50 a 54 años,Mujeres,,,"['RANGO ETARIO Y SEXO', '50 a 54 años', 'Mujeres']",54
P4,C,VARIABLES DE SEGUIMIENTO DEL PSCV AL CORTE,P4180800,En tratamiento con insulina,COL20,W,23,RANGO ETARIO Y SEXO - 55 a 59 años - Hombres,RANGO ETARIO Y SEXO,55 a 59 años,Hombres,,,"['RANGO ETARIO Y SEXO', '55 a 59 años', 'Hombres']",54
P4,C,VARIABLES DE SEGUIMIENTO DEL PSCV AL CORTE,P4180800,En tratamiento con insulina,COL21,X,24,RANGO ETARIO Y SEXO - 55 a 59 años - Mujeres,RANGO ETARIO Y SEXO,55 a 59 años,Mujeres,,,"['RANGO ETARIO Y SEXO', '55 a 59 años', 'Mujeres']",54
P4,C,VARIABLES DE SEGUIMIENTO DEL PSCV AL CORTE,P4180800,En tratamiento con insulina,COL22,Y,25,RANGO ETARIO Y SEXO - 60 a 64 años - Hombres,RANGO ETARIO Y SEXO,60 a 64 años,Hombres,,,"['RANGO ETARIO Y SEXO', '60 a 64 años', 'Hombres']",54
P4,C,VARIABLES DE SEGUIMIENTO DEL PSCV AL CORTE,P4180800,En tratamiento con insulina,COL23,Z,26,RANGO ETARIO Y SEXO - 60 a 64 años - Mujeres,RANGO ETARIO Y SEXO,60 a 64 años,Mujeres,,,"['RANGO ETARIO Y SEXO', '60 a 64 años', 'Mujeres']",54
P4,C,VARIABLES DE SEGUIMIENTO DEL PSCV AL CORTE,P4180800,En tratamiento con insulina,COL24,AA,27,RANGO ETARIO Y SEXO - 65 a 69 años - Hombres,RANGO ETARIO Y SEXO,65 a 69 años,Hombres,,,"['RANGO ETARIO Y SEXO', '65 a 69 años', 'Hombres']",54
P4,C,VARIABLES DE SEGUIMIENTO DEL PSCV AL CORTE,P4180800,En tratamiento con insulina,COL25,AB,28,RANGO ETARIO Y SEXO - 65 a 69 años - Mujeres,RANGO ETARIO Y SEXO,65 a 69 años,Mujeres,,,"['RANGO ETARIO Y SEXO', '65 a 69 años', 'Mujeres']",54
P4,C,VARIABLES DE SEGUIMIENTO DEL PSCV AL CORTE,P4180800,En tratamiento con insulina,COL26,AC,29,RANGO ETARIO Y SEXO - 70 a 74 años - Hombres,RANGO ETARIO Y SEXO,70 a 74 años,Hombres,,,"['RANGO ETARIO Y SEXO', '70 a 74 años', 'Hombres']",54
P4,C,VARIABLES DE SEGUIMIENTO DEL PSCV AL CORTE,P4180800,En tratamiento con insulina,COL27,AD,30,RANGO ETARIO Y SEXO - 70 a 74 años - Mujeres,RANGO ETARIO Y SEXO,70 a 74 años,Mujeres,,,"['RANGO ETARIO Y SEXO', '70 a 74 años', 'Mujeres']",54
P4,C,VARIABLES DE SEGUIMIENTO DEL PSCV AL CORTE,P4180800,En tratamiento con insulina,COL28,AE,31,RANGO ETARIO Y SEXO - 75 a 79 años - Hombres,RANGO ETARIO Y SEXO,75 a 79 años,Hombres,,,"['RANGO ETARIO Y SEXO', '75 a 79 años', 'Hombres']",54
P4,C,VARIABLES DE SEGUIMIENTO DEL PSCV AL CORTE,P4180800,En tratamiento con insulina,COL29,AF,32,RANGO ETARIO Y SEXO - 75 a 79 años - Mujeres,RANGO ETARIO Y SEXO,75 a 79 años,Mujeres,,,"['RANGO ETARIO Y SEXO', '75 a 79 años', 'Mujeres']",54
P4,C,VARIABLES DE SEGUIMIENTO DEL PSCV AL CORTE,P4180800,En tratamiento con insulina,COL30,AG,33,RANGO ETARIO Y SEXO - 80 y más años - Hombres,RANGO ETARIO Y SEXO,80 y más años,Hombres,,,"['RANGO ETARIO Y SEXO', '80 y más años', 'Hombres']",54
P4,C,VARIABLES DE SEGUIMIENTO DEL PSCV AL CORTE,P4180800,En tratamiento con insulina,COL31,AH,34,RANGO ETARIO Y SEXO - 80 y más años - Mujeres,RANGO ETARIO Y SEXO,80 y más años,Mujeres,,,"['RANGO ETARIO Y SEXO', '80 y más años', 'Mujeres']",54
P4,C,VARIABLES DE SEGUIMIENTO DEL PSCV AL CORTE,P4180800,En tratamiento con insulina,COL32,AI,35,Pueblos Originarios - Hombres,Pueblos Originarios,Hombres,,,,"['Pueblos Originarios', 'Hombres']",54
P4,C,VARIABLES DE SEGUIMIENTO DEL PSCV AL CORTE,P4180800,En tratamiento con insulina,COL33,AJ,36,Pueblos Originarios - Mujeres,Pueblos Originarios,Mujeres,,,,"['Pueblos Originarios', 'Mujeres']",54
P4,C,VARIABLES DE SEGUIMIENTO DEL PSCV AL CORTE,P4180800,En tratamiento con insulina,COL34,AK,37,Migrantes - Hombres,Migrantes,Hombres,,,,"['Migrantes', 'Hombres']",54
P4,C,VARIABLES DE SEGUIMIENTO DEL PSCV AL CORTE,P4180800,En tratamiento con insulina,COL35,AL,38,Migrantes - Mujeres,Migrantes,Mujeres,,,,"['Migrantes', 'Mujeres']",54
P4,C,VARIABLES DE SEGUIMIENTO DEL PSCV AL CORTE,P4200700,En tratamiento con insulina que logra meta con HBA1C según edad,COL01,D,4,TOTAL - Ambos sexos,TOTAL,Ambos sexos,,,,"['TOTAL', 'Ambos sexos']",55
P4,C,VARIABLES DE SEGUIMIENTO DEL PSCV AL CORTE,P4200700,En tratamiento con insulina que logra meta con HBA1C según edad,COL02,E,5,TOTAL - Hombres,TOTAL,Hombres,,,,"['TOTAL', 'Hombres']",55
P4,C,VARIABLES DE SEGUIMIENTO DEL PSCV AL CORTE,P4200700,En tratamiento con insulina que logra meta con HBA1C según edad,COL03,F,6,TOTAL - Mujeres,TOTAL,Mujeres,,,,"['TOTAL', 'Mujeres']",55
P4,C,VARIABLES DE SEGUIMIENTO DEL PSCV AL CORTE,P4200700,En tratamiento con insulina que logra meta con HBA1C según edad,COL04,G,7,RANGO ETARIO Y SEXO - 15 a 19 años - Hombres,RANGO ETARIO Y SEXO,15 a 19 años,Hombres,,,"['RANGO ETARIO Y SEXO', '15 a 19 años', 'Hombres']",55
P4,C,VARIABLES DE SEGUIMIENTO DEL PSCV AL CORTE,P4200700,En tratamiento con insulina que logra meta con HBA1C según edad,COL05,H,8,RANGO ETARIO Y SEXO - 15 a 19 años - Mujeres,RANGO ETARIO Y SEXO,15 a 19 años,Mujeres,,,"['RANGO ETARIO Y SEXO', '15 a 19 años', 'Mujeres']",55
P4,C,VARIABLES DE SEGUIMIENTO DEL PSCV AL CORTE,P4200700,En tratamiento con insulina que logra meta con HBA1C según edad,COL06,I,9,RANGO ETARIO Y SEXO - 20 a 24 años - Hombres,RANGO ETARIO Y SEXO,20 a 24 años,Hombres,,,"['RANGO ETARIO Y SEXO', '20 a 24 años', 'Hombres']",55
P4,C,VARIABLES DE SEGUIMIENTO DEL PSCV AL CORTE,P4200700,En tratamiento con insulina que logra meta con HBA1C según edad,COL07,J,10,RANGO ETARIO Y SEXO - 20 a 24 años - Mujeres,RANGO ETARIO Y SEXO,20 a 24 años,Mujeres,,,"['RANGO ETARIO Y SEXO', '20 a 24 años', 'Mujeres']",55
P4,C,VARIABLES DE SEGUIMIENTO DEL PSCV AL CORTE,P4200700,En tratamiento con insulina que logra meta con HBA1C según edad,COL08,K,11,RANGO ETARIO Y SEXO - 25 a 29 años - Hombres,RANGO ETARIO Y SEXO,25 a 29 años,Hombres,,,"['RANGO ETARIO Y SEXO', '25 a 29 años', 'Hombres']",55
P4,C,VARIABLES DE SEGUIMIENTO DEL PSCV AL CORTE,P4200700,En tratamiento con insulina que logra meta con HBA1C según edad,COL09,L,12,RANGO ETARIO Y SEXO - 25 a 29 años - Mujeres,RANGO ETARIO Y SEXO,25 a 29 años,Mujeres,,,"['RANGO ETARIO Y SEXO', '25 a 29 años', 'Mujeres']",55
P4,C,VARIABLES DE SEGUIMIENTO DEL PSCV AL CORTE,P4200700,En tratamiento con insulina que logra meta con HBA1C según edad,COL10,M,13,RANGO ETARIO Y SEXO - 30 a 34 años - Hombres,RANGO ETARIO Y SEXO,30 a 34 años,Hombres,,,"['RANGO ETARIO Y SEXO', '30 a 34 años', 'Hombres']",55
P4,C,VARIABLES DE SEGUIMIENTO DEL PSCV AL CORTE,P4200700,En tratamiento con insulina que logra meta con HBA1C según edad,COL11,N,14,RANGO ETARIO Y SEXO - 30 a 34 años - Mujeres,RANGO ETARIO Y SEXO,30 a 34 años,Mujeres,,,"['RANGO ETARIO Y SEXO', '30 a 34 años', 'Mujeres']",55
P4,C,VARIABLES DE SEGUIMIENTO DEL PSCV AL CORTE,P4200700,En tratamiento con insulina que logra meta con HBA1C según edad,COL12,O,15,RANGO ETARIO Y SEXO - 35 a 39 años - Hombres,RANGO ETARIO Y SEXO,35 a 39 años,Hombres,,,"['RANGO ETARIO Y SEXO', '35 a 39 años', 'Hombres']",55
P4,C,VARIABLES DE SEGUIMIENTO DEL PSCV AL CORTE,P4200700,En tratamiento con insulina que logra meta con HBA1C según edad,COL13,P,16,RANGO ETARIO Y SEXO - 35 a 39 años - Mujeres,RANGO ETARIO Y SEXO,35 a 39 años,Mujeres,,,"['RANGO ETARIO Y SEXO', '35 a 39 años', 'Mujeres']",55
P4,C,VARIABLES DE SEGUIMIENTO DEL PSCV AL CORTE,P4200700,En tratamiento con insulina que logra meta con HBA1C según edad,COL14,Q,17,RANGO ETARIO Y SEXO - 40 a 44 años - Hombres,RANGO ETARIO Y SEXO,40 a 44 años,Hombres,,,"['RANGO ETARIO Y SEXO', '40 a 44 años', 'Hombres']",55
P4,C,VARIABLES DE SEGUIMIENTO DEL PSCV AL CORTE,P4200700,En tratamiento con insulina que logra meta con HBA1C según edad,COL15,R,18,RANGO ETARIO Y SEXO - 40 a 44 años - Mujeres,RANGO ETARIO Y SEXO,40 a 44 años,Mujeres,,,"['RANGO ETARIO Y SEXO', '40 a 44 años', 'Mujeres']",55
P4,C,VARIABLES DE SEGUIMIENTO DEL PSCV AL CORTE,P4200700,En tratamiento con insulina que logra meta con HBA1C según edad,COL16,S,19,RANGO ETARIO Y SEXO - 45 a 49 años - Hombres,RANGO ETARIO Y SEXO,45 a 49 años,Hombres,,,"['RANGO ETARIO Y SEXO', '45 a 49 años', 'Hombres']",55
P4,C,VARIABLES DE SEGUIMIENTO DEL PSCV AL CORTE,P4200700,En tratamiento con insulina que logra meta con HBA1C según edad,COL17,T,20,RANGO ETARIO Y SEXO - 45 a 49 años - Mujeres,RANGO ETARIO Y SEXO,45 a 49 años,Mujeres,,,"['RANGO ETARIO Y SEXO', '45 a 49 años', 'Mujeres']",55
P4,C,VARIABLES DE SEGUIMIENTO DEL PSCV AL CORTE,P4200700,En tratamiento con insulina que logra meta con HBA1C según edad,COL18,U,21,RANGO ETARIO Y SEXO - 50 a 54 años - Hombres,RANGO ETARIO Y SEXO,50 a 54 años,Hombres,,,"['RANGO ETARIO Y SEXO', '50 a 54 años', 'Hombres']",55
P4,C,VARIABLES DE SEGUIMIENTO DEL PSCV AL CORTE,P4200700,En tratamiento con insulina que logra meta con HBA1C según edad,COL19,V,22,RANGO ETARIO Y SEXO - 50 a 54 años - Mujeres,RANGO ETARIO Y SEXO,50 a 54 años,Mujeres,,,"['RANGO ETARIO Y SEXO', '50 a 54 años', 'Mujeres']",55
P4,C,VARIABLES DE SEGUIMIENTO DEL PSCV AL CORTE,P4200700,En tratamiento con insulina que logra meta con HBA1C según edad,COL20,W,23,RANGO ETARIO Y SEXO - 55 a 59 años - Hombres,RANGO ETARIO Y SEXO,55 a 59 años,Hombres,,,"['RANGO ETARIO Y SEXO', '55 a 59 años', 'Hombres']",55
P4,C,VARIABLES DE SEGUIMIENTO DEL PSCV AL CORTE,P4200700,En tratamiento con insulina que logra meta con HBA1C según edad,COL21,X,24,RANGO ETARIO Y SEXO - 55 a 59 años - Mujeres,RANGO ETARIO Y SEXO,55 a 59 años,Mujeres,,,"['RANGO ETARIO Y SEXO', '55 a 59 años', 'Mujeres']",55
P4,C,VARIABLES DE SEGUIMIENTO DEL PSCV AL CORTE,P4200700,En tratamiento con insulina que logra meta con HBA1C según edad,COL22,Y,25,RANGO ETARIO Y SEXO - 60 a 64 años - Hombres,RANGO ETARIO Y SEXO,60 a 64 años,Hombres,,,"['RANGO ETARIO Y SEXO', '60 a 64 años', 'Hombres']",55
P4,C,VARIABLES DE SEGUIMIENTO DEL PSCV AL CORTE,P4200700,En tratamiento con insulina que logra meta con HBA1C según edad,COL23,Z,26,RANGO ETARIO Y SEXO - 60 a 64 años - Mujeres,RANGO ETARIO Y SEXO,60 a 64 años,Mujeres,,,"['RANGO ETARIO Y SEXO', '60 a 64 años', 'Mujeres']",55
P4,C,VARIABLES DE SEGUIMIENTO DEL PSCV AL CORTE,P4200700,En tratamiento con insulina que logra meta con HBA1C según edad,COL24,AA,27,RANGO ETARIO Y SEXO - 65 a 69 años - Hombres,RANGO ETARIO Y SEXO,65 a 69 años,Hombres,,,"['RANGO ETARIO Y SEXO', '65 a 69 años', 'Hombres']",55
P4,C,VARIABLES DE SEGUIMIENTO DEL PSCV AL CORTE,P4200700,En tratamiento con insulina que logra meta con HBA1C según edad,COL25,AB,28,RANGO ETARIO Y SEXO - 65 a 69 años - Mujeres,RANGO ETARIO Y SEXO,65 a 69 años,Mujeres,,,"['RANGO ETARIO Y SEXO', '65 a 69 años', 'Mujeres']",55
P4,C,VARIABLES DE SEGUIMIENTO DEL PSCV AL CORTE,P4200700,En tratamiento con insulina que logra meta con HBA1C según edad,COL26,AC,29,RANGO ETARIO Y SEXO - 70 a 74 años - Hombres,RANGO ETARIO Y SEXO,70 a 74 años,Hombres,,,"['RANGO ETARIO Y SEXO', '70 a 74 años', 'Hombres']",55
P4,C,VARIABLES DE SEGUIMIENTO DEL PSCV AL CORTE,P4200700,En tratamiento con insulina que logra meta con HBA1C según edad,COL27,AD,30,RANGO ETARIO Y SEXO - 70 a 74 años - Mujeres,RANGO ETARIO Y SEXO,70 a 74 años,Mujeres,,,"['RANGO ETARIO Y SEXO', '70 a 74 años', 'Mujeres']",55
P4,C,VARIABLES DE SEGUIMIENTO DEL PSCV AL CORTE,P4200700,En tratamiento con insulina que logra meta con HBA1C según edad,COL28,AE,31,RANGO ETARIO Y SEXO - 75 a 79 años - Hombres,RANGO ETARIO Y SEXO,75 a 79 años,Hombres,,,"['RANGO ETARIO Y SEXO', '75 a 79 años', 'Hombres']",55
P4,C,VARIABLES DE SEGUIMIENTO DEL PSCV AL CORTE,P4200700,En tratamiento con insulina que logra meta con HBA1C según edad,COL29,AF,32,RANGO ETARIO Y SEXO - 75 a 79 años - Mujeres,RANGO ETARIO Y SEXO,75 a 79 años,Mujeres,,,"['RANGO ETARIO Y SEXO', '75 a 79 años', 'Mujeres']",55
P4,C,VARIABLES DE SEGUIMIENTO DEL PSCV AL CORTE,P4200700,En tratamiento con insulina que logra meta con HBA1C según edad,COL30,AG,33,RANGO ETARIO Y SEXO - 80 y más años - Hombres,RANGO ETARIO Y SEXO,80 y más años,Hombres,,,"['RANGO ETARIO Y SEXO', '80 y más años', 'Hombres']",55
P4,C,VARIABLES DE SEGUIMIENTO DEL PSCV AL CORTE,P4200700,En tratamiento con insulina que logra meta con HBA1C según edad,COL31,AH,34,RANGO ETARIO Y SEXO - 80 y más años - Mujeres,RANGO ETARIO Y SEXO,80 y más años,Mujeres,,,"['RANGO ETARIO Y SEXO', '80 y más años', 'Mujeres']",55
P4,C,VARIABLES DE SEGUIMIENTO DEL PSCV AL CORTE,P4200700,En tratamiento con insulina que logra meta con HBA1C según edad,COL32,AI,35,Pueblos Originarios - Hombres,Pueblos Originarios,Hombres,,,,"['Pueblos Originarios', 'Hombres']",55
P4,C,VARIABLES DE SEGUIMIENTO DEL PSCV AL CORTE,P4200700,En tratamiento con insulina que logra meta con HBA1C según edad,COL33,AJ,36,Pueblos Originarios - Mujeres,Pueblos Originarios,Mujeres,,,,"['Pueblos Originarios', 'Mujeres']",55
P4,C,VARIABLES DE SEGUIMIENTO DEL PSCV AL CORTE,P4200700,En tratamiento con insulina que logra meta con HBA1C según edad,COL34,AK,37,Migrantes - Hombres,Migrantes,Hombres,,,,"['Migrantes', 'Hombres']",55
P4,C,VARIABLES DE SEGUIMIENTO DEL PSCV AL CORTE,P4200700,En tratamiento con insulina que logra meta con HBA1C según edad,COL35,AL,38,Migrantes - Mujeres,Migrantes,Mujeres,,,,"['Migrantes', 'Mujeres']",55
P4,C,VARIABLES DE SEGUIMIENTO DEL PSCV AL CORTE,P4190960,Con HBA1C >= 9 %,COL01,D,4,TOTAL - Ambos sexos,TOTAL,Ambos sexos,,,,"['TOTAL', 'Ambos sexos']",56
P4,C,VARIABLES DE SEGUIMIENTO DEL PSCV AL CORTE,P4190960,Con HBA1C >= 9 %,COL02,E,5,TOTAL - Hombres,TOTAL,Hombres,,,,"['TOTAL', 'Hombres']",56
P4,C,VARIABLES DE SEGUIMIENTO DEL PSCV AL CORTE,P4190960,Con HBA1C >= 9 %,COL03,F,6,TOTAL - Mujeres,TOTAL,Mujeres,,,,"['TOTAL', 'Mujeres']",56
P4,C,VARIABLES DE SEGUIMIENTO DEL PSCV AL CORTE,P4190960,Con HBA1C >= 9 %,COL04,G,7,RANGO ETARIO Y SEXO - 15 a 19 años - Hombres,RANGO ETARIO Y SEXO,15 a 19 años,Hombres,,,"['RANGO ETARIO Y SEXO', '15 a 19 años', 'Hombres']",56
P4,C,VARIABLES DE SEGUIMIENTO DEL PSCV AL CORTE,P4190960,Con HBA1C >= 9 %,COL05,H,8,RANGO ETARIO Y SEXO - 15 a 19 años - Mujeres,RANGO ETARIO Y SEXO,15 a 19 años,Mujeres,,,"['RANGO ETARIO Y SEXO', '15 a 19 años', 'Mujeres']",56
P4,C,VARIABLES DE SEGUIMIENTO DEL PSCV AL CORTE,P4190960,Con HBA1C >= 9 %,COL06,I,9,RANGO ETARIO Y SEXO - 20 a 24 años - Hombres,RANGO ETARIO Y SEXO,20 a 24 años,Hombres,,,"['RANGO ETARIO Y SEXO', '20 a 24 años', 'Hombres']",56
P4,C,VARIABLES DE SEGUIMIENTO DEL PSCV AL CORTE,P4190960,Con HBA1C >= 9 %,COL07,J,10,RANGO ETARIO Y SEXO - 20 a 24 años - Mujeres,RANGO ETARIO Y SEXO,20 a 24 años,Mujeres,,,"['RANGO ETARIO Y SEXO', '20 a 24 años', 'Mujeres']",56
P4,C,VARIABLES DE SEGUIMIENTO DEL PSCV AL CORTE,P4190960,Con HBA1C >= 9 %,COL08,K,11,RANGO ETARIO Y SEXO - 25 a 29 años - Hombres,RANGO ETARIO Y SEXO,25 a 29 años,Hombres,,,"['RANGO ETARIO Y SEXO', '25 a 29 años', 'Hombres']",56
P4,C,VARIABLES DE SEGUIMIENTO DEL PSCV AL CORTE,P4190960,Con HBA1C >= 9 %,COL09,L,12,RANGO ETARIO Y SEXO - 25 a 29 años - Mujeres,RANGO ETARIO Y SEXO,25 a 29 años,Mujeres,,,"['RANGO ETARIO Y SEXO', '25 a 29 años', 'Mujeres']",56
P4,C,VARIABLES DE SEGUIMIENTO DEL PSCV AL CORTE,P4190960,Con HBA1C >= 9 %,COL10,M,13,RANGO ETARIO Y SEXO - 30 a 34 años - Hombres,RANGO ETARIO Y SEXO,30 a 34 años,Hombres,,,"['RANGO ETARIO Y SEXO', '30 a 34 años', 'Hombres']",56
P4,C,VARIABLES DE SEGUIMIENTO DEL PSCV AL CORTE,P4190960,Con HBA1C >= 9 %,COL11,N,14,RANGO ETARIO Y SEXO - 30 a 34 años - Mujeres,RANGO ETARIO Y SEXO,30 a 34 años,Mujeres,,,"['RANGO ETARIO Y SEXO', '30 a 34 años', 'Mujeres']",56
P4,C,VARIABLES DE SEGUIMIENTO DEL PSCV AL CORTE,P4190960,Con HBA1C >= 9 %,COL12,O,15,RANGO ETARIO Y SEXO - 35 a 39 años - Hombres,RANGO ETARIO Y SEXO,35 a 39 años,Hombres,,,"['RANGO ETARIO Y SEXO', '35 a 39 años', 'Hombres']",56
P4,C,VARIABLES DE SEGUIMIENTO DEL PSCV AL CORTE,P4190960,Con HBA1C >= 9 %,COL13,P,16,RANGO ETARIO Y SEXO - 35 a 39 años - Mujeres,RANGO ETARIO Y SEXO,35 a 39 años,Mujeres,,,"['RANGO ETARIO Y SEXO', '35 a 39 años', 'Mujeres']",56
P4,C,VARIABLES DE SEGUIMIENTO DEL PSCV AL CORTE,P4190960,Con HBA1C >= 9 %,COL14,Q,17,RANGO ETARIO Y SEXO - 40 a 44 años - Hombres,RANGO ETARIO Y SEXO,40 a 44 años,Hombres,,,"['RANGO ETARIO Y SEXO', '40 a 44 años', 'Hombres']",56
P4,C,VARIABLES DE SEGUIMIENTO DEL PSCV AL CORTE,P4190960,Con HBA1C >= 9 %,COL15,R,18,RANGO ETARIO Y SEXO - 40 a 44 años - Mujeres,RANGO ETARIO Y SEXO,40 a 44 años,Mujeres,,,"['RANGO ETARIO Y SEXO', '40 a 44 años', 'Mujeres']",56
P4,C,VARIABLES DE SEGUIMIENTO DEL PSCV AL CORTE,P4190960,Con HBA1C >= 9 %,COL16,S,19,RANGO ETARIO Y SEXO - 45 a 49 años - Hombres,RANGO ETARIO Y SEXO,45 a 49 años,Hombres,,,"['RANGO ETARIO Y SEXO', '45 a 49 años', 'Hombres']",56
P4,C,VARIABLES DE SEGUIMIENTO DEL PSCV AL CORTE,P4190960,Con HBA1C >= 9 %,COL17,T,20,RANGO ETARIO Y SEXO - 45 a 49 años - Mujeres,RANGO ETARIO Y SEXO,45 a 49 años,Mujeres,,,"['RANGO ETARIO Y SEXO', '45 a 49 años', 'Mujeres']",56
P4,C,VARIABLES DE SEGUIMIENTO DEL PSCV AL CORTE,P4190960,Con HBA1C >= 9 %,COL18,U,21,RANGO ETARIO Y SEXO - 50 a 54 años - Hombres,RANGO ETARIO Y SEXO,50 a 54 años,Hombres,,,"['RANGO ETARIO Y SEXO', '50 a 54 años', 'Hombres']",56
P4,C,VARIABLES DE SEGUIMIENTO DEL PSCV AL CORTE,P4190960,Con HBA1C >= 9 %,COL19,V,22,RANGO ETARIO Y SEXO - 50 a 54 años - Mujeres,RANGO ETARIO Y SEXO,50 a 54 años,Mujeres,,,"['RANGO ETARIO Y SEXO', '50 a 54 años', 'Mujeres']",56
P4,C,VARIABLES DE SEGUIMIENTO DEL PSCV AL CORTE,P4190960,Con HBA1C >= 9 %,COL20,W,23,RANGO ETARIO Y SEXO - 55 a 59 años - Hombres,RANGO ETARIO Y SEXO,55 a 59 años,Hombres,,,"['RANGO ETARIO Y SEXO', '55 a 59 años', 'Hombres']",56
P4,C,VARIABLES DE SEGUIMIENTO DEL PSCV AL CORTE,P4190960,Con HBA1C >= 9 %,COL21,X,24,RANGO ETARIO Y SEXO - 55 a 59 años - Mujeres,RANGO ETARIO Y SEXO,55 a 59 años,Mujeres,,,"['RANGO ETARIO Y SEXO', '55 a 59 años', 'Mujeres']",56
P4,C,VARIABLES DE SEGUIMIENTO DEL PSCV AL CORTE,P4190960,Con HBA1C >= 9 %,COL22,Y,25,RANGO ETARIO Y SEXO - 60 a 64 años - Hombres,RANGO ETARIO Y SEXO,60 a 64 años,Hombres,,,"['RANGO ETARIO Y SEXO', '60 a 64 años', 'Hombres']",56
P4,C,VARIABLES DE SEGUIMIENTO DEL PSCV AL CORTE,P4190960,Con HBA1C >= 9 %,COL23,Z,26,RANGO ETARIO Y SEXO - 60 a 64 años - Mujeres,RANGO ETARIO Y SEXO,60 a 64 años,Mujeres,,,"['RANGO ETARIO Y SEXO', '60 a 64 años', 'Mujeres']",56
P4,C,VARIABLES DE SEGUIMIENTO DEL PSCV AL CORTE,P4190960,Con HBA1C >= 9 %,COL24,AA,27,RANGO ETARIO Y SEXO - 65 a 69 años - Hombres,RANGO ETARIO Y SEXO,65 a 69 años,Hombres,,,"['RANGO ETARIO Y SEXO', '65 a 69 años', 'Hombres']",56
P4,C,VARIABLES DE SEGUIMIENTO DEL PSCV AL CORTE,P4190960,Con HBA1C >= 9 %,COL25,AB,28,RANGO ETARIO Y SEXO - 65 a 69 años - Mujeres,RANGO ETARIO Y SEXO,65 a 69 años,Mujeres,,,"['RANGO ETARIO Y SEXO', '65 a 69 años', 'Mujeres']",56
P4,C,VARIABLES DE SEGUIMIENTO DEL PSCV AL CORTE,P4190960,Con HBA1C >= 9 %,COL26,AC,29,RANGO ETARIO Y SEXO - 70 a 74 años - Hombres,RANGO ETARIO Y SEXO,70 a 74 años,Hombres,,,"['RANGO ETARIO Y SEXO', '70 a 74 años', 'Hombres']",56
P4,C,VARIABLES DE SEGUIMIENTO DEL PSCV AL CORTE,P4190960,Con HBA1C >= 9 %,COL27,AD,30,RANGO ETARIO Y SEXO - 70 a 74 años - Mujeres,RANGO ETARIO Y SEXO,70 a 74 años,Mujeres,,,"['RANGO ETARIO Y SEXO', '70 a 74 años', 'Mujeres']",56
P4,C,VARIABLES DE SEGUIMIENTO DEL PSCV AL CORTE,P4190960,Con HBA1C >= 9 %,COL28,AE,31,RANGO ETARIO Y SEXO - 75 a 79 años - Hombres,RANGO ETARIO Y SEXO,75 a 79 años,Hombres,,,"['RANGO ETARIO Y SEXO', '75 a 79 años', 'Hombres']",56
P4,C,VARIABLES DE SEGUIMIENTO DEL PSCV AL CORTE,P4190960,Con HBA1C >= 9 %,COL29,AF,32,RANGO ETARIO Y SEXO - 75 a 79 años - Mujeres,RANGO ETARIO Y SEXO,75 a 79 años,Mujeres,,,"['RANGO ETARIO Y SEXO', '75 a 79 años', 'Mujeres']",56
P4,C,VARIABLES DE SEGUIMIENTO DEL PSCV AL CORTE,P4190960,Con HBA1C >= 9 %,COL30,AG,33,RANGO ETARIO Y SEXO - 80 y más años - Hombres,RANGO ETARIO Y SEXO,80 y más años,Hombres,,,"['RANGO ETARIO Y SEXO', '80 y más años', 'Hombres']",56
P4,C,VARIABLES DE SEGUIMIENTO DEL PSCV AL CORTE,P4190960,Con HBA1C >= 9 %,COL31,AH,34,RANGO ETARIO Y SEXO - 80 y más años - Mujeres,RANGO ETARIO Y SEXO,80 y más años,Mujeres,,,"['RANGO ETARIO Y SEXO', '80 y más años', 'Mujeres']",56
P4,C,VARIABLES DE SEGUIMIENTO DEL PSCV AL CORTE,P4190960,Con HBA1C >= 9 %,COL32,AI,35,Pueblos Originarios - Hombres,Pueblos Originarios,Hombres,,,,"['Pueblos Originarios', 'Hombres']",56
P4,C,VARIABLES DE SEGUIMIENTO DEL PSCV AL CORTE,P4190960,Con HBA1C >= 9 %,COL33,AJ,36,Pueblos Originarios - Mujeres,Pueblos Originarios,Mujeres,,,,"['Pueblos Originarios', 'Mujeres']",56
P4,C,VARIABLES DE SEGUIMIENTO DEL PSCV AL CORTE,P4190960,Con HBA1C >= 9 %,COL34,AK,37,Migrantes - Hombres,Migrantes,Hombres,,,,"['Migrantes', 'Hombres']",56
P4,C,VARIABLES DE SEGUIMIENTO DEL PSCV AL CORTE,P4190960,Con HBA1C >= 9 %,COL35,AL,38,Migrantes - Mujeres,Migrantes,Mujeres,,,,"['Migrantes', 'Mujeres']",56
P4,C,VARIABLES DE SEGUIMIENTO DEL PSCV AL CORTE,P4401019,Con ERC (todas las etapas) y en tratamiento con IECA o ARA II,COL01,D,4,TOTAL - Ambos sexos,TOTAL,Ambos sexos,,,,"['TOTAL', 'Ambos sexos']",58
P4,C,VARIABLES DE SEGUIMIENTO DEL PSCV AL CORTE,P4401019,Con ERC (todas las etapas) y en tratamiento con IECA o ARA II,COL02,E,5,TOTAL - Hombres,TOTAL,Hombres,,,,"['TOTAL', 'Hombres']",58
P4,C,VARIABLES DE SEGUIMIENTO DEL PSCV AL CORTE,P4401019,Con ERC (todas las etapas) y en tratamiento con IECA o ARA II,COL03,F,6,TOTAL - Mujeres,TOTAL,Mujeres,,,,"['TOTAL', 'Mujeres']",58
P4,C,VARIABLES DE SEGUIMIENTO DEL PSCV AL CORTE,P4401019,Con ERC (todas las etapas) y en tratamiento con IECA o ARA II,COL04,G,7,RANGO ETARIO Y SEXO - 15 a 19 años - Hombres,RANGO ETARIO Y SEXO,15 a 19 años,Hombres,,,"['RANGO ETARIO Y SEXO', '15 a 19 años', 'Hombres']",58
P4,C,VARIABLES DE SEGUIMIENTO DEL PSCV AL CORTE,P4401019,Con ERC (todas las etapas) y en tratamiento con IECA o ARA II,COL05,H,8,RANGO ETARIO Y SEXO - 15 a 19 años - Mujeres,RANGO ETARIO Y SEXO,15 a 19 años,Mujeres,,,"['RANGO ETARIO Y SEXO', '15 a 19 años', 'Mujeres']",58
P4,C,VARIABLES DE SEGUIMIENTO DEL PSCV AL CORTE,P4401019,Con ERC (todas las etapas) y en tratamiento con IECA o ARA II,COL06,I,9,RANGO ETARIO Y SEXO - 20 a 24 años - Hombres,RANGO ETARIO Y SEXO,20 a 24 años,Hombres,,,"['RANGO ETARIO Y SEXO', '20 a 24 años', 'Hombres']",58
P4,C,VARIABLES DE SEGUIMIENTO DEL PSCV AL CORTE,P4401019,Con ERC (todas las etapas) y en tratamiento con IECA o ARA II,COL07,J,10,RANGO ETARIO Y SEXO - 20 a 24 años - Mujeres,RANGO ETARIO Y SEXO,20 a 24 años,Mujeres,,,"['RANGO ETARIO Y SEXO', '20 a 24 años', 'Mujeres']",58
P4,C,VARIABLES DE SEGUIMIENTO DEL PSCV AL CORTE,P4401019,Con ERC (todas las etapas) y en tratamiento con IECA o ARA II,COL08,K,11,RANGO ETARIO Y SEXO - 25 a 29 años - Hombres,RANGO ETARIO Y SEXO,25 a 29 años,Hombres,,,"['RANGO ETARIO Y SEXO', '25 a 29 años', 'Hombres']",58
P4,C,VARIABLES DE SEGUIMIENTO DEL PSCV AL CORTE,P4401019,Con ERC (todas las etapas) y en tratamiento con IECA o ARA II,COL09,L,12,RANGO ETARIO Y SEXO - 25 a 29 años - Mujeres,RANGO ETARIO Y SEXO,25 a 29 años,Mujeres,,,"['RANGO ETARIO Y SEXO', '25 a 29 años', 'Mujeres']",58
P4,C,VARIABLES DE SEGUIMIENTO DEL PSCV AL CORTE,P4401019,Con ERC (todas las etapas) y en tratamiento con IECA o ARA II,COL10,M,13,RANGO ETARIO Y SEXO - 30 a 34 años - Hombres,RANGO ETARIO Y SEXO,30 a 34 años,Hombres,,,"['RANGO ETARIO Y SEXO', '30 a 34 años', 'Hombres']",58
P4,C,VARIABLES DE SEGUIMIENTO DEL PSCV AL CORTE,P4401019,Con ERC (todas las etapas) y en tratamiento con IECA o ARA II,COL11,N,14,RANGO ETARIO Y SEXO - 30 a 34 años - Mujeres,RANGO ETARIO Y SEXO,30 a 34 años,Mujeres,,,"['RANGO ETARIO Y SEXO', '30 a 34 años', 'Mujeres']",58
P4,C,VARIABLES DE SEGUIMIENTO DEL PSCV AL CORTE,P4401019,Con ERC (todas las etapas) y en tratamiento con IECA o ARA II,COL12,O,15,RANGO ETARIO Y SEXO - 35 a 39 años - Hombres,RANGO ETARIO Y SEXO,35 a 39 años,Hombres,,,"['RANGO ETARIO Y SEXO', '35 a 39 años', 'Hombres']",58
P4,C,VARIABLES DE SEGUIMIENTO DEL PSCV AL CORTE,P4401019,Con ERC (todas las etapas) y en tratamiento con IECA o ARA II,COL13,P,16,RANGO ETARIO Y SEXO - 35 a 39 años - Mujeres,RANGO ETARIO Y SEXO,35 a 39 años,Mujeres,,,"['RANGO ETARIO Y SEXO', '35 a 39 años', 'Mujeres']",58
P4,C,VARIABLES DE SEGUIMIENTO DEL PSCV AL CORTE,P4401019,Con ERC (todas las etapas) y en tratamiento con IECA o ARA II,COL14,Q,17,RANGO ETARIO Y SEXO - 40 a 44 años - Hombres,RANGO ETARIO Y SEXO,40 a 44 años,Hombres,,,"['RANGO ETARIO Y SEXO', '40 a 44 años', 'Hombres']",58
P4,C,VARIABLES DE SEGUIMIENTO DEL PSCV AL CORTE,P4401019,Con ERC (todas las etapas) y en tratamiento con IECA o ARA II,COL15,R,18,RANGO ETARIO Y SEXO - 40 a 44 años - Mujeres,RANGO ETARIO Y SEXO,40 a 44 años,Mujeres,,,"['RANGO ETARIO Y SEXO', '40 a 44 años', 'Mujeres']",58
P4,C,VARIABLES DE SEGUIMIENTO DEL PSCV AL CORTE,P4401019,Con ERC (todas las etapas) y en tratamiento con IECA o ARA II,COL16,S,19,RANGO ETARIO Y SEXO - 45 a 49 años - Hombres,RANGO ETARIO Y SEXO,45 a 49 años,Hombres,,,"['RANGO ETARIO Y SEXO', '45 a 49 años', 'Hombres']",58
P4,C,VARIABLES DE SEGUIMIENTO DEL PSCV AL CORTE,P4401019,Con ERC (todas las etapas) y en tratamiento con IECA o ARA II,COL17,T,20,RANGO ETARIO Y SEXO - 45 a 49 años - Mujeres,RANGO ETARIO Y SEXO,45 a 49 años,Mujeres,,,"['RANGO ETARIO Y SEXO', '45 a 49 años', 'Mujeres']",58
P4,C,VARIABLES DE SEGUIMIENTO DEL PSCV AL CORTE,P4401019,Con ERC (todas las etapas) y en tratamiento con IECA o ARA II,COL18,U,21,RANGO ETARIO Y SEXO - 50 a 54 años - Hombres,RANGO ETARIO Y SEXO,50 a 54 años,Hombres,,,"['RANGO ETARIO Y SEXO', '50 a 54 años', 'Hombres']",58
P4,C,VARIABLES DE SEGUIMIENTO DEL PSCV AL CORTE,P4401019,Con ERC (todas las etapas) y en tratamiento con IECA o ARA II,COL19,V,22,RANGO ETARIO Y SEXO - 50 a 54 años - Mujeres,RANGO ETARIO Y SEXO,50 a 54 años,Mujeres,,,"['RANGO ETARIO Y SEXO', '50 a 54 años', 'Mujeres']",58
P4,C,VARIABLES DE SEGUIMIENTO DEL PSCV AL CORTE,P4401019,Con ERC (todas las etapas) y en tratamiento con IECA o ARA II,COL20,W,23,RANGO ETARIO Y SEXO - 55 a 59 años - Hombres,RANGO ETARIO Y SEXO,55 a 59 años,Hombres,,,"['RANGO ETARIO Y SEXO', '55 a 59 años', 'Hombres']",58
P4,C,VARIABLES DE SEGUIMIENTO DEL PSCV AL CORTE,P4401019,Con ERC (todas las etapas) y en tratamiento con IECA o ARA II,COL21,X,24,RANGO ETARIO Y SEXO - 55 a 59 años - Mujeres,RANGO ETARIO Y SEXO,55 a 59 años,Mujeres,,,"['RANGO ETARIO Y SEXO', '55 a 59 años', 'Mujeres']",58
P4,C,VARIABLES DE SEGUIMIENTO DEL PSCV AL CORTE,P4401019,Con ERC (todas las etapas) y en tratamiento con IECA o ARA II,COL22,Y,25,RANGO ETARIO Y SEXO - 60 a 64 años - Hombres,RANGO ETARIO Y SEXO,60 a 64 años,Hombres,,,"['RANGO ETARIO Y SEXO', '60 a 64 años', 'Hombres']",58
P4,C,VARIABLES DE SEGUIMIENTO DEL PSCV AL CORTE,P4401019,Con ERC (todas las etapas) y en tratamiento con IECA o ARA II,COL23,Z,26,RANGO ETARIO Y SEXO - 60 a 64 años - Mujeres,RANGO ETARIO Y SEXO,60 a 64 años,Mujeres,,,"['RANGO ETARIO Y SEXO', '60 a 64 años', 'Mujeres']",58
P4,C,VARIABLES DE SEGUIMIENTO DEL PSCV AL CORTE,P4401019,Con ERC (todas las etapas) y en tratamiento con IECA o ARA II,COL24,AA,27,RANGO ETARIO Y SEXO - 65 a 69 años - Hombres,RANGO ETARIO Y SEXO,65 a 69 años,Hombres,,,"['RANGO ETARIO Y SEXO', '65 a 69 años', 'Hombres']",58
P4,C,VARIABLES DE SEGUIMIENTO DEL PSCV AL CORTE,P4401019,Con ERC (todas las etapas) y en tratamiento con IECA o ARA II,COL25,AB,28,RANGO ETARIO Y SEXO - 65 a 69 años - Mujeres,RANGO ETARIO Y SEXO,65 a 69 años,Mujeres,,,"['RANGO ETARIO Y SEXO', '65 a 69 años', 'Mujeres']",58
P4,C,VARIABLES DE SEGUIMIENTO DEL PSCV AL CORTE,P4401019,Con ERC (todas las etapas) y en tratamiento con IECA o ARA II,COL26,AC,29,RANGO ETARIO Y SEXO - 70 a 74 años - Hombres,RANGO ETARIO Y SEXO,70 a 74 años,Hombres,,,"['RANGO ETARIO Y SEXO', '70 a 74 años', 'Hombres']",58
P4,C,VARIABLES DE SEGUIMIENTO DEL PSCV AL CORTE,P4401019,Con ERC (todas las etapas) y en tratamiento con IECA o ARA II,COL27,AD,30,RANGO ETARIO Y SEXO - 70 a 74 años - Mujeres,RANGO ETARIO Y SEXO,70 a 74 años,Mujeres,,,"['RANGO ETARIO Y SEXO', '70 a 74 años', 'Mujeres']",58
P4,C,VARIABLES DE SEGUIMIENTO DEL PSCV AL CORTE,P4401019,Con ERC (todas las etapas) y en tratamiento con IECA o ARA II,COL28,AE,31,RANGO ETARIO Y SEXO - 75 a 79 años - Hombres,RANGO ETARIO Y SEXO,75 a 79 años,Hombres,,,"['RANGO ETARIO Y SEXO', '75 a 79 años', 'Hombres']",58
P4,C,VARIABLES DE SEGUIMIENTO DEL PSCV AL CORTE,P4401019,Con ERC (todas las etapas) y en tratamiento con IECA o ARA II,COL29,AF,32,RANGO ETARIO Y SEXO - 75 a 79 años - Mujeres,RANGO ETARIO Y SEXO,75 a 79 años,Mujeres,,,"['RANGO ETARIO Y SEXO', '75 a 79 años', 'Mujeres']",58
P4,C,VARIABLES DE SEGUIMIENTO DEL PSCV AL CORTE,P4401019,Con ERC (todas las etapas) y en tratamiento con IECA o ARA II,COL30,AG,33,RANGO ETARIO Y SEXO - 80 y más años - Hombres,RANGO ETARIO Y SEXO,80 y más años,Hombres,,,"['RANGO ETARIO Y SEXO', '80 y más años', 'Hombres']",58
P4,C,VARIABLES DE SEGUIMIENTO DEL PSCV AL CORTE,P4401019,Con ERC (todas las etapas) y en tratamiento con IECA o ARA II,COL31,AH,34,RANGO ETARIO Y SEXO - 80 y más años - Mujeres,RANGO ETARIO Y SEXO,80 y más años,Mujeres,,,"['RANGO ETARIO Y SEXO', '80 y más años', 'Mujeres']",58
P4,C,VARIABLES DE SEGUIMIENTO DEL PSCV AL CORTE,P4401019,Con ERC (todas las etapas) y en tratamiento con IECA o ARA II,COL32,AI,35,Pueblos Originarios - Hombres,Pueblos Originarios,Hombres,,,,"['Pueblos Originarios', 'Hombres']",58
P4,C,VARIABLES DE SEGUIMIENTO DEL PSCV AL CORTE,P4401019,Con ERC (todas las etapas) y en tratamiento con IECA o ARA II,COL33,AJ,36,Pueblos Originarios - Mujeres,Pueblos Originarios,Mujeres,,,,"['Pueblos Originarios', 'Mujeres']",58
P4,C,VARIABLES DE SEGUIMIENTO DEL PSCV AL CORTE,P4401019,Con ERC (todas las etapas) y en tratamiento con IECA o ARA II,COL34,AK,37,Migrantes - Hombres,Migrantes,Hombres,,,,"['Migrantes', 'Hombres']",58
P4,C,VARIABLES DE SEGUIMIENTO DEL PSCV AL CORTE,P4401019,Con ERC (todas las etapas) y en tratamiento con IECA o ARA II,COL35,AL,38,Migrantes - Mujeres,Migrantes,Mujeres,,,,"['Migrantes', 'Mujeres']",58
P4,C,VARIABLES DE SEGUIMIENTO DEL PSCV AL CORTE,P4190809,Con *evaluación vigente del pie según pauta de estimación del riesgo de ulceración en personas con diabetes - Riesgo bajo,COL01,D,4,TOTAL - Ambos sexos,TOTAL,Ambos sexos,,,,"['TOTAL', 'Ambos sexos']",61
P4,C,VARIABLES DE SEGUIMIENTO DEL PSCV AL CORTE,P4190809,Con *evaluación vigente del pie según pauta de estimación del riesgo de ulceración en personas con diabetes - Riesgo bajo,COL02,E,5,TOTAL - Hombres,TOTAL,Hombres,,,,"['TOTAL', 'Hombres']",61
P4,C,VARIABLES DE SEGUIMIENTO DEL PSCV AL CORTE,P4190809,Con *evaluación vigente del pie según pauta de estimación del riesgo de ulceración en personas con diabetes - Riesgo bajo,COL03,F,6,TOTAL - Mujeres,TOTAL,Mujeres,,,,"['TOTAL', 'Mujeres']",61
P4,C,VARIABLES DE SEGUIMIENTO DEL PSCV AL CORTE,P4190809,Con *evaluación vigente del pie según pauta de estimación del riesgo de ulceración en personas con diabetes - Riesgo bajo,COL04,G,7,RANGO ETARIO Y SEXO - 15 a 19 años - Hombres,RANGO ETARIO Y SEXO,15 a 19 años,Hombres,,,"['RANGO ETARIO Y SEXO', '15 a 19 años', 'Hombres']",61
P4,C,VARIABLES DE SEGUIMIENTO DEL PSCV AL CORTE,P4190809,Con *evaluación vigente del pie según pauta de estimación del riesgo de ulceración en personas con diabetes - Riesgo bajo,COL05,H,8,RANGO ETARIO Y SEXO - 15 a 19 años - Mujeres,RANGO ETARIO Y SEXO,15 a 19 años,Mujeres,,,"['RANGO ETARIO Y SEXO', '15 a 19 años', 'Mujeres']",61
P4,C,VARIABLES DE SEGUIMIENTO DEL PSCV AL CORTE,P4190809,Con *evaluación vigente del pie según pauta de estimación del riesgo de ulceración en personas con diabetes - Riesgo bajo,COL06,I,9,RANGO ETARIO Y SEXO - 20 a 24 años - Hombres,RANGO ETARIO Y SEXO,20 a 24 años,Hombres,,,"['RANGO ETARIO Y SEXO', '20 a 24 años', 'Hombres']",61
P4,C,VARIABLES DE SEGUIMIENTO DEL PSCV AL CORTE,P4190809,Con *evaluación vigente del pie según pauta de estimación del riesgo de ulceración en personas con diabetes - Riesgo bajo,COL07,J,10,RANGO ETARIO Y SEXO - 20 a 24 años - Mujeres,RANGO ETARIO Y SEXO,20 a 24 años,Mujeres,,,"['RANGO ETARIO Y SEXO', '20 a 24 años', 'Mujeres']",61
P4,C,VARIABLES DE SEGUIMIENTO DEL PSCV AL CORTE,P4190809,Con *evaluación vigente del pie según pauta de estimación del riesgo de ulceración en personas con diabetes - Riesgo bajo,COL08,K,11,RANGO ETARIO Y SEXO - 25 a 29 años - Hombres,RANGO ETARIO Y SEXO,25 a 29 años,Hombres,,,"['RANGO ETARIO Y SEXO', '25 a 29 años', 'Hombres']",61
P4,C,VARIABLES DE SEGUIMIENTO DEL PSCV AL CORTE,P4190809,Con *evaluación vigente del pie según pauta de estimación del riesgo de ulceración en personas con diabetes - Riesgo bajo,COL09,L,12,RANGO ETARIO Y SEXO - 25 a 29 años - Mujeres,RANGO ETARIO Y SEXO,25 a 29 años,Mujeres,,,"['RANGO ETARIO Y SEXO', '25 a 29 años', 'Mujeres']",61
P4,C,VARIABLES DE SEGUIMIENTO DEL PSCV AL CORTE,P4190809,Con *evaluación vigente del pie según pauta de estimación del riesgo de ulceración en personas con diabetes - Riesgo bajo,COL10,M,13,RANGO ETARIO Y SEXO - 30 a 34 años - Hombres,RANGO ETARIO Y SEXO,30 a 34 años,Hombres,,,"['RANGO ETARIO Y SEXO', '30 a 34 años', 'Hombres']",61
P4,C,VARIABLES DE SEGUIMIENTO DEL PSCV AL CORTE,P4190809,Con *evaluación vigente del pie según pauta de estimación del riesgo de ulceración en personas con diabetes - Riesgo bajo,COL11,N,14,RANGO ETARIO Y SEXO - 30 a 34 años - Mujeres,RANGO ETARIO Y SEXO,30 a 34 años,Mujeres,,,"['RANGO ETARIO Y SEXO', '30 a 34 años', 'Mujeres']",61
P4,C,VARIABLES DE SEGUIMIENTO DEL PSCV AL CORTE,P4190809,Con *evaluación vigente del pie según pauta de estimación del riesgo de ulceración en personas con diabetes - Riesgo bajo,COL12,O,15,RANGO ETARIO Y SEXO - 35 a 39 años - Hombres,RANGO ETARIO Y SEXO,35 a 39 años,Hombres,,,"['RANGO ETARIO Y SEXO', '35 a 39 años', 'Hombres']",61
P4,C,VARIABLES DE SEGUIMIENTO DEL PSCV AL CORTE,P4190809,Con *evaluación vigente del pie según pauta de estimación del riesgo de ulceración en personas con diabetes - Riesgo bajo,COL13,P,16,RANGO ETARIO Y SEXO - 35 a 39 años - Mujeres,RANGO ETARIO Y SEXO,35 a 39 años,Mujeres,,,"['RANGO ETARIO Y SEXO', '35 a 39 años', 'Mujeres']",61
P4,C,VARIABLES DE SEGUIMIENTO DEL PSCV AL CORTE,P4190809,Con *evaluación vigente del pie según pauta de estimación del riesgo de ulceración en personas con diabetes - Riesgo bajo,COL14,Q,17,RANGO ETARIO Y SEXO - 40 a 44 años - Hombres,RANGO ETARIO Y SEXO,40 a 44 años,Hombres,,,"['RANGO ETARIO Y SEXO', '40 a 44 años', 'Hombres']",61
P4,C,VARIABLES DE SEGUIMIENTO DEL PSCV AL CORTE,P4190809,Con *evaluación vigente del pie según pauta de estimación del riesgo de ulceración en personas con diabetes - Riesgo bajo,COL15,R,18,RANGO ETARIO Y SEXO - 40 a 44 años - Mujeres,RANGO ETARIO Y SEXO,40 a 44 años,Mujeres,,,"['RANGO ETARIO Y SEXO', '40 a 44 años', 'Mujeres']",61
P4,C,VARIABLES DE SEGUIMIENTO DEL PSCV AL CORTE,P4190809,Con *evaluación vigente del pie según pauta de estimación del riesgo de ulceración en personas con diabetes - Riesgo bajo,COL16,S,19,RANGO ETARIO Y SEXO - 45 a 49 años - Hombres,RANGO ETARIO Y SEXO,45 a 49 años,Hombres,,,"['RANGO ETARIO Y SEXO', '45 a 49 años', 'Hombres']",61
P4,C,VARIABLES DE SEGUIMIENTO DEL PSCV AL CORTE,P4190809,Con *evaluación vigente del pie según pauta de estimación del riesgo de ulceración en personas con diabetes - Riesgo bajo,COL17,T,20,RANGO ETARIO Y SEXO - 45 a 49 años - Mujeres,RANGO ETARIO Y SEXO,45 a 49 años,Mujeres,,,"['RANGO ETARIO Y SEXO', '45 a 49 años', 'Mujeres']",61
P4,C,VARIABLES DE SEGUIMIENTO DEL PSCV AL CORTE,P4190809,Con *evaluación vigente del pie según pauta de estimación del riesgo de ulceración en personas con diabetes - Riesgo bajo,COL18,U,21,RANGO ETARIO Y SEXO - 50 a 54 años - Hombres,RANGO ETARIO Y SEXO,50 a 54 años,Hombres,,,"['RANGO ETARIO Y SEXO', '50 a 54 años', 'Hombres']",61
P4,C,VARIABLES DE SEGUIMIENTO DEL PSCV AL CORTE,P4190809,Con *evaluación vigente del pie según pauta de estimación del riesgo de ulceración en personas con diabetes - Riesgo bajo,COL19,V,22,RANGO ETARIO Y SEXO - 50 a 54 años - Mujeres,RANGO ETARIO Y SEXO,50 a 54 años,Mujeres,,,"['RANGO ETARIO Y SEXO', '50 a 54 años', 'Mujeres']",61
P4,C,VARIABLES DE SEGUIMIENTO DEL PSCV AL CORTE,P4190809,Con *evaluación vigente del pie según pauta de estimación del riesgo de ulceración en personas con diabetes - Riesgo bajo,COL20,W,23,RANGO ETARIO Y SEXO - 55 a 59 años - Hombres,RANGO ETARIO Y SEXO,55 a 59 años,Hombres,,,"['RANGO ETARIO Y SEXO', '55 a 59 años', 'Hombres']",61
P4,C,VARIABLES DE SEGUIMIENTO DEL PSCV AL CORTE,P4190809,Con *evaluación vigente del pie según pauta de estimación del riesgo de ulceración en personas con diabetes - Riesgo bajo,COL21,X,24,RANGO ETARIO Y SEXO - 55 a 59 años - Mujeres,RANGO ETARIO Y SEXO,55 a 59 años,Mujeres,,,"['RANGO ETARIO Y SEXO', '55 a 59 años', 'Mujeres']",61
P4,C,VARIABLES DE SEGUIMIENTO DEL PSCV AL CORTE,P4190809,Con *evaluación vigente del pie según pauta de estimación del riesgo de ulceración en personas con diabetes - Riesgo bajo,COL22,Y,25,RANGO ETARIO Y SEXO - 60 a 64 años - Hombres,RANGO ETARIO Y SEXO,60 a 64 años,Hombres,,,"['RANGO ETARIO Y SEXO', '60 a 64 años', 'Hombres']",61
P4,C,VARIABLES DE SEGUIMIENTO DEL PSCV AL CORTE,P4190809,Con *evaluación vigente del pie según pauta de estimación del riesgo de ulceración en personas con diabetes - Riesgo bajo,COL23,Z,26,RANGO ETARIO Y SEXO - 60 a 64 años - Mujeres,RANGO ETARIO Y SEXO,60 a 64 años,Mujeres,,,"['RANGO ETARIO Y SEXO', '60 a 64 años', 'Mujeres']",61
P4,C,VARIABLES DE SEGUIMIENTO DEL PSCV AL CORTE,P4190809,Con *evaluación vigente del pie según pauta de estimación del riesgo de ulceración en personas con diabetes - Riesgo bajo,COL24,AA,27,RANGO ETARIO Y SEXO - 65 a 69 años - Hombres,RANGO ETARIO Y SEXO,65 a 69 años,Hombres,,,"['RANGO ETARIO Y SEXO', '65 a 69 años', 'Hombres']",61
P4,C,VARIABLES DE SEGUIMIENTO DEL PSCV AL CORTE,P4190809,Con *evaluación vigente del pie según pauta de estimación del riesgo de ulceración en personas con diabetes - Riesgo bajo,COL25,AB,28,RANGO ETARIO Y SEXO - 65 a 69 años - Mujeres,RANGO ETARIO Y SEXO,65 a 69 años,Mujeres,,,"['RANGO ETARIO Y SEXO', '65 a 69 años', 'Mujeres']",61
P4,C,VARIABLES DE SEGUIMIENTO DEL PSCV AL CORTE,P4190809,Con *evaluación vigente del pie según pauta de estimación del riesgo de ulceración en personas con diabetes - Riesgo bajo,COL26,AC,29,RANGO ETARIO Y SEXO - 70 a 74 años - Hombres,RANGO ETARIO Y SEXO,70 a 74 años,Hombres,,,"['RANGO ETARIO Y SEXO', '70 a 74 años', 'Hombres']",61
P4,C,VARIABLES DE SEGUIMIENTO DEL PSCV AL CORTE,P4190809,Con *evaluación vigente del pie según pauta de estimación del riesgo de ulceración en personas con diabetes - Riesgo bajo,COL27,AD,30,RANGO ETARIO Y SEXO - 70 a 74 años - Mujeres,RANGO ETARIO Y SEXO,70 a 74 años,Mujeres,,,"['RANGO ETARIO Y SEXO', '70 a 74 años', 'Mujeres']",61
P4,C,VARIABLES DE SEGUIMIENTO DEL PSCV AL CORTE,P4190809,Con *evaluación vigente del pie según pauta de estimación del riesgo de ulceración en personas con diabetes - Riesgo bajo,COL28,AE,31,RANGO ETARIO Y SEXO - 75 a 79 años - Hombres,RANGO ETARIO Y SEXO,75 a 79 años,Hombres,,,"['RANGO ETARIO Y SEXO', '75 a 79 años', 'Hombres']",61
P4,C,VARIABLES DE SEGUIMIENTO DEL PSCV AL CORTE,P4190809,Con *evaluación vigente del pie según pauta de estimación del riesgo de ulceración en personas con diabetes - Riesgo bajo,COL29,AF,32,RANGO ETARIO Y SEXO - 75 a 79 años - Mujeres,RANGO ETARIO Y SEXO,75 a 79 años,Mujeres,,,"['RANGO ETARIO Y SEXO', '75 a 79 años', 'Mujeres']",61
P4,C,VARIABLES DE SEGUIMIENTO DEL PSCV AL CORTE,P4190809,Con *evaluación vigente del pie según pauta de estimación del riesgo de ulceración en personas con diabetes - Riesgo bajo,COL30,AG,33,RANGO ETARIO Y SEXO - 80 y más años - Hombres,RANGO ETARIO Y SEXO,80 y más años,Hombres,,,"['RANGO ETARIO Y SEXO', '80 y más años', 'Hombres']",61
P4,C,VARIABLES DE SEGUIMIENTO DEL PSCV AL CORTE,P4190809,Con *evaluación vigente del pie según pauta de estimación del riesgo de ulceración en personas con diabetes - Riesgo bajo,COL31,AH,34,RANGO ETARIO Y SEXO - 80 y más años - Mujeres,RANGO ETARIO Y SEXO,80 y más años,Mujeres,,,"['RANGO ETARIO Y SEXO', '80 y más años', 'Mujeres']",61
P4,C,VARIABLES DE SEGUIMIENTO DEL PSCV AL CORTE,P4190809,Con *evaluación vigente del pie según pauta de estimación del riesgo de ulceración en personas con diabetes - Riesgo bajo,COL32,AI,35,Pueblos Originarios - Hombres,Pueblos Originarios,Hombres,,,,"['Pueblos Originarios', 'Hombres']",61
P4,C,VARIABLES DE SEGUIMIENTO DEL PSCV AL CORTE,P4190809,Con *evaluación vigente del pie según pauta de estimación del riesgo de ulceración en personas con diabetes - Riesgo bajo,COL33,AJ,36,Pueblos Originarios - Mujeres,Pueblos Originarios,Mujeres,,,,"['Pueblos Originarios', 'Mujeres']",61
P4,C,VARIABLES DE SEGUIMIENTO DEL PSCV AL CORTE,P4190809,Con *evaluación vigente del pie según pauta de estimación del riesgo de ulceración en personas con diabetes - Riesgo bajo,COL34,AK,37,Migrantes - Hombres,Migrantes,Hombres,,,,"['Migrantes', 'Hombres']",61
P4,C,VARIABLES DE SEGUIMIENTO DEL PSCV AL CORTE,P4190809,Con *evaluación vigente del pie según pauta de estimación del riesgo de ulceración en personas con diabetes - Riesgo bajo,COL35,AL,38,Migrantes - Mujeres,Migrantes,Mujeres,,,,"['Migrantes', 'Mujeres']",61
P4,C,VARIABLES DE SEGUIMIENTO DEL PSCV AL CORTE,P4170300,Con *evaluación vigente del pie según pauta de estimación del riesgo de ulceración en personas con diabetes - Riesgo moderado,COL01,D,4,TOTAL - Ambos sexos,TOTAL,Ambos sexos,,,,"['TOTAL', 'Ambos sexos']",62
P4,C,VARIABLES DE SEGUIMIENTO DEL PSCV AL CORTE,P4170300,Con *evaluación vigente del pie según pauta de estimación del riesgo de ulceración en personas con diabetes - Riesgo moderado,COL02,E,5,TOTAL - Hombres,TOTAL,Hombres,,,,"['TOTAL', 'Hombres']",62
P4,C,VARIABLES DE SEGUIMIENTO DEL PSCV AL CORTE,P4170300,Con *evaluación vigente del pie según pauta de estimación del riesgo de ulceración en personas con diabetes - Riesgo moderado,COL03,F,6,TOTAL - Mujeres,TOTAL,Mujeres,,,,"['TOTAL', 'Mujeres']",62
P4,C,VARIABLES DE SEGUIMIENTO DEL PSCV AL CORTE,P4170300,Con *evaluación vigente del pie según pauta de estimación del riesgo de ulceración en personas con diabetes - Riesgo moderado,COL04,G,7,RANGO ETARIO Y SEXO - 15 a 19 años - Hombres,RANGO ETARIO Y SEXO,15 a 19 años,Hombres,,,"['RANGO ETARIO Y SEXO', '15 a 19 años', 'Hombres']",62
P4,C,VARIABLES DE SEGUIMIENTO DEL PSCV AL CORTE,P4170300,Con *evaluación vigente del pie según pauta de estimación del riesgo de ulceración en personas con diabetes - Riesgo moderado,COL05,H,8,RANGO ETARIO Y SEXO - 15 a 19 años - Mujeres,RANGO ETARIO Y SEXO,15 a 19 años,Mujeres,,,"['RANGO ETARIO Y SEXO', '15 a 19 años', 'Mujeres']",62
P4,C,VARIABLES DE SEGUIMIENTO DEL PSCV AL CORTE,P4170300,Con *evaluación vigente del pie según pauta de estimación del riesgo de ulceración en personas con diabetes - Riesgo moderado,COL06,I,9,RANGO ETARIO Y SEXO - 20 a 24 años - Hombres,RANGO ETARIO Y SEXO,20 a 24 años,Hombres,,,"['RANGO ETARIO Y SEXO', '20 a 24 años', 'Hombres']",62
P4,C,VARIABLES DE SEGUIMIENTO DEL PSCV AL CORTE,P4170300,Con *evaluación vigente del pie según pauta de estimación del riesgo de ulceración en personas con diabetes - Riesgo moderado,COL07,J,10,RANGO ETARIO Y SEXO - 20 a 24 años - Mujeres,RANGO ETARIO Y SEXO,20 a 24 años,Mujeres,,,"['RANGO ETARIO Y SEXO', '20 a 24 años', 'Mujeres']",62
P4,C,VARIABLES DE SEGUIMIENTO DEL PSCV AL CORTE,P4170300,Con *evaluación vigente del pie según pauta de estimación del riesgo de ulceración en personas con diabetes - Riesgo moderado,COL08,K,11,RANGO ETARIO Y SEXO - 25 a 29 años - Hombres,RANGO ETARIO Y SEXO,25 a 29 años,Hombres,,,"['RANGO ETARIO Y SEXO', '25 a 29 años', 'Hombres']",62
P4,C,VARIABLES DE SEGUIMIENTO DEL PSCV AL CORTE,P4170300,Con *evaluación vigente del pie según pauta de estimación del riesgo de ulceración en personas con diabetes - Riesgo moderado,COL09,L,12,RANGO ETARIO Y SEXO - 25 a 29 años - Mujeres,RANGO ETARIO Y SEXO,25 a 29 años,Mujeres,,,"['RANGO ETARIO Y SEXO', '25 a 29 años', 'Mujeres']",62
P4,C,VARIABLES DE SEGUIMIENTO DEL PSCV AL CORTE,P4170300,Con *evaluación vigente del pie según pauta de estimación del riesgo de ulceración en personas con diabetes - Riesgo moderado,COL10,M,13,RANGO ETARIO Y SEXO - 30 a 34 años - Hombres,RANGO ETARIO Y SEXO,30 a 34 años,Hombres,,,"['RANGO ETARIO Y SEXO', '30 a 34 años', 'Hombres']",62
P4,C,VARIABLES DE SEGUIMIENTO DEL PSCV AL CORTE,P4170300,Con *evaluación vigente del pie según pauta de estimación del riesgo de ulceración en personas con diabetes - Riesgo moderado,COL11,N,14,RANGO ETARIO Y SEXO - 30 a 34 años - Mujeres,RANGO ETARIO Y SEXO,30 a 34 años,Mujeres,,,"['RANGO ETARIO Y SEXO', '30 a 34 años', 'Mujeres']",62
P4,C,VARIABLES DE SEGUIMIENTO DEL PSCV AL CORTE,P4170300,Con *evaluación vigente del pie según pauta de estimación del riesgo de ulceración en personas con diabetes - Riesgo moderado,COL12,O,15,RANGO ETARIO Y SEXO - 35 a 39 años - Hombres,RANGO ETARIO Y SEXO,35 a 39 años,Hombres,,,"['RANGO ETARIO Y SEXO', '35 a 39 años', 'Hombres']",62
P4,C,VARIABLES DE SEGUIMIENTO DEL PSCV AL CORTE,P4170300,Con *evaluación vigente del pie según pauta de estimación del riesgo de ulceración en personas con diabetes - Riesgo moderado,COL13,P,16,RANGO ETARIO Y SEXO - 35 a 39 años - Mujeres,RANGO ETARIO Y SEXO,35 a 39 años,Mujeres,,,"['RANGO ETARIO Y SEXO', '35 a 39 años', 'Mujeres']",62
P4,C,VARIABLES DE SEGUIMIENTO DEL PSCV AL CORTE,P4170300,Con *evaluación vigente del pie según pauta de estimación del riesgo de ulceración en personas con diabetes - Riesgo moderado,COL14,Q,17,RANGO ETARIO Y SEXO - 40 a 44 años - Hombres,RANGO ETARIO Y SEXO,40 a 44 años,Hombres,,,"['RANGO ETARIO Y SEXO', '40 a 44 años', 'Hombres']",62
P4,C,VARIABLES DE SEGUIMIENTO DEL PSCV AL CORTE,P4170300,Con *evaluación vigente del pie según pauta de estimación del riesgo de ulceración en personas con diabetes - Riesgo moderado,COL15,R,18,RANGO ETARIO Y SEXO - 40 a 44 años - Mujeres,RANGO ETARIO Y SEXO,40 a 44 años,Mujeres,,,"['RANGO ETARIO Y SEXO', '40 a 44 años', 'Mujeres']",62
P4,C,VARIABLES DE SEGUIMIENTO DEL PSCV AL CORTE,P4170300,Con *evaluación vigente del pie según pauta de estimación del riesgo de ulceración en personas con diabetes - Riesgo moderado,COL16,S,19,RANGO ETARIO Y SEXO - 45 a 49 años - Hombres,RANGO ETARIO Y SEXO,45 a 49 años,Hombres,,,"['RANGO ETARIO Y SEXO', '45 a 49 años', 'Hombres']",62
P4,C,VARIABLES DE SEGUIMIENTO DEL PSCV AL CORTE,P4170300,Con *evaluación vigente del pie según pauta de estimación del riesgo de ulceración en personas con diabetes - Riesgo moderado,COL17,T,20,RANGO ETARIO Y SEXO - 45 a 49 años - Mujeres,RANGO ETARIO Y SEXO,45 a 49 años,Mujeres,,,"['RANGO ETARIO Y SEXO', '45 a 49 años', 'Mujeres']",62
P4,C,VARIABLES DE SEGUIMIENTO DEL PSCV AL CORTE,P4170300,Con *evaluación vigente del pie según pauta de estimación del riesgo de ulceración en personas con diabetes - Riesgo moderado,COL18,U,21,RANGO ETARIO Y SEXO - 50 a 54 años - Hombres,RANGO ETARIO Y SEXO,50 a 54 años,Hombres,,,"['RANGO ETARIO Y SEXO', '50 a 54 años', 'Hombres']",62
P4,C,VARIABLES DE SEGUIMIENTO DEL PSCV AL CORTE,P4170300,Con *evaluación vigente del pie según pauta de estimación del riesgo de ulceración en personas con diabetes - Riesgo moderado,COL19,V,22,RANGO ETARIO Y SEXO - 50 a 54 años - Mujeres,RANGO ETARIO Y SEXO,50 a 54 años,Mujeres,,,"['RANGO ETARIO Y SEXO', '50 a 54 años', 'Mujeres']",62
P4,C,VARIABLES DE SEGUIMIENTO DEL PSCV AL CORTE,P4170300,Con *evaluación vigente del pie según pauta de estimación del riesgo de ulceración en personas con diabetes - Riesgo moderado,COL20,W,23,RANGO ETARIO Y SEXO - 55 a 59 años - Hombres,RANGO ETARIO Y SEXO,55 a 59 años,Hombres,,,"['RANGO ETARIO Y SEXO', '55 a 59 años', 'Hombres']",62
P4,C,VARIABLES DE SEGUIMIENTO DEL PSCV AL CORTE,P4170300,Con *evaluación vigente del pie según pauta de estimación del riesgo de ulceración en personas con diabetes - Riesgo moderado,COL21,X,24,RANGO ETARIO Y SEXO - 55 a 59 años - Mujeres,RANGO ETARIO Y SEXO,55 a 59 años,Mujeres,,,"['RANGO ETARIO Y SEXO', '55 a 59 años', 'Mujeres']",62
P4,C,VARIABLES DE SEGUIMIENTO DEL PSCV AL CORTE,P4170300,Con *evaluación vigente del pie según pauta de estimación del riesgo de ulceración en personas con diabetes - Riesgo moderado,COL22,Y,25,RANGO ETARIO Y SEXO - 60 a 64 años - Hombres,RANGO ETARIO Y SEXO,60 a 64 años,Hombres,,,"['RANGO ETARIO Y SEXO', '60 a 64 años', 'Hombres']",62
P4,C,VARIABLES DE SEGUIMIENTO DEL PSCV AL CORTE,P4170300,Con *evaluación vigente del pie según pauta de estimación del riesgo de ulceración en personas con diabetes - Riesgo moderado,COL23,Z,26,RANGO ETARIO Y SEXO - 60 a 64 años - Mujeres,RANGO ETARIO Y SEXO,60 a 64 años,Mujeres,,,"['RANGO ETARIO Y SEXO', '60 a 64 años', 'Mujeres']",62
P4,C,VARIABLES DE SEGUIMIENTO DEL PSCV AL CORTE,P4170300,Con *evaluación vigente del pie según pauta de estimación del riesgo de ulceración en personas con diabetes - Riesgo moderado,COL24,AA,27,RANGO ETARIO Y SEXO - 65 a 69 años - Hombres,RANGO ETARIO Y SEXO,65 a 69 años,Hombres,,,"['RANGO ETARIO Y SEXO', '65 a 69 años', 'Hombres']",62
P4,C,VARIABLES DE SEGUIMIENTO DEL PSCV AL CORTE,P4170300,Con *evaluación vigente del pie según pauta de estimación del riesgo de ulceración en personas con diabetes - Riesgo moderado,COL25,AB,28,RANGO ETARIO Y SEXO - 65 a 69 años - Mujeres,RANGO ETARIO Y SEXO,65 a 69 años,Mujeres,,,"['RANGO ETARIO Y SEXO', '65 a 69 años', 'Mujeres']",62
P4,C,VARIABLES DE SEGUIMIENTO DEL PSCV AL CORTE,P4170300,Con *evaluación vigente del pie según pauta de estimación del riesgo de ulceración en personas con diabetes - Riesgo moderado,COL26,AC,29,RANGO ETARIO Y SEXO - 70 a 74 años - Hombres,RANGO ETARIO Y SEXO,70 a 74 años,Hombres,,,"['RANGO ETARIO Y SEXO', '70 a 74 años', 'Hombres']",62
P4,C,VARIABLES DE SEGUIMIENTO DEL PSCV AL CORTE,P4170300,Con *evaluación vigente del pie según pauta de estimación del riesgo de ulceración en personas con diabetes - Riesgo moderado,COL27,AD,30,RANGO ETARIO Y SEXO - 70 a 74 años - Mujeres,RANGO ETARIO Y SEXO,70 a 74 años,Mujeres,,,"['RANGO ETARIO Y SEXO', '70 a 74 años', 'Mujeres']",62
P4,C,VARIABLES DE SEGUIMIENTO DEL PSCV AL CORTE,P4170300,Con *evaluación vigente del pie según pauta de estimación del riesgo de ulceración en personas con diabetes - Riesgo moderado,COL28,AE,31,RANGO ETARIO Y SEXO - 75 a 79 años - Hombres,RANGO ETARIO Y SEXO,75 a 79 años,Hombres,,,"['RANGO ETARIO Y SEXO', '75 a 79 años', 'Hombres']",62
P4,C,VARIABLES DE SEGUIMIENTO DEL PSCV AL CORTE,P4170300,Con *evaluación vigente del pie según pauta de estimación del riesgo de ulceración en personas con diabetes - Riesgo moderado,COL29,AF,32,RANGO ETARIO Y SEXO - 75 a 79 años - Mujeres,RANGO ETARIO Y SEXO,75 a 79 años,Mujeres,,,"['RANGO ETARIO Y SEXO', '75 a 79 años', 'Mujeres']",62
P4,C,VARIABLES DE SEGUIMIENTO DEL PSCV AL CORTE,P4170300,Con *evaluación vigente del pie según pauta de estimación del riesgo de ulceración en personas con diabetes - Riesgo moderado,COL30,AG,33,RANGO ETARIO Y SEXO - 80 y más años - Hombres,RANGO ETARIO Y SEXO,80 y más años,Hombres,,,"['RANGO ETARIO Y SEXO', '80 y más años', 'Hombres']",62
P4,C,VARIABLES DE SEGUIMIENTO DEL PSCV AL CORTE,P4170300,Con *evaluación vigente del pie según pauta de estimación del riesgo de ulceración en personas con diabetes - Riesgo moderado,COL31,AH,34,RANGO ETARIO Y SEXO - 80 y más años - Mujeres,RANGO ETARIO Y SEXO,80 y más años,Mujeres,,,"['RANGO ETARIO Y SEXO', '80 y más años', 'Mujeres']",62
P4,C,VARIABLES DE SEGUIMIENTO DEL PSCV AL CORTE,P4170300,Con *evaluación vigente del pie según pauta de estimación del riesgo de ulceración en personas con diabetes - Riesgo moderado,COL32,AI,35,Pueblos Originarios - Hombres,Pueblos Originarios,Hombres,,,,"['Pueblos Originarios', 'Hombres']",62
P4,C,VARIABLES DE SEGUIMIENTO DEL PSCV AL CORTE,P4170300,Con *evaluación vigente del pie según pauta de estimación del riesgo de ulceración en personas con diabetes - Riesgo moderado,COL33,AJ,36,Pueblos Originarios - Mujeres,Pueblos Originarios,Mujeres,,,,"['Pueblos Originarios', 'Mujeres']",62
P4,C,VARIABLES DE SEGUIMIENTO DEL PSCV AL CORTE,P4170300,Con *evaluación vigente del pie según pauta de estimación del riesgo de ulceración en personas con diabetes - Riesgo moderado,COL34,AK,37,Migrantes - Hombres,Migrantes,Hombres,,,,"['Migrantes', 'Hombres']",62
P4,C,VARIABLES DE SEGUIMIENTO DEL PSCV AL CORTE,P4170300,Con *evaluación vigente del pie según pauta de estimación del riesgo de ulceración en personas con diabetes - Riesgo moderado,COL35,AL,38,Migrantes - Mujeres,Migrantes,Mujeres,,,,"['Migrantes', 'Mujeres']",62
P4,C,VARIABLES DE SEGUIMIENTO DEL PSCV AL CORTE,P4190500,Con *evaluación vigente del pie según pauta de estimación del riesgo de ulceración en personas con diabetes - Riesgo alto,COL01,D,4,TOTAL - Ambos sexos,TOTAL,Ambos sexos,,,,"['TOTAL', 'Ambos sexos']",63
P4,C,VARIABLES DE SEGUIMIENTO DEL PSCV AL CORTE,P4190500,Con *evaluación vigente del pie según pauta de estimación del riesgo de ulceración en personas con diabetes - Riesgo alto,COL02,E,5,TOTAL - Hombres,TOTAL,Hombres,,,,"['TOTAL', 'Hombres']",63
P4,C,VARIABLES DE SEGUIMIENTO DEL PSCV AL CORTE,P4190500,Con *evaluación vigente del pie según pauta de estimación del riesgo de ulceración en personas con diabetes - Riesgo alto,COL03,F,6,TOTAL - Mujeres,TOTAL,Mujeres,,,,"['TOTAL', 'Mujeres']",63
P4,C,VARIABLES DE SEGUIMIENTO DEL PSCV AL CORTE,P4190500,Con *evaluación vigente del pie según pauta de estimación del riesgo de ulceración en personas con diabetes - Riesgo alto,COL04,G,7,RANGO ETARIO Y SEXO - 15 a 19 años - Hombres,RANGO ETARIO Y SEXO,15 a 19 años,Hombres,,,"['RANGO ETARIO Y SEXO', '15 a 19 años', 'Hombres']",63
P4,C,VARIABLES DE SEGUIMIENTO DEL PSCV AL CORTE,P4190500,Con *evaluación vigente del pie según pauta de estimación del riesgo de ulceración en personas con diabetes - Riesgo alto,COL05,H,8,RANGO ETARIO Y SEXO - 15 a 19 años - Mujeres,RANGO ETARIO Y SEXO,15 a 19 años,Mujeres,,,"['RANGO ETARIO Y SEXO', '15 a 19 años', 'Mujeres']",63
P4,C,VARIABLES DE SEGUIMIENTO DEL PSCV AL CORTE,P4190500,Con *evaluación vigente del pie según pauta de estimación del riesgo de ulceración en personas con diabetes - Riesgo alto,COL06,I,9,RANGO ETARIO Y SEXO - 20 a 24 años - Hombres,RANGO ETARIO Y SEXO,20 a 24 años,Hombres,,,"['RANGO ETARIO Y SEXO', '20 a 24 años', 'Hombres']",63
P4,C,VARIABLES DE SEGUIMIENTO DEL PSCV AL CORTE,P4190500,Con *evaluación vigente del pie según pauta de estimación del riesgo de ulceración en personas con diabetes - Riesgo alto,COL07,J,10,RANGO ETARIO Y SEXO - 20 a 24 años - Mujeres,RANGO ETARIO Y SEXO,20 a 24 años,Mujeres,,,"['RANGO ETARIO Y SEXO', '20 a 24 años', 'Mujeres']",63
P4,C,VARIABLES DE SEGUIMIENTO DEL PSCV AL CORTE,P4190500,Con *evaluación vigente del pie según pauta de estimación del riesgo de ulceración en personas con diabetes - Riesgo alto,COL08,K,11,RANGO ETARIO Y SEXO - 25 a 29 años - Hombres,RANGO ETARIO Y SEXO,25 a 29 años,Hombres,,,"['RANGO ETARIO Y SEXO', '25 a 29 años', 'Hombres']",63
P4,C,VARIABLES DE SEGUIMIENTO DEL PSCV AL CORTE,P4190500,Con *evaluación vigente del pie según pauta de estimación del riesgo de ulceración en personas con diabetes - Riesgo alto,COL09,L,12,RANGO ETARIO Y SEXO - 25 a 29 años - Mujeres,RANGO ETARIO Y SEXO,25 a 29 años,Mujeres,,,"['RANGO ETARIO Y SEXO', '25 a 29 años', 'Mujeres']",63
P4,C,VARIABLES DE SEGUIMIENTO DEL PSCV AL CORTE,P4190500,Con *evaluación vigente del pie según pauta de estimación del riesgo de ulceración en personas con diabetes - Riesgo alto,COL10,M,13,RANGO ETARIO Y SEXO - 30 a 34 años - Hombres,RANGO ETARIO Y SEXO,30 a 34 años,Hombres,,,"['RANGO ETARIO Y SEXO', '30 a 34 años', 'Hombres']",63
P4,C,VARIABLES DE SEGUIMIENTO DEL PSCV AL CORTE,P4190500,Con *evaluación vigente del pie según pauta de estimación del riesgo de ulceración en personas con diabetes - Riesgo alto,COL11,N,14,RANGO ETARIO Y SEXO - 30 a 34 años - Mujeres,RANGO ETARIO Y SEXO,30 a 34 años,Mujeres,,,"['RANGO ETARIO Y SEXO', '30 a 34 años', 'Mujeres']",63
P4,C,VARIABLES DE SEGUIMIENTO DEL PSCV AL CORTE,P4190500,Con *evaluación vigente del pie según pauta de estimación del riesgo de ulceración en personas con diabetes - Riesgo alto,COL12,O,15,RANGO ETARIO Y SEXO - 35 a 39 años - Hombres,RANGO ETARIO Y SEXO,35 a 39 años,Hombres,,,"['RANGO ETARIO Y SEXO', '35 a 39 años', 'Hombres']",63
P4,C,VARIABLES DE SEGUIMIENTO DEL PSCV AL CORTE,P4190500,Con *evaluación vigente del pie según pauta de estimación del riesgo de ulceración en personas con diabetes - Riesgo alto,COL13,P,16,RANGO ETARIO Y SEXO - 35 a 39 años - Mujeres,RANGO ETARIO Y SEXO,35 a 39 años,Mujeres,,,"['RANGO ETARIO Y SEXO', '35 a 39 años', 'Mujeres']",63
P4,C,VARIABLES DE SEGUIMIENTO DEL PSCV AL CORTE,P4190500,Con *evaluación vigente del pie según pauta de estimación del riesgo de ulceración en personas con diabetes - Riesgo alto,COL14,Q,17,RANGO ETARIO Y SEXO - 40 a 44 años - Hombres,RANGO ETARIO Y SEXO,40 a 44 años,Hombres,,,"['RANGO ETARIO Y SEXO', '40 a 44 años', 'Hombres']",63
P4,C,VARIABLES DE SEGUIMIENTO DEL PSCV AL CORTE,P4190500,Con *evaluación vigente del pie según pauta de estimación del riesgo de ulceración en personas con diabetes - Riesgo alto,COL15,R,18,RANGO ETARIO Y SEXO - 40 a 44 años - Mujeres,RANGO ETARIO Y SEXO,40 a 44 años,Mujeres,,,"['RANGO ETARIO Y SEXO', '40 a 44 años', 'Mujeres']",63
P4,C,VARIABLES DE SEGUIMIENTO DEL PSCV AL CORTE,P4190500,Con *evaluación vigente del pie según pauta de estimación del riesgo de ulceración en personas con diabetes - Riesgo alto,COL16,S,19,RANGO ETARIO Y SEXO - 45 a 49 años - Hombres,RANGO ETARIO Y SEXO,45 a 49 años,Hombres,,,"['RANGO ETARIO Y SEXO', '45 a 49 años', 'Hombres']",63
P4,C,VARIABLES DE SEGUIMIENTO DEL PSCV AL CORTE,P4190500,Con *evaluación vigente del pie según pauta de estimación del riesgo de ulceración en personas con diabetes - Riesgo alto,COL17,T,20,RANGO ETARIO Y SEXO - 45 a 49 años - Mujeres,RANGO ETARIO Y SEXO,45 a 49 años,Mujeres,,,"['RANGO ETARIO Y SEXO', '45 a 49 años', 'Mujeres']",63
P4,C,VARIABLES DE SEGUIMIENTO DEL PSCV AL CORTE,P4190500,Con *evaluación vigente del pie según pauta de estimación del riesgo de ulceración en personas con diabetes - Riesgo alto,COL18,U,21,RANGO ETARIO Y SEXO - 50 a 54 años - Hombres,RANGO ETARIO Y SEXO,50 a 54 años,Hombres,,,"['RANGO ETARIO Y SEXO', '50 a 54 años', 'Hombres']",63
P4,C,VARIABLES DE SEGUIMIENTO DEL PSCV AL CORTE,P4190500,Con *evaluación vigente del pie según pauta de estimación del riesgo de ulceración en personas con diabetes - Riesgo alto,COL19,V,22,RANGO ETARIO Y SEXO - 50 a 54 años - Mujeres,RANGO ETARIO Y SEXO,50 a 54 años,Mujeres,,,"['RANGO ETARIO Y SEXO', '50 a 54 años', 'Mujeres']",63
P4,C,VARIABLES DE SEGUIMIENTO DEL PSCV AL CORTE,P4190500,Con *evaluación vigente del pie según pauta de estimación del riesgo de ulceración en personas con diabetes - Riesgo alto,COL20,W,23,RANGO ETARIO Y SEXO - 55 a 59 años - Hombres,RANGO ETARIO Y SEXO,55 a 59 años,Hombres,,,"['RANGO ETARIO Y SEXO', '55 a 59 años', 'Hombres']",63
P4,C,VARIABLES DE SEGUIMIENTO DEL PSCV AL CORTE,P4190500,Con *evaluación vigente del pie según pauta de estimación del riesgo de ulceración en personas con diabetes - Riesgo alto,COL21,X,24,RANGO ETARIO Y SEXO - 55 a 59 años - Mujeres,RANGO ETARIO Y SEXO,55 a 59 años,Mujeres,,,"['RANGO ETARIO Y SEXO', '55 a 59 años', 'Mujeres']",63
P4,C,VARIABLES DE SEGUIMIENTO DEL PSCV AL CORTE,P4190500,Con *evaluación vigente del pie según pauta de estimación del riesgo de ulceración en personas con diabetes - Riesgo alto,COL22,Y,25,RANGO ETARIO Y SEXO - 60 a 64 años - Hombres,RANGO ETARIO Y SEXO,60 a 64 años,Hombres,,,"['RANGO ETARIO Y SEXO', '60 a 64 años', 'Hombres']",63
P4,C,VARIABLES DE SEGUIMIENTO DEL PSCV AL CORTE,P4190500,Con *evaluación vigente del pie según pauta de estimación del riesgo de ulceración en personas con diabetes - Riesgo alto,COL23,Z,26,RANGO ETARIO Y SEXO - 60 a 64 años - Mujeres,RANGO ETARIO Y SEXO,60 a 64 años,Mujeres,,,"['RANGO ETARIO Y SEXO', '60 a 64 años', 'Mujeres']",63
P4,C,VARIABLES DE SEGUIMIENTO DEL PSCV AL CORTE,P4190500,Con *evaluación vigente del pie según pauta de estimación del riesgo de ulceración en personas con diabetes - Riesgo alto,COL24,AA,27,RANGO ETARIO Y SEXO - 65 a 69 años - Hombres,RANGO ETARIO Y SEXO,65 a 69 años,Hombres,,,"['RANGO ETARIO Y SEXO', '65 a 69 años', 'Hombres']",63
P4,C,VARIABLES DE SEGUIMIENTO DEL PSCV AL CORTE,P4190500,Con *evaluación vigente del pie según pauta de estimación del riesgo de ulceración en personas con diabetes - Riesgo alto,COL25,AB,28,RANGO ETARIO Y SEXO - 65 a 69 años - Mujeres,RANGO ETARIO Y SEXO,65 a 69 años,Mujeres,,,"['RANGO ETARIO Y SEXO', '65 a 69 años', 'Mujeres']",63
P4,C,VARIABLES DE SEGUIMIENTO DEL PSCV AL CORTE,P4190500,Con *evaluación vigente del pie según pauta de estimación del riesgo de ulceración en personas con diabetes - Riesgo alto,COL26,AC,29,RANGO ETARIO Y SEXO - 70 a 74 años - Hombres,RANGO ETARIO Y SEXO,70 a 74 años,Hombres,,,"['RANGO ETARIO Y SEXO', '70 a 74 años', 'Hombres']",63
P4,C,VARIABLES DE SEGUIMIENTO DEL PSCV AL CORTE,P4190500,Con *evaluación vigente del pie según pauta de estimación del riesgo de ulceración en personas con diabetes - Riesgo alto,COL27,AD,30,RANGO ETARIO Y SEXO - 70 a 74 años - Mujeres,RANGO ETARIO Y SEXO,70 a 74 años,Mujeres,,,"['RANGO ETARIO Y SEXO', '70 a 74 años', 'Mujeres']",63
P4,C,VARIABLES DE SEGUIMIENTO DEL PSCV AL CORTE,P4190500,Con *evaluación vigente del pie según pauta de estimación del riesgo de ulceración en personas con diabetes - Riesgo alto,COL28,AE,31,RANGO ETARIO Y SEXO - 75 a 79 años - Hombres,RANGO ETARIO Y SEXO,75 a 79 años,Hombres,,,"['RANGO ETARIO Y SEXO', '75 a 79 años', 'Hombres']",63
P4,C,VARIABLES DE SEGUIMIENTO DEL PSCV AL CORTE,P4190500,Con *evaluación vigente del pie según pauta de estimación del riesgo de ulceración en personas con diabetes - Riesgo alto,COL29,AF,32,RANGO ETARIO Y SEXO - 75 a 79 años - Mujeres,RANGO ETARIO Y SEXO,75 a 79 años,Mujeres,,,"['RANGO ETARIO Y SEXO', '75 a 79 años', 'Mujeres']",63
P4,C,VARIABLES DE SEGUIMIENTO DEL PSCV AL CORTE,P4190500,Con *evaluación vigente del pie según pauta de estimación del riesgo de ulceración en personas con diabetes - Riesgo alto,COL30,AG,33,RANGO ETARIO Y SEXO - 80 y más años - Hombres,RANGO ETARIO Y SEXO,80 y más años,Hombres,,,"['RANGO ETARIO Y SEXO', '80 y más años', 'Hombres']",63
P4,C,VARIABLES DE SEGUIMIENTO DEL PSCV AL CORTE,P4190500,Con *evaluación vigente del pie según pauta de estimación del riesgo de ulceración en personas con diabetes - Riesgo alto,COL31,AH,34,RANGO ETARIO Y SEXO - 80 y más años - Mujeres,RANGO ETARIO Y SEXO,80 y más años,Mujeres,,,"['RANGO ETARIO Y SEXO', '80 y más años', 'Mujeres']",63
P4,C,VARIABLES DE SEGUIMIENTO DEL PSCV AL CORTE,P4190500,Con *evaluación vigente del pie según pauta de estimación del riesgo de ulceración en personas con diabetes - Riesgo alto,COL32,AI,35,Pueblos Originarios - Hombres,Pueblos Originarios,Hombres,,,,"['Pueblos Originarios', 'Hombres']",63
P4,C,VARIABLES DE SEGUIMIENTO DEL PSCV AL CORTE,P4190500,Con *evaluación vigente del pie según pauta de estimación del riesgo de ulceración en personas con diabetes - Riesgo alto,COL33,AJ,36,Pueblos Originarios - Mujeres,Pueblos Originarios,Mujeres,,,,"['Pueblos Originarios', 'Mujeres']",63
P4,C,VARIABLES DE SEGUIMIENTO DEL PSCV AL CORTE,P4190500,Con *evaluación vigente del pie según pauta de estimación del riesgo de ulceración en personas con diabetes - Riesgo alto,COL34,AK,37,Migrantes - Hombres,Migrantes,Hombres,,,,"['Migrantes', 'Hombres']",63
P4,C,VARIABLES DE SEGUIMIENTO DEL PSCV AL CORTE,P4190500,Con *evaluación vigente del pie según pauta de estimación del riesgo de ulceración en personas con diabetes - Riesgo alto,COL35,AL,38,Migrantes - Mujeres,Migrantes,Mujeres,,,,"['Migrantes', 'Mujeres']",63
P4,C,VARIABLES DE SEGUIMIENTO DEL PSCV AL CORTE,P4190600,Con *evaluación vigente del pie según pauta de estimación del riesgo de ulceración en personas con diabetes - Riesgo máximo,COL01,D,4,TOTAL - Ambos sexos,TOTAL,Ambos sexos,,,,"['TOTAL', 'Ambos sexos']",64
P4,C,VARIABLES DE SEGUIMIENTO DEL PSCV AL CORTE,P4190600,Con *evaluación vigente del pie según pauta de estimación del riesgo de ulceración en personas con diabetes - Riesgo máximo,COL02,E,5,TOTAL - Hombres,TOTAL,Hombres,,,,"['TOTAL', 'Hombres']",64
P4,C,VARIABLES DE SEGUIMIENTO DEL PSCV AL CORTE,P4190600,Con *evaluación vigente del pie según pauta de estimación del riesgo de ulceración en personas con diabetes - Riesgo máximo,COL03,F,6,TOTAL - Mujeres,TOTAL,Mujeres,,,,"['TOTAL', 'Mujeres']",64
P4,C,VARIABLES DE SEGUIMIENTO DEL PSCV AL CORTE,P4190600,Con *evaluación vigente del pie según pauta de estimación del riesgo de ulceración en personas con diabetes - Riesgo máximo,COL04,G,7,RANGO ETARIO Y SEXO - 15 a 19 años - Hombres,RANGO ETARIO Y SEXO,15 a 19 años,Hombres,,,"['RANGO ETARIO Y SEXO', '15 a 19 años', 'Hombres']",64
P4,C,VARIABLES DE SEGUIMIENTO DEL PSCV AL CORTE,P4190600,Con *evaluación vigente del pie según pauta de estimación del riesgo de ulceración en personas con diabetes - Riesgo máximo,COL05,H,8,RANGO ETARIO Y SEXO - 15 a 19 años - Mujeres,RANGO ETARIO Y SEXO,15 a 19 años,Mujeres,,,"['RANGO ETARIO Y SEXO', '15 a 19 años', 'Mujeres']",64
P4,C,VARIABLES DE SEGUIMIENTO DEL PSCV AL CORTE,P4190600,Con *evaluación vigente del pie según pauta de estimación del riesgo de ulceración en personas con diabetes - Riesgo máximo,COL06,I,9,RANGO ETARIO Y SEXO - 20 a 24 años - Hombres,RANGO ETARIO Y SEXO,20 a 24 años,Hombres,,,"['RANGO ETARIO Y SEXO', '20 a 24 años', 'Hombres']",64
P4,C,VARIABLES DE SEGUIMIENTO DEL PSCV AL CORTE,P4190600,Con *evaluación vigente del pie según pauta de estimación del riesgo de ulceración en personas con diabetes - Riesgo máximo,COL07,J,10,RANGO ETARIO Y SEXO - 20 a 24 años - Mujeres,RANGO ETARIO Y SEXO,20 a 24 años,Mujeres,,,"['RANGO ETARIO Y SEXO', '20 a 24 años', 'Mujeres']",64
P4,C,VARIABLES DE SEGUIMIENTO DEL PSCV AL CORTE,P4190600,Con *evaluación vigente del pie según pauta de estimación del riesgo de ulceración en personas con diabetes - Riesgo máximo,COL08,K,11,RANGO ETARIO Y SEXO - 25 a 29 años - Hombres,RANGO ETARIO Y SEXO,25 a 29 años,Hombres,,,"['RANGO ETARIO Y SEXO', '25 a 29 años', 'Hombres']",64
P4,C,VARIABLES DE SEGUIMIENTO DEL PSCV AL CORTE,P4190600,Con *evaluación vigente del pie según pauta de estimación del riesgo de ulceración en personas con diabetes - Riesgo máximo,COL09,L,12,RANGO ETARIO Y SEXO - 25 a 29 años - Mujeres,RANGO ETARIO Y SEXO,25 a 29 años,Mujeres,,,"['RANGO ETARIO Y SEXO', '25 a 29 años', 'Mujeres']",64
P4,C,VARIABLES DE SEGUIMIENTO DEL PSCV AL CORTE,P4190600,Con *evaluación vigente del pie según pauta de estimación del riesgo de ulceración en personas con diabetes - Riesgo máximo,COL10,M,13,RANGO ETARIO Y SEXO - 30 a 34 años - Hombres,RANGO ETARIO Y SEXO,30 a 34 años,Hombres,,,"['RANGO ETARIO Y SEXO', '30 a 34 años', 'Hombres']",64
P4,C,VARIABLES DE SEGUIMIENTO DEL PSCV AL CORTE,P4190600,Con *evaluación vigente del pie según pauta de estimación del riesgo de ulceración en personas con diabetes - Riesgo máximo,COL11,N,14,RANGO ETARIO Y SEXO - 30 a 34 años - Mujeres,RANGO ETARIO Y SEXO,30 a 34 años,Mujeres,,,"['RANGO ETARIO Y SEXO', '30 a 34 años', 'Mujeres']",64
P4,C,VARIABLES DE SEGUIMIENTO DEL PSCV AL CORTE,P4190600,Con *evaluación vigente del pie según pauta de estimación del riesgo de ulceración en personas con diabetes - Riesgo máximo,COL12,O,15,RANGO ETARIO Y SEXO - 35 a 39 años - Hombres,RANGO ETARIO Y SEXO,35 a 39 años,Hombres,,,"['RANGO ETARIO Y SEXO', '35 a 39 años', 'Hombres']",64
P4,C,VARIABLES DE SEGUIMIENTO DEL PSCV AL CORTE,P4190600,Con *evaluación vigente del pie según pauta de estimación del riesgo de ulceración en personas con diabetes - Riesgo máximo,COL13,P,16,RANGO ETARIO Y SEXO - 35 a 39 años - Mujeres,RANGO ETARIO Y SEXO,35 a 39 años,Mujeres,,,"['RANGO ETARIO Y SEXO', '35 a 39 años', 'Mujeres']",64
P4,C,VARIABLES DE SEGUIMIENTO DEL PSCV AL CORTE,P4190600,Con *evaluación vigente del pie según pauta de estimación del riesgo de ulceración en personas con diabetes - Riesgo máximo,COL14,Q,17,RANGO ETARIO Y SEXO - 40 a 44 años - Hombres,RANGO ETARIO Y SEXO,40 a 44 años,Hombres,,,"['RANGO ETARIO Y SEXO', '40 a 44 años', 'Hombres']",64
P4,C,VARIABLES DE SEGUIMIENTO DEL PSCV AL CORTE,P4190600,Con *evaluación vigente del pie según pauta de estimación del riesgo de ulceración en personas con diabetes - Riesgo máximo,COL15,R,18,RANGO ETARIO Y SEXO - 40 a 44 años - Mujeres,RANGO ETARIO Y SEXO,40 a 44 años,Mujeres,,,"['RANGO ETARIO Y SEXO', '40 a 44 años', 'Mujeres']",64
P4,C,VARIABLES DE SEGUIMIENTO DEL PSCV AL CORTE,P4190600,Con *evaluación vigente del pie según pauta de estimación del riesgo de ulceración en personas con diabetes - Riesgo máximo,COL16,S,19,RANGO ETARIO Y SEXO - 45 a 49 años - Hombres,RANGO ETARIO Y SEXO,45 a 49 años,Hombres,,,"['RANGO ETARIO Y SEXO', '45 a 49 años', 'Hombres']",64
P4,C,VARIABLES DE SEGUIMIENTO DEL PSCV AL CORTE,P4190600,Con *evaluación vigente del pie según pauta de estimación del riesgo de ulceración en personas con diabetes - Riesgo máximo,COL17,T,20,RANGO ETARIO Y SEXO - 45 a 49 años - Mujeres,RANGO ETARIO Y SEXO,45 a 49 años,Mujeres,,,"['RANGO ETARIO Y SEXO', '45 a 49 años', 'Mujeres']",64
P4,C,VARIABLES DE SEGUIMIENTO DEL PSCV AL CORTE,P4190600,Con *evaluación vigente del pie según pauta de estimación del riesgo de ulceración en personas con diabetes - Riesgo máximo,COL18,U,21,RANGO ETARIO Y SEXO - 50 a 54 años - Hombres,RANGO ETARIO Y SEXO,50 a 54 años,Hombres,,,"['RANGO ETARIO Y SEXO', '50 a 54 años', 'Hombres']",64
P4,C,VARIABLES DE SEGUIMIENTO DEL PSCV AL CORTE,P4190600,Con *evaluación vigente del pie según pauta de estimación del riesgo de ulceración en personas con diabetes - Riesgo máximo,COL19,V,22,RANGO ETARIO Y SEXO - 50 a 54 años - Mujeres,RANGO ETARIO Y SEXO,50 a 54 años,Mujeres,,,"['RANGO ETARIO Y SEXO', '50 a 54 años', 'Mujeres']",64
P4,C,VARIABLES DE SEGUIMIENTO DEL PSCV AL CORTE,P4190600,Con *evaluación vigente del pie según pauta de estimación del riesgo de ulceración en personas con diabetes - Riesgo máximo,COL20,W,23,RANGO ETARIO Y SEXO - 55 a 59 años - Hombres,RANGO ETARIO Y SEXO,55 a 59 años,Hombres,,,"['RANGO ETARIO Y SEXO', '55 a 59 años', 'Hombres']",64
P4,C,VARIABLES DE SEGUIMIENTO DEL PSCV AL CORTE,P4190600,Con *evaluación vigente del pie según pauta de estimación del riesgo de ulceración en personas con diabetes - Riesgo máximo,COL21,X,24,RANGO ETARIO Y SEXO - 55 a 59 años - Mujeres,RANGO ETARIO Y SEXO,55 a 59 años,Mujeres,,,"['RANGO ETARIO Y SEXO', '55 a 59 años', 'Mujeres']",64
P4,C,VARIABLES DE SEGUIMIENTO DEL PSCV AL CORTE,P4190600,Con *evaluación vigente del pie según pauta de estimación del riesgo de ulceración en personas con diabetes - Riesgo máximo,COL22,Y,25,RANGO ETARIO Y SEXO - 60 a 64 años - Hombres,RANGO ETARIO Y SEXO,60 a 64 años,Hombres,,,"['RANGO ETARIO Y SEXO', '60 a 64 años', 'Hombres']",64
P4,C,VARIABLES DE SEGUIMIENTO DEL PSCV AL CORTE,P4190600,Con *evaluación vigente del pie según pauta de estimación del riesgo de ulceración en personas con diabetes - Riesgo máximo,COL23,Z,26,RANGO ETARIO Y SEXO - 60 a 64 años - Mujeres,RANGO ETARIO Y SEXO,60 a 64 años,Mujeres,,,"['RANGO ETARIO Y SEXO', '60 a 64 años', 'Mujeres']",64
P4,C,VARIABLES DE SEGUIMIENTO DEL PSCV AL CORTE,P4190600,Con *evaluación vigente del pie según pauta de estimación del riesgo de ulceración en personas con diabetes - Riesgo máximo,COL24,AA,27,RANGO ETARIO Y SEXO - 65 a 69 años - Hombres,RANGO ETARIO Y SEXO,65 a 69 años,Hombres,,,"['RANGO ETARIO Y SEXO', '65 a 69 años', 'Hombres']",64
P4,C,VARIABLES DE SEGUIMIENTO DEL PSCV AL CORTE,P4190600,Con *evaluación vigente del pie según pauta de estimación del riesgo de ulceración en personas con diabetes - Riesgo máximo,COL25,AB,28,RANGO ETARIO Y SEXO - 65 a 69 años - Mujeres,RANGO ETARIO Y SEXO,65 a 69 años,Mujeres,,,"['RANGO ETARIO Y SEXO', '65 a 69 años', 'Mujeres']",64
P4,C,VARIABLES DE SEGUIMIENTO DEL PSCV AL CORTE,P4190600,Con *evaluación vigente del pie según pauta de estimación del riesgo de ulceración en personas con diabetes - Riesgo máximo,COL26,AC,29,RANGO ETARIO Y SEXO - 70 a 74 años - Hombres,RANGO ETARIO Y SEXO,70 a 74 años,Hombres,,,"['RANGO ETARIO Y SEXO', '70 a 74 años', 'Hombres']",64
P4,C,VARIABLES DE SEGUIMIENTO DEL PSCV AL CORTE,P4190600,Con *evaluación vigente del pie según pauta de estimación del riesgo de ulceración en personas con diabetes - Riesgo máximo,COL27,AD,30,RANGO ETARIO Y SEXO - 70 a 74 años - Mujeres,RANGO ETARIO Y SEXO,70 a 74 años,Mujeres,,,"['RANGO ETARIO Y SEXO', '70 a 74 años', 'Mujeres']",64
P4,C,VARIABLES DE SEGUIMIENTO DEL PSCV AL CORTE,P4190600,Con *evaluación vigente del pie según pauta de estimación del riesgo de ulceración en personas con diabetes - Riesgo máximo,COL28,AE,31,RANGO ETARIO Y SEXO - 75 a 79 años - Hombres,RANGO ETARIO Y SEXO,75 a 79 años,Hombres,,,"['RANGO ETARIO Y SEXO', '75 a 79 años', 'Hombres']",64
P4,C,VARIABLES DE SEGUIMIENTO DEL PSCV AL CORTE,P4190600,Con *evaluación vigente del pie según pauta de estimación del riesgo de ulceración en personas con diabetes - Riesgo máximo,COL29,AF,32,RANGO ETARIO Y SEXO - 75 a 79 años - Mujeres,RANGO ETARIO Y SEXO,75 a 79 años,Mujeres,,,"['RANGO ETARIO Y SEXO', '75 a 79 años', 'Mujeres']",64
P4,C,VARIABLES DE SEGUIMIENTO DEL PSCV AL CORTE,P4190600,Con *evaluación vigente del pie según pauta de estimación del riesgo de ulceración en personas con diabetes - Riesgo máximo,COL30,AG,33,RANGO ETARIO Y SEXO - 80 y más años - Hombres,RANGO ETARIO Y SEXO,80 y más años,Hombres,,,"['RANGO ETARIO Y SEXO', '80 y más años', 'Hombres']",64
P4,C,VARIABLES DE SEGUIMIENTO DEL PSCV AL CORTE,P4190600,Con *evaluación vigente del pie según pauta de estimación del riesgo de ulceración en personas con diabetes - Riesgo máximo,COL31,AH,34,RANGO ETARIO Y SEXO - 80 y más años - Mujeres,RANGO ETARIO Y SEXO,80 y más años,Mujeres,,,"['RANGO ETARIO Y SEXO', '80 y más años', 'Mujeres']",64
P4,C,VARIABLES DE SEGUIMIENTO DEL PSCV AL CORTE,P4190600,Con *evaluación vigente del pie según pauta de estimación del riesgo de ulceración en personas con diabetes - Riesgo máximo,COL32,AI,35,Pueblos Originarios - Hombres,Pueblos Originarios,Hombres,,,,"['Pueblos Originarios', 'Hombres']",64
P4,C,VARIABLES DE SEGUIMIENTO DEL PSCV AL CORTE,P4190600,Con *evaluación vigente del pie según pauta de estimación del riesgo de ulceración en personas con diabetes - Riesgo máximo,COL33,AJ,36,Pueblos Originarios - Mujeres,Pueblos Originarios,Mujeres,,,,"['Pueblos Originarios', 'Mujeres']",64
P4,C,VARIABLES DE SEGUIMIENTO DEL PSCV AL CORTE,P4190600,Con *evaluación vigente del pie según pauta de estimación del riesgo de ulceración en personas con diabetes - Riesgo máximo,COL34,AK,37,Migrantes - Hombres,Migrantes,Hombres,,,,"['Migrantes', 'Hombres']",64
P4,C,VARIABLES DE SEGUIMIENTO DEL PSCV AL CORTE,P4190600,Con *evaluación vigente del pie según pauta de estimación del riesgo de ulceración en personas con diabetes - Riesgo máximo,COL35,AL,38,Migrantes - Mujeres,Migrantes,Mujeres,,,,"['Migrantes', 'Mujeres']",64
P4,C,VARIABLES DE SEGUIMIENTO DEL PSCV AL CORTE,P4301070,Con diagnóstico de enfermedad renal crónica,COL01,D,4,TOTAL - Ambos sexos,TOTAL,Ambos sexos,,,,"['TOTAL', 'Ambos sexos']",70
P4,C,VARIABLES DE SEGUIMIENTO DEL PSCV AL CORTE,P4301070,Con diagnóstico de enfermedad renal crónica,COL02,E,5,TOTAL - Hombres,TOTAL,Hombres,,,,"['TOTAL', 'Hombres']",70
P4,C,VARIABLES DE SEGUIMIENTO DEL PSCV AL CORTE,P4301070,Con diagnóstico de enfermedad renal crónica,COL03,F,6,TOTAL - Mujeres,TOTAL,Mujeres,,,,"['TOTAL', 'Mujeres']",70
P4,C,VARIABLES DE SEGUIMIENTO DEL PSCV AL CORTE,P4301070,Con diagnóstico de enfermedad renal crónica,COL04,G,7,RANGO ETARIO Y SEXO - 15 a 19 años - Hombres,RANGO ETARIO Y SEXO,15 a 19 años,Hombres,,,"['RANGO ETARIO Y SEXO', '15 a 19 años', 'Hombres']",70
P4,C,VARIABLES DE SEGUIMIENTO DEL PSCV AL CORTE,P4301070,Con diagnóstico de enfermedad renal crónica,COL05,H,8,RANGO ETARIO Y SEXO - 15 a 19 años - Mujeres,RANGO ETARIO Y SEXO,15 a 19 años,Mujeres,,,"['RANGO ETARIO Y SEXO', '15 a 19 años', 'Mujeres']",70
P4,C,VARIABLES DE SEGUIMIENTO DEL PSCV AL CORTE,P4301070,Con diagnóstico de enfermedad renal crónica,COL06,I,9,RANGO ETARIO Y SEXO - 20 a 24 años - Hombres,RANGO ETARIO Y SEXO,20 a 24 años,Hombres,,,"['RANGO ETARIO Y SEXO', '20 a 24 años', 'Hombres']",70
P4,C,VARIABLES DE SEGUIMIENTO DEL PSCV AL CORTE,P4301070,Con diagnóstico de enfermedad renal crónica,COL07,J,10,RANGO ETARIO Y SEXO - 20 a 24 años - Mujeres,RANGO ETARIO Y SEXO,20 a 24 años,Mujeres,,,"['RANGO ETARIO Y SEXO', '20 a 24 años', 'Mujeres']",70
P4,C,VARIABLES DE SEGUIMIENTO DEL PSCV AL CORTE,P4301070,Con diagnóstico de enfermedad renal crónica,COL08,K,11,RANGO ETARIO Y SEXO - 25 a 29 años - Hombres,RANGO ETARIO Y SEXO,25 a 29 años,Hombres,,,"['RANGO ETARIO Y SEXO', '25 a 29 años', 'Hombres']",70
P4,C,VARIABLES DE SEGUIMIENTO DEL PSCV AL CORTE,P4301070,Con diagnóstico de enfermedad renal crónica,COL09,L,12,RANGO ETARIO Y SEXO - 25 a 29 años - Mujeres,RANGO ETARIO Y SEXO,25 a 29 años,Mujeres,,,"['RANGO ETARIO Y SEXO', '25 a 29 años', 'Mujeres']",70
P4,C,VARIABLES DE SEGUIMIENTO DEL PSCV AL CORTE,P4301070,Con diagnóstico de enfermedad renal crónica,COL10,M,13,RANGO ETARIO Y SEXO - 30 a 34 años - Hombres,RANGO ETARIO Y SEXO,30 a 34 años,Hombres,,,"['RANGO ETARIO Y SEXO', '30 a 34 años', 'Hombres']",70
P4,C,VARIABLES DE SEGUIMIENTO DEL PSCV AL CORTE,P4301070,Con diagnóstico de enfermedad renal crónica,COL11,N,14,RANGO ETARIO Y SEXO - 30 a 34 años - Mujeres,RANGO ETARIO Y SEXO,30 a 34 años,Mujeres,,,"['RANGO ETARIO Y SEXO', '30 a 34 años', 'Mujeres']",70
P4,C,VARIABLES DE SEGUIMIENTO DEL PSCV AL CORTE,P4301070,Con diagnóstico de enfermedad renal crónica,COL12,O,15,RANGO ETARIO Y SEXO - 35 a 39 años - Hombres,RANGO ETARIO Y SEXO,35 a 39 años,Hombres,,,"['RANGO ETARIO Y SEXO', '35 a 39 años', 'Hombres']",70
P4,C,VARIABLES DE SEGUIMIENTO DEL PSCV AL CORTE,P4301070,Con diagnóstico de enfermedad renal crónica,COL13,P,16,RANGO ETARIO Y SEXO - 35 a 39 años - Mujeres,RANGO ETARIO Y SEXO,35 a 39 años,Mujeres,,,"['RANGO ETARIO Y SEXO', '35 a 39 años', 'Mujeres']",70
P4,C,VARIABLES DE SEGUIMIENTO DEL PSCV AL CORTE,P4301070,Con diagnóstico de enfermedad renal crónica,COL14,Q,17,RANGO ETARIO Y SEXO - 40 a 44 años - Hombres,RANGO ETARIO Y SEXO,40 a 44 años,Hombres,,,"['RANGO ETARIO Y SEXO', '40 a 44 años', 'Hombres']",70
P4,C,VARIABLES DE SEGUIMIENTO DEL PSCV AL CORTE,P4301070,Con diagnóstico de enfermedad renal crónica,COL15,R,18,RANGO ETARIO Y SEXO - 40 a 44 años - Mujeres,RANGO ETARIO Y SEXO,40 a 44 años,Mujeres,,,"['RANGO ETARIO Y SEXO', '40 a 44 años', 'Mujeres']",70
P4,C,VARIABLES DE SEGUIMIENTO DEL PSCV AL CORTE,P4301070,Con diagnóstico de enfermedad renal crónica,COL16,S,19,RANGO ETARIO Y SEXO - 45 a 49 años - Hombres,RANGO ETARIO Y SEXO,45 a 49 años,Hombres,,,"['RANGO ETARIO Y SEXO', '45 a 49 años', 'Hombres']",70
P4,C,VARIABLES DE SEGUIMIENTO DEL PSCV AL CORTE,P4301070,Con diagnóstico de enfermedad renal crónica,COL17,T,20,RANGO ETARIO Y SEXO - 45 a 49 años - Mujeres,RANGO ETARIO Y SEXO,45 a 49 años,Mujeres,,,"['RANGO ETARIO Y SEXO', '45 a 49 años', 'Mujeres']",70
P4,C,VARIABLES DE SEGUIMIENTO DEL PSCV AL CORTE,P4301070,Con diagnóstico de enfermedad renal crónica,COL18,U,21,RANGO ETARIO Y SEXO - 50 a 54 años - Hombres,RANGO ETARIO Y SEXO,50 a 54 años,Hombres,,,"['RANGO ETARIO Y SEXO', '50 a 54 años', 'Hombres']",70
P4,C,VARIABLES DE SEGUIMIENTO DEL PSCV AL CORTE,P4301070,Con diagnóstico de enfermedad renal crónica,COL19,V,22,RANGO ETARIO Y SEXO - 50 a 54 años - Mujeres,RANGO ETARIO Y SEXO,50 a 54 años,Mujeres,,,"['RANGO ETARIO Y SEXO', '50 a 54 años', 'Mujeres']",70
P4,C,VARIABLES DE SEGUIMIENTO DEL PSCV AL CORTE,P4301070,Con diagnóstico de enfermedad renal crónica,COL20,W,23,RANGO ETARIO Y SEXO - 55 a 59 años - Hombres,RANGO ETARIO Y SEXO,55 a 59 años,Hombres,,,"['RANGO ETARIO Y SEXO', '55 a 59 años', 'Hombres']",70
P4,C,VARIABLES DE SEGUIMIENTO DEL PSCV AL CORTE,P4301070,Con diagnóstico de enfermedad renal crónica,COL21,X,24,RANGO ETARIO Y SEXO - 55 a 59 años - Mujeres,RANGO ETARIO Y SEXO,55 a 59 años,Mujeres,,,"['RANGO ETARIO Y SEXO', '55 a 59 años', 'Mujeres']",70
P4,C,VARIABLES DE SEGUIMIENTO DEL PSCV AL CORTE,P4301070,Con diagnóstico de enfermedad renal crónica,COL22,Y,25,RANGO ETARIO Y SEXO - 60 a 64 años - Hombres,RANGO ETARIO Y SEXO,60 a 64 años,Hombres,,,"['RANGO ETARIO Y SEXO', '60 a 64 años', 'Hombres']",70
P4,C,VARIABLES DE SEGUIMIENTO DEL PSCV AL CORTE,P4301070,Con diagnóstico de enfermedad renal crónica,COL23,Z,26,RANGO ETARIO Y SEXO - 60 a 64 años - Mujeres,RANGO ETARIO Y SEXO,60 a 64 años,Mujeres,,,"['RANGO ETARIO Y SEXO', '60 a 64 años', 'Mujeres']",70
P4,C,VARIABLES DE SEGUIMIENTO DEL PSCV AL CORTE,P4301070,Con diagnóstico de enfermedad renal crónica,COL24,AA,27,RANGO ETARIO Y SEXO - 65 a 69 años - Hombres,RANGO ETARIO Y SEXO,65 a 69 años,Hombres,,,"['RANGO ETARIO Y SEXO', '65 a 69 años', 'Hombres']",70
P4,C,VARIABLES DE SEGUIMIENTO DEL PSCV AL CORTE,P4301070,Con diagnóstico de enfermedad renal crónica,COL25,AB,28,RANGO ETARIO Y SEXO - 65 a 69 años - Mujeres,RANGO ETARIO Y SEXO,65 a 69 años,Mujeres,,,"['RANGO ETARIO Y SEXO', '65 a 69 años', 'Mujeres']",70
P4,C,VARIABLES DE SEGUIMIENTO DEL PSCV AL CORTE,P4301070,Con diagnóstico de enfermedad renal crónica,COL26,AC,29,RANGO ETARIO Y SEXO - 70 a 74 años - Hombres,RANGO ETARIO Y SEXO,70 a 74 años,Hombres,,,"['RANGO ETARIO Y SEXO', '70 a 74 años', 'Hombres']",70
P4,C,VARIABLES DE SEGUIMIENTO DEL PSCV AL CORTE,P4301070,Con diagnóstico de enfermedad renal crónica,COL27,AD,30,RANGO ETARIO Y SEXO - 70 a 74 años - Mujeres,RANGO ETARIO Y SEXO,70 a 74 años,Mujeres,,,"['RANGO ETARIO Y SEXO', '70 a 74 años', 'Mujeres']",70
P4,C,VARIABLES DE SEGUIMIENTO DEL PSCV AL CORTE,P4301070,Con diagnóstico de enfermedad renal crónica,COL28,AE,31,RANGO ETARIO Y SEXO - 75 a 79 años - Hombres,RANGO ETARIO Y SEXO,75 a 79 años,Hombres,,,"['RANGO ETARIO Y SEXO', '75 a 79 años', 'Hombres']",70
P4,C,VARIABLES DE SEGUIMIENTO DEL PSCV AL CORTE,P4301070,Con diagnóstico de enfermedad renal crónica,COL29,AF,32,RANGO ETARIO Y SEXO - 75 a 79 años - Mujeres,RANGO ETARIO Y SEXO,75 a 79 años,Mujeres,,,"['RANGO ETARIO Y SEXO', '75 a 79 años', 'Mujeres']",70
P4,C,VARIABLES DE SEGUIMIENTO DEL PSCV AL CORTE,P4301070,Con diagnóstico de enfermedad renal crónica,COL30,AG,33,RANGO ETARIO Y SEXO - 80 y más años - Hombres,RANGO ETARIO Y SEXO,80 y más años,Hombres,,,"['RANGO ETARIO Y SEXO', '80 y más años', 'Hombres']",70
P4,C,VARIABLES DE SEGUIMIENTO DEL PSCV AL CORTE,P4301070,Con diagnóstico de enfermedad renal crónica,COL31,AH,34,RANGO ETARIO Y SEXO - 80 y más años - Mujeres,RANGO ETARIO Y SEXO,80 y más años,Mujeres,,,"['RANGO ETARIO Y SEXO', '80 y más años', 'Mujeres']",70
P4,C,VARIABLES DE SEGUIMIENTO DEL PSCV AL CORTE,P4301070,Con diagnóstico de enfermedad renal crónica,COL32,AI,35,Pueblos Originarios - Hombres,Pueblos Originarios,Hombres,,,,"['Pueblos Originarios', 'Hombres']",70
P4,C,VARIABLES DE SEGUIMIENTO DEL PSCV AL CORTE,P4301070,Con diagnóstico de enfermedad renal crónica,COL33,AJ,36,Pueblos Originarios - Mujeres,Pueblos Originarios,Mujeres,,,,"['Pueblos Originarios', 'Mujeres']",70
P4,C,VARIABLES DE SEGUIMIENTO DEL PSCV AL CORTE,P4301070,Con diagnóstico de enfermedad renal crónica,COL34,AK,37,Migrantes - Hombres,Migrantes,Hombres,,,,"['Migrantes', 'Hombres']",70
P4,C,VARIABLES DE SEGUIMIENTO DEL PSCV AL CORTE,P4301070,Con diagnóstico de enfermedad renal crónica,COL35,AL,38,Migrantes - Mujeres,Migrantes,Mujeres,,,,"['Migrantes', 'Mujeres']",70
P4,C,VARIABLES DE SEGUIMIENTO DEL PSCV AL CORTE,P4302102,Retinopatía diabética,COL01,D,4,TOTAL - Ambos sexos,TOTAL,Ambos sexos,,,,"['TOTAL', 'Ambos sexos']",73
P4,C,VARIABLES DE SEGUIMIENTO DEL PSCV AL CORTE,P4302102,Retinopatía diabética,COL02,E,5,TOTAL - Hombres,TOTAL,Hombres,,,,"['TOTAL', 'Hombres']",73
P4,C,VARIABLES DE SEGUIMIENTO DEL PSCV AL CORTE,P4302102,Retinopatía diabética,COL03,F,6,TOTAL - Mujeres,TOTAL,Mujeres,,,,"['TOTAL', 'Mujeres']",73
P4,C,VARIABLES DE SEGUIMIENTO DEL PSCV AL CORTE,P4302102,Retinopatía diabética,COL04,G,7,RANGO ETARIO Y SEXO - 15 a 19 años - Hombres,RANGO ETARIO Y SEXO,15 a 19 años,Hombres,,,"['RANGO ETARIO Y SEXO', '15 a 19 años', 'Hombres']",73
P4,C,VARIABLES DE SEGUIMIENTO DEL PSCV AL CORTE,P4302102,Retinopatía diabética,COL05,H,8,RANGO ETARIO Y SEXO - 15 a 19 años - Mujeres,RANGO ETARIO Y SEXO,15 a 19 años,Mujeres,,,"['RANGO ETARIO Y SEXO', '15 a 19 años', 'Mujeres']",73
P4,C,VARIABLES DE SEGUIMIENTO DEL PSCV AL CORTE,P4302102,Retinopatía diabética,COL06,I,9,RANGO ETARIO Y SEXO - 20 a 24 años - Hombres,RANGO ETARIO Y SEXO,20 a 24 años,Hombres,,,"['RANGO ETARIO Y SEXO', '20 a 24 años', 'Hombres']",73
P4,C,VARIABLES DE SEGUIMIENTO DEL PSCV AL CORTE,P4302102,Retinopatía diabética,COL07,J,10,RANGO ETARIO Y SEXO - 20 a 24 años - Mujeres,RANGO ETARIO Y SEXO,20 a 24 años,Mujeres,,,"['RANGO ETARIO Y SEXO', '20 a 24 años', 'Mujeres']",73
P4,C,VARIABLES DE SEGUIMIENTO DEL PSCV AL CORTE,P4302102,Retinopatía diabética,COL08,K,11,RANGO ETARIO Y SEXO - 25 a 29 años - Hombres,RANGO ETARIO Y SEXO,25 a 29 años,Hombres,,,"['RANGO ETARIO Y SEXO', '25 a 29 años', 'Hombres']",73
P4,C,VARIABLES DE SEGUIMIENTO DEL PSCV AL CORTE,P4302102,Retinopatía diabética,COL09,L,12,RANGO ETARIO Y SEXO - 25 a 29 años - Mujeres,RANGO ETARIO Y SEXO,25 a 29 años,Mujeres,,,"['RANGO ETARIO Y SEXO', '25 a 29 años', 'Mujeres']",73
P4,C,VARIABLES DE SEGUIMIENTO DEL PSCV AL CORTE,P4302102,Retinopatía diabética,COL10,M,13,RANGO ETARIO Y SEXO - 30 a 34 años - Hombres,RANGO ETARIO Y SEXO,30 a 34 años,Hombres,,,"['RANGO ETARIO Y SEXO', '30 a 34 años', 'Hombres']",73
P4,C,VARIABLES DE SEGUIMIENTO DEL PSCV AL CORTE,P4302102,Retinopatía diabética,COL11,N,14,RANGO ETARIO Y SEXO - 30 a 34 años - Mujeres,RANGO ETARIO Y SEXO,30 a 34 años,Mujeres,,,"['RANGO ETARIO Y SEXO', '30 a 34 años', 'Mujeres']",73
P4,C,VARIABLES DE SEGUIMIENTO DEL PSCV AL CORTE,P4302102,Retinopatía diabética,COL12,O,15,RANGO ETARIO Y SEXO - 35 a 39 años - Hombres,RANGO ETARIO Y SEXO,35 a 39 años,Hombres,,,"['RANGO ETARIO Y SEXO', '35 a 39 años', 'Hombres']",73
P4,C,VARIABLES DE SEGUIMIENTO DEL PSCV AL CORTE,P4302102,Retinopatía diabética,COL13,P,16,RANGO ETARIO Y SEXO - 35 a 39 años - Mujeres,RANGO ETARIO Y SEXO,35 a 39 años,Mujeres,,,"['RANGO ETARIO Y SEXO', '35 a 39 años', 'Mujeres']",73
P4,C,VARIABLES DE SEGUIMIENTO DEL PSCV AL CORTE,P4302102,Retinopatía diabética,COL14,Q,17,RANGO ETARIO Y SEXO - 40 a 44 años - Hombres,RANGO ETARIO Y SEXO,40 a 44 años,Hombres,,,"['RANGO ETARIO Y SEXO', '40 a 44 años', 'Hombres']",73
P4,C,VARIABLES DE SEGUIMIENTO DEL PSCV AL CORTE,P4302102,Retinopatía diabética,COL15,R,18,RANGO ETARIO Y SEXO - 40 a 44 años - Mujeres,RANGO ETARIO Y SEXO,40 a 44 años,Mujeres,,,"['RANGO ETARIO Y SEXO', '40 a 44 años', 'Mujeres']",73
P4,C,VARIABLES DE SEGUIMIENTO DEL PSCV AL CORTE,P4302102,Retinopatía diabética,COL16,S,19,RANGO ETARIO Y SEXO - 45 a 49 años - Hombres,RANGO ETARIO Y SEXO,45 a 49 años,Hombres,,,"['RANGO ETARIO Y SEXO', '45 a 49 años', 'Hombres']",73
P4,C,VARIABLES DE SEGUIMIENTO DEL PSCV AL CORTE,P4302102,Retinopatía diabética,COL17,T,20,RANGO ETARIO Y SEXO - 45 a 49 años - Mujeres,RANGO ETARIO Y SEXO,45 a 49 años,Mujeres,,,"['RANGO ETARIO Y SEXO', '45 a 49 años', 'Mujeres']",73
P4,C,VARIABLES DE SEGUIMIENTO DEL PSCV AL CORTE,P4302102,Retinopatía diabética,COL18,U,21,RANGO ETARIO Y SEXO - 50 a 54 años - Hombres,RANGO ETARIO Y SEXO,50 a 54 años,Hombres,,,"['RANGO ETARIO Y SEXO', '50 a 54 años', 'Hombres']",73
P4,C,VARIABLES DE SEGUIMIENTO DEL PSCV AL CORTE,P4302102,Retinopatía diabética,COL19,V,22,RANGO ETARIO Y SEXO - 50 a 54 años - Mujeres,RANGO ETARIO Y SEXO,50 a 54 años,Mujeres,,,"['RANGO ETARIO Y SEXO', '50 a 54 años', 'Mujeres']",73
P4,C,VARIABLES DE SEGUIMIENTO DEL PSCV AL CORTE,P4302102,Retinopatía diabética,COL20,W,23,RANGO ETARIO Y SEXO - 55 a 59 años - Hombres,RANGO ETARIO Y SEXO,55 a 59 años,Hombres,,,"['RANGO ETARIO Y SEXO', '55 a 59 años', 'Hombres']",73
P4,C,VARIABLES DE SEGUIMIENTO DEL PSCV AL CORTE,P4302102,Retinopatía diabética,COL21,X,24,RANGO ETARIO Y SEXO - 55 a 59 años - Mujeres,RANGO ETARIO Y SEXO,55 a 59 años,Mujeres,,,"['RANGO ETARIO Y SEXO', '55 a 59 años', 'Mujeres']",73
P4,C,VARIABLES DE SEGUIMIENTO DEL PSCV AL CORTE,P4302102,Retinopatía diabética,COL22,Y,25,RANGO ETARIO Y SEXO - 60 a 64 años - Hombres,RANGO ETARIO Y SEXO,60 a 64 años,Hombres,,,"['RANGO ETARIO Y SEXO', '60 a 64 años', 'Hombres']",73
P4,C,VARIABLES DE SEGUIMIENTO DEL PSCV AL CORTE,P4302102,Retinopatía diabética,COL23,Z,26,RANGO ETARIO Y SEXO - 60 a 64 años - Mujeres,RANGO ETARIO Y SEXO,60 a 64 años,Mujeres,,,"['RANGO ETARIO Y SEXO', '60 a 64 años', 'Mujeres']",73
P4,C,VARIABLES DE SEGUIMIENTO DEL PSCV AL CORTE,P4302102,Retinopatía diabética,COL24,AA,27,RANGO ETARIO Y SEXO - 65 a 69 años - Hombres,RANGO ETARIO Y SEXO,65 a 69 años,Hombres,,,"['RANGO ETARIO Y SEXO', '65 a 69 años', 'Hombres']",73
P4,C,VARIABLES DE SEGUIMIENTO DEL PSCV AL CORTE,P4302102,Retinopatía diabética,COL25,AB,28,RANGO ETARIO Y SEXO - 65 a 69 años - Mujeres,RANGO ETARIO Y SEXO,65 a 69 años,Mujeres,,,"['RANGO ETARIO Y SEXO', '65 a 69 años', 'Mujeres']",73
P4,C,VARIABLES DE SEGUIMIENTO DEL PSCV AL CORTE,P4302102,Retinopatía diabética,COL26,AC,29,RANGO ETARIO Y SEXO - 70 a 74 años - Hombres,RANGO ETARIO Y SEXO,70 a 74 años,Hombres,,,"['RANGO ETARIO Y SEXO', '70 a 74 años', 'Hombres']",73
P4,C,VARIABLES DE SEGUIMIENTO DEL PSCV AL CORTE,P4302102,Retinopatía diabética,COL27,AD,30,RANGO ETARIO Y SEXO - 70 a 74 años - Mujeres,RANGO ETARIO Y SEXO,70 a 74 años,Mujeres,,,"['RANGO ETARIO Y SEXO', '70 a 74 años', 'Mujeres']",73
P4,C,VARIABLES DE SEGUIMIENTO DEL PSCV AL CORTE,P4302102,Retinopatía diabética,COL28,AE,31,RANGO ETARIO Y SEXO - 75 a 79 años - Hombres,RANGO ETARIO Y SEXO,75 a 79 años,Hombres,,,"['RANGO ETARIO Y SEXO', '75 a 79 años', 'Hombres']",73
P4,C,VARIABLES DE SEGUIMIENTO DEL PSCV AL CORTE,P4302102,Retinopatía diabética,COL29,AF,32,RANGO ETARIO Y SEXO - 75 a 79 años - Mujeres,RANGO ETARIO Y SEXO,75 a 79 años,Mujeres,,,"['RANGO ETARIO Y SEXO', '75 a 79 años', 'Mujeres']",73
P4,C,VARIABLES DE SEGUIMIENTO DEL PSCV AL CORTE,P4302102,Retinopatía diabética,COL30,AG,33,RANGO ETARIO Y SEXO - 80 y más años - Hombres,RANGO ETARIO Y SEXO,80 y más años,Hombres,,,"['RANGO ETARIO Y SEXO', '80 y más años', 'Hombres']",73
P4,C,VARIABLES DE SEGUIMIENTO DEL PSCV AL CORTE,P4302102,Retinopatía diabética,COL31,AH,34,RANGO ETARIO Y SEXO - 80 y más años - Mujeres,RANGO ETARIO Y SEXO,80 y más años,Mujeres,,,"['RANGO ETARIO Y SEXO', '80 y más años', 'Mujeres']",73
P4,C,VARIABLES DE SEGUIMIENTO DEL PSCV AL CORTE,P4302102,Retinopatía diabética,COL32,AI,35,Pueblos Originarios - Hombres,Pueblos Originarios,Hombres,,,,"['Pueblos Originarios', 'Hombres']",73
P4,C,VARIABLES DE SEGUIMIENTO DEL PSCV AL CORTE,P4302102,Retinopatía diabética,COL33,AJ,36,Pueblos Originarios - Mujeres,Pueblos Originarios,Mujeres,,,,"['Pueblos Originarios', 'Mujeres']",73
P4,C,VARIABLES DE SEGUIMIENTO DEL PSCV AL CORTE,P4302102,Retinopatía diabética,COL34,AK,37,Migrantes - Hombres,Migrantes,Hombres,,,,"['Migrantes', 'Hombres']",73
P4,C,VARIABLES DE SEGUIMIENTO DEL PSCV AL CORTE,P4302102,Retinopatía diabética,COL35,AL,38,Migrantes - Mujeres,Migrantes,Mujeres,,,,"['Migrantes', 'Mujeres']",73
P4,C,VARIABLES DE SEGUIMIENTO DEL PSCV AL CORTE,P4301080,Con velocidad de filtración glomerular estimada (VFGE) y con razón albúmina creatinina (RAC) vigente,COL01,D,4,TOTAL - Ambos sexos,TOTAL,Ambos sexos,,,,"['TOTAL', 'Ambos sexos']",77
P4,C,VARIABLES DE SEGUIMIENTO DEL PSCV AL CORTE,P4301080,Con velocidad de filtración glomerular estimada (VFGE) y con razón albúmina creatinina (RAC) vigente,COL02,E,5,TOTAL - Hombres,TOTAL,Hombres,,,,"['TOTAL', 'Hombres']",77
P4,C,VARIABLES DE SEGUIMIENTO DEL PSCV AL CORTE,P4301080,Con velocidad de filtración glomerular estimada (VFGE) y con razón albúmina creatinina (RAC) vigente,COL03,F,6,TOTAL - Mujeres,TOTAL,Mujeres,,,,"['TOTAL', 'Mujeres']",77
P4,C,VARIABLES DE SEGUIMIENTO DEL PSCV AL CORTE,P4301080,Con velocidad de filtración glomerular estimada (VFGE) y con razón albúmina creatinina (RAC) vigente,COL04,G,7,RANGO ETARIO Y SEXO - 15 a 19 años - Hombres,RANGO ETARIO Y SEXO,15 a 19 años,Hombres,,,"['RANGO ETARIO Y SEXO', '15 a 19 años', 'Hombres']",77
P4,C,VARIABLES DE SEGUIMIENTO DEL PSCV AL CORTE,P4301080,Con velocidad de filtración glomerular estimada (VFGE) y con razón albúmina creatinina (RAC) vigente,COL05,H,8,RANGO ETARIO Y SEXO - 15 a 19 años - Mujeres,RANGO ETARIO Y SEXO,15 a 19 años,Mujeres,,,"['RANGO ETARIO Y SEXO', '15 a 19 años', 'Mujeres']",77
P4,C,VARIABLES DE SEGUIMIENTO DEL PSCV AL CORTE,P4301080,Con velocidad de filtración glomerular estimada (VFGE) y con razón albúmina creatinina (RAC) vigente,COL06,I,9,RANGO ETARIO Y SEXO - 20 a 24 años - Hombres,RANGO ETARIO Y SEXO,20 a 24 años,Hombres,,,"['RANGO ETARIO Y SEXO', '20 a 24 años', 'Hombres']",77
P4,C,VARIABLES DE SEGUIMIENTO DEL PSCV AL CORTE,P4301080,Con velocidad de filtración glomerular estimada (VFGE) y con razón albúmina creatinina (RAC) vigente,COL07,J,10,RANGO ETARIO Y SEXO - 20 a 24 años - Mujeres,RANGO ETARIO Y SEXO,20 a 24 años,Mujeres,,,"['RANGO ETARIO Y SEXO', '20 a 24 años', 'Mujeres']",77
P4,C,VARIABLES DE SEGUIMIENTO DEL PSCV AL CORTE,P4301080,Con velocidad de filtración glomerular estimada (VFGE) y con razón albúmina creatinina (RAC) vigente,COL08,K,11,RANGO ETARIO Y SEXO - 25 a 29 años - Hombres,RANGO ETARIO Y SEXO,25 a 29 años,Hombres,,,"['RANGO ETARIO Y SEXO', '25 a 29 años', 'Hombres']",77
P4,C,VARIABLES DE SEGUIMIENTO DEL PSCV AL CORTE,P4301080,Con velocidad de filtración glomerular estimada (VFGE) y con razón albúmina creatinina (RAC) vigente,COL09,L,12,RANGO ETARIO Y SEXO - 25 a 29 años - Mujeres,RANGO ETARIO Y SEXO,25 a 29 años,Mujeres,,,"['RANGO ETARIO Y SEXO', '25 a 29 años', 'Mujeres']",77
P4,C,VARIABLES DE SEGUIMIENTO DEL PSCV AL CORTE,P4301080,Con velocidad de filtración glomerular estimada (VFGE) y con razón albúmina creatinina (RAC) vigente,COL10,M,13,RANGO ETARIO Y SEXO - 30 a 34 años - Hombres,RANGO ETARIO Y SEXO,30 a 34 años,Hombres,,,"['RANGO ETARIO Y SEXO', '30 a 34 años', 'Hombres']",77
P4,C,VARIABLES DE SEGUIMIENTO DEL PSCV AL CORTE,P4301080,Con velocidad de filtración glomerular estimada (VFGE) y con razón albúmina creatinina (RAC) vigente,COL11,N,14,RANGO ETARIO Y SEXO - 30 a 34 años - Mujeres,RANGO ETARIO Y SEXO,30 a 34 años,Mujeres,,,"['RANGO ETARIO Y SEXO', '30 a 34 años', 'Mujeres']",77
P4,C,VARIABLES DE SEGUIMIENTO DEL PSCV AL CORTE,P4301080,Con velocidad de filtración glomerular estimada (VFGE) y con razón albúmina creatinina (RAC) vigente,COL12,O,15,RANGO ETARIO Y SEXO - 35 a 39 años - Hombres,RANGO ETARIO Y SEXO,35 a 39 años,Hombres,,,"['RANGO ETARIO Y SEXO', '35 a 39 años', 'Hombres']",77
P4,C,VARIABLES DE SEGUIMIENTO DEL PSCV AL CORTE,P4301080,Con velocidad de filtración glomerular estimada (VFGE) y con razón albúmina creatinina (RAC) vigente,COL13,P,16,RANGO ETARIO Y SEXO - 35 a 39 años - Mujeres,RANGO ETARIO Y SEXO,35 a 39 años,Mujeres,,,"['RANGO ETARIO Y SEXO', '35 a 39 años', 'Mujeres']",77
P4,C,VARIABLES DE SEGUIMIENTO DEL PSCV AL CORTE,P4301080,Con velocidad de filtración glomerular estimada (VFGE) y con razón albúmina creatinina (RAC) vigente,COL14,Q,17,RANGO ETARIO Y SEXO - 40 a 44 años - Hombres,RANGO ETARIO Y SEXO,40 a 44 años,Hombres,,,"['RANGO ETARIO Y SEXO', '40 a 44 años', 'Hombres']",77
P4,C,VARIABLES DE SEGUIMIENTO DEL PSCV AL CORTE,P4301080,Con velocidad de filtración glomerular estimada (VFGE) y con razón albúmina creatinina (RAC) vigente,COL15,R,18,RANGO ETARIO Y SEXO - 40 a 44 años - Mujeres,RANGO ETARIO Y SEXO,40 a 44 años,Mujeres,,,"['RANGO ETARIO Y SEXO', '40 a 44 años', 'Mujeres']",77
P4,C,VARIABLES DE SEGUIMIENTO DEL PSCV AL CORTE,P4301080,Con velocidad de filtración glomerular estimada (VFGE) y con razón albúmina creatinina (RAC) vigente,COL16,S,19,RANGO ETARIO Y SEXO - 45 a 49 años - Hombres,RANGO ETARIO Y SEXO,45 a 49 años,Hombres,,,"['RANGO ETARIO Y SEXO', '45 a 49 años', 'Hombres']",77
P4,C,VARIABLES DE SEGUIMIENTO DEL PSCV AL CORTE,P4301080,Con velocidad de filtración glomerular estimada (VFGE) y con razón albúmina creatinina (RAC) vigente,COL17,T,20,RANGO ETARIO Y SEXO - 45 a 49 años - Mujeres,RANGO ETARIO Y SEXO,45 a 49 años,Mujeres,,,"['RANGO ETARIO Y SEXO', '45 a 49 años', 'Mujeres']",77
P4,C,VARIABLES DE SEGUIMIENTO DEL PSCV AL CORTE,P4301080,Con velocidad de filtración glomerular estimada (VFGE) y con razón albúmina creatinina (RAC) vigente,COL18,U,21,RANGO ETARIO Y SEXO - 50 a 54 años - Hombres,RANGO ETARIO Y SEXO,50 a 54 años,Hombres,,,"['RANGO ETARIO Y SEXO', '50 a 54 años', 'Hombres']",77
P4,C,VARIABLES DE SEGUIMIENTO DEL PSCV AL CORTE,P4301080,Con velocidad de filtración glomerular estimada (VFGE) y con razón albúmina creatinina (RAC) vigente,COL19,V,22,RANGO ETARIO Y SEXO - 50 a 54 años - Mujeres,RANGO ETARIO Y SEXO,50 a 54 años,Mujeres,,,"['RANGO ETARIO Y SEXO', '50 a 54 años', 'Mujeres']",77
P4,C,VARIABLES DE SEGUIMIENTO DEL PSCV AL CORTE,P4301080,Con velocidad de filtración glomerular estimada (VFGE) y con razón albúmina creatinina (RAC) vigente,COL20,W,23,RANGO ETARIO Y SEXO - 55 a 59 años - Hombres,RANGO ETARIO Y SEXO,55 a 59 años,Hombres,,,"['RANGO ETARIO Y SEXO', '55 a 59 años', 'Hombres']",77
P4,C,VARIABLES DE SEGUIMIENTO DEL PSCV AL CORTE,P4301080,Con velocidad de filtración glomerular estimada (VFGE) y con razón albúmina creatinina (RAC) vigente,COL21,X,24,RANGO ETARIO Y SEXO - 55 a 59 años - Mujeres,RANGO ETARIO Y SEXO,55 a 59 años,Mujeres,,,"['RANGO ETARIO Y SEXO', '55 a 59 años', 'Mujeres']",77
P4,C,VARIABLES DE SEGUIMIENTO DEL PSCV AL CORTE,P4301080,Con velocidad de filtración glomerular estimada (VFGE) y con razón albúmina creatinina (RAC) vigente,COL22,Y,25,RANGO ETARIO Y SEXO - 60 a 64 años - Hombres,RANGO ETARIO Y SEXO,60 a 64 años,Hombres,,,"['RANGO ETARIO Y SEXO', '60 a 64 años', 'Hombres']",77
P4,C,VARIABLES DE SEGUIMIENTO DEL PSCV AL CORTE,P4301080,Con velocidad de filtración glomerular estimada (VFGE) y con razón albúmina creatinina (RAC) vigente,COL23,Z,26,RANGO ETARIO Y SEXO - 60 a 64 años - Mujeres,RANGO ETARIO Y SEXO,60 a 64 años,Mujeres,,,"['RANGO ETARIO Y SEXO', '60 a 64 años', 'Mujeres']",77
P4,C,VARIABLES DE SEGUIMIENTO DEL PSCV AL CORTE,P4301080,Con velocidad de filtración glomerular estimada (VFGE) y con razón albúmina creatinina (RAC) vigente,COL24,AA,27,RANGO ETARIO Y SEXO - 65 a 69 años - Hombres,RANGO ETARIO Y SEXO,65 a 69 años,Hombres,,,"['RANGO ETARIO Y SEXO', '65 a 69 años', 'Hombres']",77
P4,C,VARIABLES DE SEGUIMIENTO DEL PSCV AL CORTE,P4301080,Con velocidad de filtración glomerular estimada (VFGE) y con razón albúmina creatinina (RAC) vigente,COL25,AB,28,RANGO ETARIO Y SEXO - 65 a 69 años - Mujeres,RANGO ETARIO Y SEXO,65 a 69 años,Mujeres,,,"['RANGO ETARIO Y SEXO', '65 a 69 años', 'Mujeres']",77
P4,C,VARIABLES DE SEGUIMIENTO DEL PSCV AL CORTE,P4301080,Con velocidad de filtración glomerular estimada (VFGE) y con razón albúmina creatinina (RAC) vigente,COL26,AC,29,RANGO ETARIO Y SEXO - 70 a 74 años - Hombres,RANGO ETARIO Y SEXO,70 a 74 años,Hombres,,,"['RANGO ETARIO Y SEXO', '70 a 74 años', 'Hombres']",77
P4,C,VARIABLES DE SEGUIMIENTO DEL PSCV AL CORTE,P4301080,Con velocidad de filtración glomerular estimada (VFGE) y con razón albúmina creatinina (RAC) vigente,COL27,AD,30,RANGO ETARIO Y SEXO - 70 a 74 años - Mujeres,RANGO ETARIO Y SEXO,70 a 74 años,Mujeres,,,"['RANGO ETARIO Y SEXO', '70 a 74 años', 'Mujeres']",77
P4,C,VARIABLES DE SEGUIMIENTO DEL PSCV AL CORTE,P4301080,Con velocidad de filtración glomerular estimada (VFGE) y con razón albúmina creatinina (RAC) vigente,COL28,AE,31,RANGO ETARIO Y SEXO - 75 a 79 años - Hombres,RANGO ETARIO Y SEXO,75 a 79 años,Hombres,,,"['RANGO ETARIO Y SEXO', '75 a 79 años', 'Hombres']",77
P4,C,VARIABLES DE SEGUIMIENTO DEL PSCV AL CORTE,P4301080,Con velocidad de filtración glomerular estimada (VFGE) y con razón albúmina creatinina (RAC) vigente,COL29,AF,32,RANGO ETARIO Y SEXO - 75 a 79 años - Mujeres,RANGO ETARIO Y SEXO,75 a 79 años,Mujeres,,,"['RANGO ETARIO Y SEXO', '75 a 79 años', 'Mujeres']",77
P4,C,VARIABLES DE SEGUIMIENTO DEL PSCV AL CORTE,P4301080,Con velocidad de filtración glomerular estimada (VFGE) y con razón albúmina creatinina (RAC) vigente,COL30,AG,33,RANGO ETARIO Y SEXO - 80 y más años - Hombres,RANGO ETARIO Y SEXO,80 y más años,Hombres,,,"['RANGO ETARIO Y SEXO', '80 y más años', 'Hombres']",77
P4,C,VARIABLES DE SEGUIMIENTO DEL PSCV AL CORTE,P4301080,Con velocidad de filtración glomerular estimada (VFGE) y con razón albúmina creatinina (RAC) vigente,COL31,AH,34,RANGO ETARIO Y SEXO - 80 y más años - Mujeres,RANGO ETARIO Y SEXO,80 y más años,Mujeres,,,"['RANGO ETARIO Y SEXO', '80 y más años', 'Mujeres']",77
P4,C,VARIABLES DE SEGUIMIENTO DEL PSCV AL CORTE,P4301080,Con velocidad de filtración glomerular estimada (VFGE) y con razón albúmina creatinina (RAC) vigente,COL32,AI,35,Pueblos Originarios - Hombres,Pueblos Originarios,Hombres,,,,"['Pueblos Originarios', 'Hombres']",77
P4,C,VARIABLES DE SEGUIMIENTO DEL PSCV AL CORTE,P4301080,Con velocidad de filtración glomerular estimada (VFGE) y con razón albúmina creatinina (RAC) vigente,COL33,AJ,36,Pueblos Originarios - Mujeres,Pueblos Originarios,Mujeres,,,,"['Pueblos Originarios', 'Mujeres']",77
P4,C,VARIABLES DE SEGUIMIENTO DEL PSCV AL CORTE,P4301080,Con velocidad de filtración glomerular estimada (VFGE) y con razón albúmina creatinina (RAC) vigente,COL34,AK,37,Migrantes - Hombres,Migrantes,Hombres,,,,"['Migrantes', 'Hombres']",77
P4,C,VARIABLES DE SEGUIMIENTO DEL PSCV AL CORTE,P4301080,Con velocidad de filtración glomerular estimada (VFGE) y con razón albúmina creatinina (RAC) vigente,COL35,AL,38,Migrantes - Mujeres,Migrantes,Mujeres,,,,"['Migrantes', 'Mujeres']",77
P4,C,VARIABLES DE SEGUIMIENTO DEL PSCV AL CORTE,P4200400,Con presión arterial igual o mayor 160/100 MMHG,COL01,D,4,TOTAL - Ambos sexos,TOTAL,Ambos sexos,,,,"['TOTAL', 'Ambos sexos']",78
P4,C,VARIABLES DE SEGUIMIENTO DEL PSCV AL CORTE,P4200400,Con presión arterial igual o mayor 160/100 MMHG,COL02,E,5,TOTAL - Hombres,TOTAL,Hombres,,,,"['TOTAL', 'Hombres']",78
P4,C,VARIABLES DE SEGUIMIENTO DEL PSCV AL CORTE,P4200400,Con presión arterial igual o mayor 160/100 MMHG,COL03,F,6,TOTAL - Mujeres,TOTAL,Mujeres,,,,"['TOTAL', 'Mujeres']",78
P4,C,VARIABLES DE SEGUIMIENTO DEL PSCV AL CORTE,P4200400,Con presión arterial igual o mayor 160/100 MMHG,COL04,G,7,RANGO ETARIO Y SEXO - 15 a 19 años - Hombres,RANGO ETARIO Y SEXO,15 a 19 años,Hombres,,,"['RANGO ETARIO Y SEXO', '15 a 19 años', 'Hombres']",78
P4,C,VARIABLES DE SEGUIMIENTO DEL PSCV AL CORTE,P4200400,Con presión arterial igual o mayor 160/100 MMHG,COL05,H,8,RANGO ETARIO Y SEXO - 15 a 19 años - Mujeres,RANGO ETARIO Y SEXO,15 a 19 años,Mujeres,,,"['RANGO ETARIO Y SEXO', '15 a 19 años', 'Mujeres']",78
P4,C,VARIABLES DE SEGUIMIENTO DEL PSCV AL CORTE,P4200400,Con presión arterial igual o mayor 160/100 MMHG,COL06,I,9,RANGO ETARIO Y SEXO - 20 a 24 años - Hombres,RANGO ETARIO Y SEXO,20 a 24 años,Hombres,,,"['RANGO ETARIO Y SEXO', '20 a 24 años', 'Hombres']",78
P4,C,VARIABLES DE SEGUIMIENTO DEL PSCV AL CORTE,P4200400,Con presión arterial igual o mayor 160/100 MMHG,COL07,J,10,RANGO ETARIO Y SEXO - 20 a 24 años - Mujeres,RANGO ETARIO Y SEXO,20 a 24 años,Mujeres,,,"['RANGO ETARIO Y SEXO', '20 a 24 años', 'Mujeres']",78
P4,C,VARIABLES DE SEGUIMIENTO DEL PSCV AL CORTE,P4200400,Con presión arterial igual o mayor 160/100 MMHG,COL08,K,11,RANGO ETARIO Y SEXO - 25 a 29 años - Hombres,RANGO ETARIO Y SEXO,25 a 29 años,Hombres,,,"['RANGO ETARIO Y SEXO', '25 a 29 años', 'Hombres']",78
P4,C,VARIABLES DE SEGUIMIENTO DEL PSCV AL CORTE,P4200400,Con presión arterial igual o mayor 160/100 MMHG,COL09,L,12,RANGO ETARIO Y SEXO - 25 a 29 años - Mujeres,RANGO ETARIO Y SEXO,25 a 29 años,Mujeres,,,"['RANGO ETARIO Y SEXO', '25 a 29 años', 'Mujeres']",78
P4,C,VARIABLES DE SEGUIMIENTO DEL PSCV AL CORTE,P4200400,Con presión arterial igual o mayor 160/100 MMHG,COL10,M,13,RANGO ETARIO Y SEXO - 30 a 34 años - Hombres,RANGO ETARIO Y SEXO,30 a 34 años,Hombres,,,"['RANGO ETARIO Y SEXO', '30 a 34 años', 'Hombres']",78
P4,C,VARIABLES DE SEGUIMIENTO DEL PSCV AL CORTE,P4200400,Con presión arterial igual o mayor 160/100 MMHG,COL11,N,14,RANGO ETARIO Y SEXO - 30 a 34 años - Mujeres,RANGO ETARIO Y SEXO,30 a 34 años,Mujeres,,,"['RANGO ETARIO Y SEXO', '30 a 34 años', 'Mujeres']",78
P4,C,VARIABLES DE SEGUIMIENTO DEL PSCV AL CORTE,P4200400,Con presión arterial igual o mayor 160/100 MMHG,COL12,O,15,RANGO ETARIO Y SEXO - 35 a 39 años - Hombres,RANGO ETARIO Y SEXO,35 a 39 años,Hombres,,,"['RANGO ETARIO Y SEXO', '35 a 39 años', 'Hombres']",78
P4,C,VARIABLES DE SEGUIMIENTO DEL PSCV AL CORTE,P4200400,Con presión arterial igual o mayor 160/100 MMHG,COL13,P,16,RANGO ETARIO Y SEXO - 35 a 39 años - Mujeres,RANGO ETARIO Y SEXO,35 a 39 años,Mujeres,,,"['RANGO ETARIO Y SEXO', '35 a 39 años', 'Mujeres']",78
P4,C,VARIABLES DE SEGUIMIENTO DEL PSCV AL CORTE,P4200400,Con presión arterial igual o mayor 160/100 MMHG,COL14,Q,17,RANGO ETARIO Y SEXO - 40 a 44 años - Hombres,RANGO ETARIO Y SEXO,40 a 44 años,Hombres,,,"['RANGO ETARIO Y SEXO', '40 a 44 años', 'Hombres']",78
P4,C,VARIABLES DE SEGUIMIENTO DEL PSCV AL CORTE,P4200400,Con presión arterial igual o mayor 160/100 MMHG,COL15,R,18,RANGO ETARIO Y SEXO - 40 a 44 años - Mujeres,RANGO ETARIO Y SEXO,40 a 44 años,Mujeres,,,"['RANGO ETARIO Y SEXO', '40 a 44 años', 'Mujeres']",78
P4,C,VARIABLES DE SEGUIMIENTO DEL PSCV AL CORTE,P4200400,Con presión arterial igual o mayor 160/100 MMHG,COL16,S,19,RANGO ETARIO Y SEXO - 45 a 49 años - Hombres,RANGO ETARIO Y SEXO,45 a 49 años,Hombres,,,"['RANGO ETARIO Y SEXO', '45 a 49 años', 'Hombres']",78
P4,C,VARIABLES DE SEGUIMIENTO DEL PSCV AL CORTE,P4200400,Con presión arterial igual o mayor 160/100 MMHG,COL17,T,20,RANGO ETARIO Y SEXO - 45 a 49 años - Mujeres,RANGO ETARIO Y SEXO,45 a 49 años,Mujeres,,,"['RANGO ETARIO Y SEXO', '45 a 49 años', 'Mujeres']",78
P4,C,VARIABLES DE SEGUIMIENTO DEL PSCV AL CORTE,P4200400,Con presión arterial igual o mayor 160/100 MMHG,COL18,U,21,RANGO ETARIO Y SEXO - 50 a 54 años - Hombres,RANGO ETARIO Y SEXO,50 a 54 años,Hombres,,,"['RANGO ETARIO Y SEXO', '50 a 54 años', 'Hombres']",78
P4,C,VARIABLES DE SEGUIMIENTO DEL PSCV AL CORTE,P4200400,Con presión arterial igual o mayor 160/100 MMHG,COL19,V,22,RANGO ETARIO Y SEXO - 50 a 54 años - Mujeres,RANGO ETARIO Y SEXO,50 a 54 años,Mujeres,,,"['RANGO ETARIO Y SEXO', '50 a 54 años', 'Mujeres']",78
P4,C,VARIABLES DE SEGUIMIENTO DEL PSCV AL CORTE,P4200400,Con presión arterial igual o mayor 160/100 MMHG,COL20,W,23,RANGO ETARIO Y SEXO - 55 a 59 años - Hombres,RANGO ETARIO Y SEXO,55 a 59 años,Hombres,,,"['RANGO ETARIO Y SEXO', '55 a 59 años', 'Hombres']",78
P4,C,VARIABLES DE SEGUIMIENTO DEL PSCV AL CORTE,P4200400,Con presión arterial igual o mayor 160/100 MMHG,COL21,X,24,RANGO ETARIO Y SEXO - 55 a 59 años - Mujeres,RANGO ETARIO Y SEXO,55 a 59 años,Mujeres,,,"['RANGO ETARIO Y SEXO', '55 a 59 años', 'Mujeres']",78
P4,C,VARIABLES DE SEGUIMIENTO DEL PSCV AL CORTE,P4200400,Con presión arterial igual o mayor 160/100 MMHG,COL22,Y,25,RANGO ETARIO Y SEXO - 60 a 64 años - Hombres,RANGO ETARIO Y SEXO,60 a 64 años,Hombres,,,"['RANGO ETARIO Y SEXO', '60 a 64 años', 'Hombres']",78
P4,C,VARIABLES DE SEGUIMIENTO DEL PSCV AL CORTE,P4200400,Con presión arterial igual o mayor 160/100 MMHG,COL23,Z,26,RANGO ETARIO Y SEXO - 60 a 64 años - Mujeres,RANGO ETARIO Y SEXO,60 a 64 años,Mujeres,,,"['RANGO ETARIO Y SEXO', '60 a 64 años', 'Mujeres']",78
P4,C,VARIABLES DE SEGUIMIENTO DEL PSCV AL CORTE,P4200400,Con presión arterial igual o mayor 160/100 MMHG,COL24,AA,27,RANGO ETARIO Y SEXO - 65 a 69 años - Hombres,RANGO ETARIO Y SEXO,65 a 69 años,Hombres,,,"['RANGO ETARIO Y SEXO', '65 a 69 años', 'Hombres']",78
P4,C,VARIABLES DE SEGUIMIENTO DEL PSCV AL CORTE,P4200400,Con presión arterial igual o mayor 160/100 MMHG,COL25,AB,28,RANGO ETARIO Y SEXO - 65 a 69 años - Mujeres,RANGO ETARIO Y SEXO,65 a 69 años,Mujeres,,,"['RANGO ETARIO Y SEXO', '65 a 69 años', 'Mujeres']",78
P4,C,VARIABLES DE SEGUIMIENTO DEL PSCV AL CORTE,P4200400,Con presión arterial igual o mayor 160/100 MMHG,COL26,AC,29,RANGO ETARIO Y SEXO - 70 a 74 años - Hombres,RANGO ETARIO Y SEXO,70 a 74 años,Hombres,,,"['RANGO ETARIO Y SEXO', '70 a 74 años', 'Hombres']",78
P4,C,VARIABLES DE SEGUIMIENTO DEL PSCV AL CORTE,P4200400,Con presión arterial igual o mayor 160/100 MMHG,COL27,AD,30,RANGO ETARIO Y SEXO - 70 a 74 años - Mujeres,RANGO ETARIO Y SEXO,70 a 74 años,Mujeres,,,"['RANGO ETARIO Y SEXO', '70 a 74 años', 'Mujeres']",78
P4,C,VARIABLES DE SEGUIMIENTO DEL PSCV AL CORTE,P4200400,Con presión arterial igual o mayor 160/100 MMHG,COL28,AE,31,RANGO ETARIO Y SEXO - 75 a 79 años - Hombres,RANGO ETARIO Y SEXO,75 a 79 años,Hombres,,,"['RANGO ETARIO Y SEXO', '75 a 79 años', 'Hombres']",78
P4,C,VARIABLES DE SEGUIMIENTO DEL PSCV AL CORTE,P4200400,Con presión arterial igual o mayor 160/100 MMHG,COL29,AF,32,RANGO ETARIO Y SEXO - 75 a 79 años - Mujeres,RANGO ETARIO Y SEXO,75 a 79 años,Mujeres,,,"['RANGO ETARIO Y SEXO', '75 a 79 años', 'Mujeres']",78
P4,C,VARIABLES DE SEGUIMIENTO DEL PSCV AL CORTE,P4200400,Con presión arterial igual o mayor 160/100 MMHG,COL30,AG,33,RANGO ETARIO Y SEXO - 80 y más años - Hombres,RANGO ETARIO Y SEXO,80 y más años,Hombres,,,"['RANGO ETARIO Y SEXO', '80 y más años', 'Hombres']",78
P4,C,VARIABLES DE SEGUIMIENTO DEL PSCV AL CORTE,P4200400,Con presión arterial igual o mayor 160/100 MMHG,COL31,AH,34,RANGO ETARIO Y SEXO - 80 y más años - Mujeres,RANGO ETARIO Y SEXO,80 y más años,Mujeres,,,"['RANGO ETARIO Y SEXO', '80 y más años', 'Mujeres']",78
P4,C,VARIABLES DE SEGUIMIENTO DEL PSCV AL CORTE,P4200400,Con presión arterial igual o mayor 160/100 MMHG,COL32,AI,35,Pueblos Originarios - Hombres,Pueblos Originarios,Hombres,,,,"['Pueblos Originarios', 'Hombres']",78
P4,C,VARIABLES DE SEGUIMIENTO DEL PSCV AL CORTE,P4200400,Con presión arterial igual o mayor 160/100 MMHG,COL33,AJ,36,Pueblos Originarios - Mujeres,Pueblos Originarios,Mujeres,,,,"['Pueblos Originarios', 'Mujeres']",78
P4,C,VARIABLES DE SEGUIMIENTO DEL PSCV AL CORTE,P4200400,Con presión arterial igual o mayor 160/100 MMHG,COL34,AK,37,Migrantes - Hombres,Migrantes,Hombres,,,,"['Migrantes', 'Hombres']",78
P4,C,VARIABLES DE SEGUIMIENTO DEL PSCV AL CORTE,P4200400,Con presión arterial igual o mayor 160/100 MMHG,COL35,AL,38,Migrantes - Mujeres,Migrantes,Mujeres,,,,"['Migrantes', 'Mujeres']",78
